{
    "status": true, 
    "model": {
        "onboarding": null, 
        "tagAncestry": [], 
        "solved_count": 25237, 
        "leaderboard_out_of_sync_message": null, 
        "public_test_cases": true, 
        "checker_program": null, 
        "topics": [
            {
                "slug": "caching", 
                "title": "Caching"
            }
        ], 
        "time_left": null, 
        "updated_at": "2017-07-11T15:42:36.000Z", 
        "author_name": "HackerRank", 
        "has_started": true, 
        "epoch_starttime": null, 
        "has_all_test_cases_public": false, 
        "difficulty_name": "Easy", 
        "require_unlock": true, 
        "body_html": "<div class='challenge_problem_statement'><div class='msB challenge_problem_statement_body'><div class='hackdown-content'><style id=\"MathJax_SVG_styles\">.MathJax_SVG_Display {text-align: center; margin: 1em 0em; position: relative; display: block!important; text-indent: 0; max-width: none; max-height: none; min-width: 0; min-height: 0; width: 100%}\n.MathJax_SVG .MJX-monospace {font-family: monospace}\n.MathJax_SVG .MJX-sans-serif {font-family: sans-serif}\n.MathJax_SVG {display: inline; font-style: normal; font-weight: normal; line-height: normal; font-size: 100%; font-size-adjust: none; text-indent: 0; text-align: left; text-transform: none; letter-spacing: normal; word-spacing: normal; word-wrap: normal; white-space: nowrap; float: none; direction: ltr; max-width: none; max-height: none; min-width: 0; min-height: 0; border: 0; padding: 0; margin: 0}\n.MathJax_SVG * {transition: none; -webkit-transition: none; -moz-transition: none; -ms-transition: none; -o-transition: none}\n.mjx-svg-href {fill: blue; stroke: blue}\n</style><svg style=\"display: none;\"><defs id=\"MathJax_SVG_glyphs\"></defs></svg><p>Numeros, the Artist, had two lists <span style=\"font-size: 100%; display: inline-block;\" class=\"MathJax_SVG\" id=\"MathJax-Element-1-Frame\"><svg xmlns:xlink=\"http://www.w3.org/1999/xlink\" width=\"1.743ex\" height=\"2.176ex\" style=\"vertical-align: -0.338ex;\" viewBox=\"0 -791.3 750.5 936.9\" role=\"img\" focusable=\"false\"><g stroke=\"currentColor\" fill=\"currentColor\" stroke-width=\"0\" transform=\"matrix(1 0 0 -1 0 0)\"><path stroke-width=\"1\" d=\"M208 74Q208 50 254 46Q272 46 272 35Q272 34 270 22Q267 8 264 4T251 0Q249 0 239 0T205 1T141 2Q70 2 50 0H42Q35 7 35 11Q37 38 48 46H62Q132 49 164 96Q170 102 345 401T523 704Q530 716 547 716H555H572Q578 707 578 706L606 383Q634 60 636 57Q641 46 701 46Q726 46 726 36Q726 34 723 22Q720 7 718 4T704 0Q701 0 690 0T651 1T578 2Q484 2 455 0H443Q437 6 437 9T439 27Q443 40 445 43L449 46H469Q523 49 533 63L521 213H283L249 155Q208 86 208 74ZM516 260Q516 271 504 416T490 562L463 519Q447 492 400 412L310 260L413 259Q516 259 516 260Z\"></path></g></svg></span> and <span style=\"font-size: 100%; display: inline-block;\" class=\"MathJax_SVG\" id=\"MathJax-Element-2-Frame\"><svg xmlns:xlink=\"http://www.w3.org/1999/xlink\" width=\"1.764ex\" height=\"2.176ex\" style=\"vertical-align: -0.338ex;\" viewBox=\"0 -791.3 759.5 936.9\" role=\"img\" focusable=\"false\"><g stroke=\"currentColor\" fill=\"currentColor\" stroke-width=\"0\" transform=\"matrix(1 0 0 -1 0 0)\"><path stroke-width=\"1\" d=\"M231 637Q204 637 199 638T194 649Q194 676 205 682Q206 683 335 683Q594 683 608 681Q671 671 713 636T756 544Q756 480 698 429T565 360L555 357Q619 348 660 311T702 219Q702 146 630 78T453 1Q446 0 242 0Q42 0 39 2Q35 5 35 10Q35 17 37 24Q42 43 47 45Q51 46 62 46H68Q95 46 128 49Q142 52 147 61Q150 65 219 339T288 628Q288 635 231 637ZM649 544Q649 574 634 600T585 634Q578 636 493 637Q473 637 451 637T416 636H403Q388 635 384 626Q382 622 352 506Q352 503 351 500L320 374H401Q482 374 494 376Q554 386 601 434T649 544ZM595 229Q595 273 572 302T512 336Q506 337 429 337Q311 337 310 336Q310 334 293 263T258 122L240 52Q240 48 252 48T333 46Q422 46 429 47Q491 54 543 105T595 229Z\"></path></g></svg></span>, such that <span style=\"font-size: 100%; display: inline-block;\" class=\"MathJax_SVG\" id=\"MathJax-Element-3-Frame\"><svg xmlns:xlink=\"http://www.w3.org/1999/xlink\" width=\"1.764ex\" height=\"2.176ex\" style=\"vertical-align: -0.338ex;\" viewBox=\"0 -791.3 759.5 936.9\" role=\"img\" focusable=\"false\"><g stroke=\"currentColor\" fill=\"currentColor\" stroke-width=\"0\" transform=\"matrix(1 0 0 -1 0 0)\"><path stroke-width=\"1\" d=\"M231 637Q204 637 199 638T194 649Q194 676 205 682Q206 683 335 683Q594 683 608 681Q671 671 713 636T756 544Q756 480 698 429T565 360L555 357Q619 348 660 311T702 219Q702 146 630 78T453 1Q446 0 242 0Q42 0 39 2Q35 5 35 10Q35 17 37 24Q42 43 47 45Q51 46 62 46H68Q95 46 128 49Q142 52 147 61Q150 65 219 339T288 628Q288 635 231 637ZM649 544Q649 574 634 600T585 634Q578 636 493 637Q473 637 451 637T416 636H403Q388 635 384 626Q382 622 352 506Q352 503 351 500L320 374H401Q482 374 494 376Q554 386 601 434T649 544ZM595 229Q595 273 572 302T512 336Q506 337 429 337Q311 337 310 336Q310 334 293 263T258 122L240 52Q240 48 252 48T333 46Q422 46 429 47Q491 54 543 105T595 229Z\"></path></g></svg></span> was a permutation of <span style=\"font-size: 100%; display: inline-block;\" class=\"MathJax_SVG\" id=\"MathJax-Element-4-Frame\"><svg xmlns:xlink=\"http://www.w3.org/1999/xlink\" width=\"1.743ex\" height=\"2.176ex\" style=\"vertical-align: -0.338ex;\" viewBox=\"0 -791.3 750.5 936.9\" role=\"img\" focusable=\"false\"><g stroke=\"currentColor\" fill=\"currentColor\" stroke-width=\"0\" transform=\"matrix(1 0 0 -1 0 0)\"><path stroke-width=\"1\" d=\"M208 74Q208 50 254 46Q272 46 272 35Q272 34 270 22Q267 8 264 4T251 0Q249 0 239 0T205 1T141 2Q70 2 50 0H42Q35 7 35 11Q37 38 48 46H62Q132 49 164 96Q170 102 345 401T523 704Q530 716 547 716H555H572Q578 707 578 706L606 383Q634 60 636 57Q641 46 701 46Q726 46 726 36Q726 34 723 22Q720 7 718 4T704 0Q701 0 690 0T651 1T578 2Q484 2 455 0H443Q437 6 437 9T439 27Q443 40 445 43L449 46H469Q523 49 533 63L521 213H283L249 155Q208 86 208 74ZM516 260Q516 271 504 416T490 562L463 519Q447 492 400 412L310 260L413 259Q516 259 516 260Z\"></path></g></svg></span>. Numeros was very proud of these lists. Unfortunately, while transporting them from one exhibition to another, some numbers were left out of <span style=\"font-size: 100%; display: inline-block;\" class=\"MathJax_SVG\" id=\"MathJax-Element-5-Frame\"><svg xmlns:xlink=\"http://www.w3.org/1999/xlink\" width=\"1.743ex\" height=\"2.176ex\" style=\"vertical-align: -0.338ex;\" viewBox=\"0 -791.3 750.5 936.9\" role=\"img\" focusable=\"false\"><g stroke=\"currentColor\" fill=\"currentColor\" stroke-width=\"0\" transform=\"matrix(1 0 0 -1 0 0)\"><path stroke-width=\"1\" d=\"M208 74Q208 50 254 46Q272 46 272 35Q272 34 270 22Q267 8 264 4T251 0Q249 0 239 0T205 1T141 2Q70 2 50 0H42Q35 7 35 11Q37 38 48 46H62Q132 49 164 96Q170 102 345 401T523 704Q530 716 547 716H555H572Q578 707 578 706L606 383Q634 60 636 57Q641 46 701 46Q726 46 726 36Q726 34 723 22Q720 7 718 4T704 0Q701 0 690 0T651 1T578 2Q484 2 455 0H443Q437 6 437 9T439 27Q443 40 445 43L449 46H469Q523 49 533 63L521 213H283L249 155Q208 86 208 74ZM516 260Q516 271 504 416T490 562L463 519Q447 492 400 412L310 260L413 259Q516 259 516 260Z\"></path></g></svg></span>. Can you find the missing numbers?</p>\n\n<p><strong>Notes</strong>  </p>\n\n<ul>\n<li>If a number occurs multiple times in the lists, you must ensure that the frequency of that number in both lists is the same. If that is not the case, then it is also a missing number. </li>\n<li>You have to print all the missing numbers in ascending order. </li>\n<li>Print each missing number once, even if it is missing multiple times. </li>\n<li>The difference between maximum and minimum number in <span style=\"font-size: 100%; display: inline-block;\" class=\"MathJax_SVG\" id=\"MathJax-Element-6-Frame\"><svg xmlns:xlink=\"http://www.w3.org/1999/xlink\" width=\"1.764ex\" height=\"2.176ex\" style=\"vertical-align: -0.338ex;\" viewBox=\"0 -791.3 759.5 936.9\" role=\"img\" focusable=\"false\"><g stroke=\"currentColor\" fill=\"currentColor\" stroke-width=\"0\" transform=\"matrix(1 0 0 -1 0 0)\"><path stroke-width=\"1\" d=\"M231 637Q204 637 199 638T194 649Q194 676 205 682Q206 683 335 683Q594 683 608 681Q671 671 713 636T756 544Q756 480 698 429T565 360L555 357Q619 348 660 311T702 219Q702 146 630 78T453 1Q446 0 242 0Q42 0 39 2Q35 5 35 10Q35 17 37 24Q42 43 47 45Q51 46 62 46H68Q95 46 128 49Q142 52 147 61Q150 65 219 339T288 628Q288 635 231 637ZM649 544Q649 574 634 600T585 634Q578 636 493 637Q473 637 451 637T416 636H403Q388 635 384 626Q382 622 352 506Q352 503 351 500L320 374H401Q482 374 494 376Q554 386 601 434T649 544ZM595 229Q595 273 572 302T512 336Q506 337 429 337Q311 337 310 336Q310 334 293 263T258 122L240 52Q240 48 252 48T333 46Q422 46 429 47Q491 54 543 105T595 229Z\"></path></g></svg></span> is less than or equal to <span style=\"font-size: 100%; display: inline-block;\" class=\"MathJax_SVG\" id=\"MathJax-Element-7-Frame\"><svg xmlns:xlink=\"http://www.w3.org/1999/xlink\" width=\"3.487ex\" height=\"2.176ex\" style=\"vertical-align: -0.338ex;\" viewBox=\"0 -791.3 1501.5 936.9\" role=\"img\" focusable=\"false\"><g stroke=\"currentColor\" fill=\"currentColor\" stroke-width=\"0\" transform=\"matrix(1 0 0 -1 0 0)\"><path stroke-width=\"1\" d=\"M213 578L200 573Q186 568 160 563T102 556H83V602H102Q149 604 189 617T245 641T273 663Q275 666 285 666Q294 666 302 660V361L303 61Q310 54 315 52T339 48T401 46H427V0H416Q395 3 257 3Q121 3 100 0H88V46H114Q136 46 152 46T177 47T193 50T201 52T207 57T213 61V578Z\"></path><path stroke-width=\"1\" d=\"M96 585Q152 666 249 666Q297 666 345 640T423 548Q460 465 460 320Q460 165 417 83Q397 41 362 16T301 -15T250 -22Q224 -22 198 -16T137 16T82 83Q39 165 39 320Q39 494 96 585ZM321 597Q291 629 250 629Q208 629 178 597Q153 571 145 525T137 333Q137 175 145 125T181 46Q209 16 250 16Q290 16 318 46Q347 76 354 130T362 333Q362 478 354 524T321 597Z\" transform=\"translate(500,0)\"></path><path stroke-width=\"1\" d=\"M96 585Q152 666 249 666Q297 666 345 640T423 548Q460 465 460 320Q460 165 417 83Q397 41 362 16T301 -15T250 -22Q224 -22 198 -16T137 16T82 83Q39 165 39 320Q39 494 96 585ZM321 597Q291 629 250 629Q208 629 178 597Q153 571 145 525T137 333Q137 175 145 125T181 46Q209 16 250 16Q290 16 318 46Q347 76 354 130T362 333Q362 478 354 524T321 597Z\" transform=\"translate(1001,0)\"></path></g></svg></span>.  </li>\n</ul></div></div></div><div class='challenge_input_format'><div class='msB challenge_input_format_title'><p><strong>Input Format</strong></p></div><div class='msB challenge_input_format_body'><div class='hackdown-content'><style id=\"MathJax_SVG_styles\">.MathJax_SVG_Display {text-align: center; margin: 1em 0em; position: relative; display: block!important; text-indent: 0; max-width: none; max-height: none; min-width: 0; min-height: 0; width: 100%}\n.MathJax_SVG .MJX-monospace {font-family: monospace}\n.MathJax_SVG .MJX-sans-serif {font-family: sans-serif}\n.MathJax_SVG {display: inline; font-style: normal; font-weight: normal; line-height: normal; font-size: 100%; font-size-adjust: none; text-indent: 0; text-align: left; text-transform: none; letter-spacing: normal; word-spacing: normal; word-wrap: normal; white-space: nowrap; float: none; direction: ltr; max-width: none; max-height: none; min-width: 0; min-height: 0; border: 0; padding: 0; margin: 0}\n.MathJax_SVG * {transition: none; -webkit-transition: none; -moz-transition: none; -ms-transition: none; -o-transition: none}\n.mjx-svg-href {fill: blue; stroke: blue}\n</style><svg style=\"display: none;\"><defs id=\"MathJax_SVG_glyphs\"></defs></svg><p>There will be four lines of input:</p>\n\n<p><span style=\"font-size: 100%; display: inline-block;\" class=\"MathJax_SVG\" id=\"MathJax-Element-1-Frame\"><svg xmlns:xlink=\"http://www.w3.org/1999/xlink\" width=\"1.395ex\" height=\"1.676ex\" style=\"vertical-align: -0.338ex;\" viewBox=\"0 -576.1 600.5 721.6\" role=\"img\" focusable=\"false\"><g stroke=\"currentColor\" fill=\"currentColor\" stroke-width=\"0\" transform=\"matrix(1 0 0 -1 0 0)\"><path stroke-width=\"1\" d=\"M21 287Q22 293 24 303T36 341T56 388T89 425T135 442Q171 442 195 424T225 390T231 369Q231 367 232 367L243 378Q304 442 382 442Q436 442 469 415T503 336T465 179T427 52Q427 26 444 26Q450 26 453 27Q482 32 505 65T540 145Q542 153 560 153Q580 153 580 145Q580 144 576 130Q568 101 554 73T508 17T439 -10Q392 -10 371 17T350 73Q350 92 386 193T423 345Q423 404 379 404H374Q288 404 229 303L222 291L189 157Q156 26 151 16Q138 -11 108 -11Q95 -11 87 -5T76 7T74 17Q74 30 112 180T152 343Q153 348 153 366Q153 405 129 405Q91 405 66 305Q60 285 60 284Q58 278 41 278H27Q21 284 21 287Z\"></path></g></svg></span> - the size of the first list <br>\n This is followed by <span style=\"font-size: 100%; display: inline-block;\" class=\"MathJax_SVG\" id=\"MathJax-Element-2-Frame\"><svg xmlns:xlink=\"http://www.w3.org/1999/xlink\" width=\"1.395ex\" height=\"1.676ex\" style=\"vertical-align: -0.338ex;\" viewBox=\"0 -576.1 600.5 721.6\" role=\"img\" focusable=\"false\"><g stroke=\"currentColor\" fill=\"currentColor\" stroke-width=\"0\" transform=\"matrix(1 0 0 -1 0 0)\"><path stroke-width=\"1\" d=\"M21 287Q22 293 24 303T36 341T56 388T89 425T135 442Q171 442 195 424T225 390T231 369Q231 367 232 367L243 378Q304 442 382 442Q436 442 469 415T503 336T465 179T427 52Q427 26 444 26Q450 26 453 27Q482 32 505 65T540 145Q542 153 560 153Q580 153 580 145Q580 144 576 130Q568 101 554 73T508 17T439 -10Q392 -10 371 17T350 73Q350 92 386 193T423 345Q423 404 379 404H374Q288 404 229 303L222 291L189 157Q156 26 151 16Q138 -11 108 -11Q95 -11 87 -5T76 7T74 17Q74 30 112 180T152 343Q153 348 153 366Q153 405 129 405Q91 405 66 305Q60 285 60 284Q58 278 41 278H27Q21 284 21 287Z\"></path></g></svg></span> space-separated integers that make up the first list. <br>\n <span style=\"font-size: 100%; display: inline-block;\" class=\"MathJax_SVG\" id=\"MathJax-Element-3-Frame\"><svg xmlns:xlink=\"http://www.w3.org/1999/xlink\" width=\"2.04ex\" height=\"1.676ex\" style=\"vertical-align: -0.338ex;\" viewBox=\"0 -576.1 878.5 721.6\" role=\"img\" focusable=\"false\"><g stroke=\"currentColor\" fill=\"currentColor\" stroke-width=\"0\" transform=\"matrix(1 0 0 -1 0 0)\"><path stroke-width=\"1\" d=\"M21 287Q22 293 24 303T36 341T56 388T88 425T132 442T175 435T205 417T221 395T229 376L231 369Q231 367 232 367L243 378Q303 442 384 442Q401 442 415 440T441 433T460 423T475 411T485 398T493 385T497 373T500 364T502 357L510 367Q573 442 659 442Q713 442 746 415T780 336Q780 285 742 178T704 50Q705 36 709 31T724 26Q752 26 776 56T815 138Q818 149 821 151T837 153Q857 153 857 145Q857 144 853 130Q845 101 831 73T785 17T716 -10Q669 -10 648 17T627 73Q627 92 663 193T700 345Q700 404 656 404H651Q565 404 506 303L499 291L466 157Q433 26 428 16Q415 -11 385 -11Q372 -11 364 -4T353 8T350 18Q350 29 384 161L420 307Q423 322 423 345Q423 404 379 404H374Q288 404 229 303L222 291L189 157Q156 26 151 16Q138 -11 108 -11Q95 -11 87 -5T76 7T74 17Q74 30 112 181Q151 335 151 342Q154 357 154 369Q154 405 129 405Q107 405 92 377T69 316T57 280Q55 278 41 278H27Q21 284 21 287Z\"></path></g></svg></span> - the size of the second list <br>\n This is followed by <span style=\"font-size: 100%; display: inline-block;\" class=\"MathJax_SVG\" id=\"MathJax-Element-4-Frame\"><svg xmlns:xlink=\"http://www.w3.org/1999/xlink\" width=\"2.04ex\" height=\"1.676ex\" style=\"vertical-align: -0.338ex;\" viewBox=\"0 -576.1 878.5 721.6\" role=\"img\" focusable=\"false\"><g stroke=\"currentColor\" fill=\"currentColor\" stroke-width=\"0\" transform=\"matrix(1 0 0 -1 0 0)\"><path stroke-width=\"1\" d=\"M21 287Q22 293 24 303T36 341T56 388T88 425T132 442T175 435T205 417T221 395T229 376L231 369Q231 367 232 367L243 378Q303 442 384 442Q401 442 415 440T441 433T460 423T475 411T485 398T493 385T497 373T500 364T502 357L510 367Q573 442 659 442Q713 442 746 415T780 336Q780 285 742 178T704 50Q705 36 709 31T724 26Q752 26 776 56T815 138Q818 149 821 151T837 153Q857 153 857 145Q857 144 853 130Q845 101 831 73T785 17T716 -10Q669 -10 648 17T627 73Q627 92 663 193T700 345Q700 404 656 404H651Q565 404 506 303L499 291L466 157Q433 26 428 16Q415 -11 385 -11Q372 -11 364 -4T353 8T350 18Q350 29 384 161L420 307Q423 322 423 345Q423 404 379 404H374Q288 404 229 303L222 291L189 157Q156 26 151 16Q138 -11 108 -11Q95 -11 87 -5T76 7T74 17Q74 30 112 181Q151 335 151 342Q154 357 154 369Q154 405 129 405Q107 405 92 377T69 316T57 280Q55 278 41 278H27Q21 284 21 287Z\"></path></g></svg></span> space-separated integers that make up the second list.  </p></div></div></div><div class='challenge_constraints'><div class='msB challenge_constraints_title'><p><strong>Constraints</strong></p></div><div class='msB challenge_constraints_body'><div class='hackdown-content'><style id=\"MathJax_SVG_styles\">.MathJax_SVG_Display {text-align: center; margin: 1em 0em; position: relative; display: block!important; text-indent: 0; max-width: none; max-height: none; min-width: 0; min-height: 0; width: 100%}\n.MathJax_SVG .MJX-monospace {font-family: monospace}\n.MathJax_SVG .MJX-sans-serif {font-family: sans-serif}\n.MathJax_SVG {display: inline; font-style: normal; font-weight: normal; line-height: normal; font-size: 100%; font-size-adjust: none; text-indent: 0; text-align: left; text-transform: none; letter-spacing: normal; word-spacing: normal; word-wrap: normal; white-space: nowrap; float: none; direction: ltr; max-width: none; max-height: none; min-width: 0; min-height: 0; border: 0; padding: 0; margin: 0}\n.MathJax_SVG * {transition: none; -webkit-transition: none; -moz-transition: none; -ms-transition: none; -o-transition: none}\n.mjx-svg-href {fill: blue; stroke: blue}\n.MathJax_SVG_LineBox {display: table!important}\n.MathJax_SVG_LineBox span {display: table-cell!important; width: 10000em!important; min-width: 0; max-width: none; padding: 0; border: 0; margin: 0}\n</style><svg style=\"display: none;\"><defs id=\"MathJax_SVG_glyphs\"></defs></svg><ul>\n<li><span style=\"font-size: 100%; display: inline-block;\" class=\"MathJax_SVG\" id=\"MathJax-Element-1-Frame\"><svg xmlns:xlink=\"http://www.w3.org/1999/xlink\" width=\"19.21ex\" height=\"3.009ex\" style=\"vertical-align: -0.671ex;\" viewBox=\"0 -1006.6 8271.1 1295.7\" role=\"img\" focusable=\"false\"><g stroke=\"currentColor\" fill=\"currentColor\" stroke-width=\"0\" transform=\"matrix(1 0 0 -1 0 0)\"><path stroke-width=\"1\" d=\"M213 578L200 573Q186 568 160 563T102 556H83V602H102Q149 604 189 617T245 641T273 663Q275 666 285 666Q294 666 302 660V361L303 61Q310 54 315 52T339 48T401 46H427V0H416Q395 3 257 3Q121 3 100 0H88V46H114Q136 46 152 46T177 47T193 50T201 52T207 57T213 61V578Z\"></path><g transform=\"translate(778,0)\"><path stroke-width=\"1\" d=\"M674 636Q682 636 688 630T694 615T687 601Q686 600 417 472L151 346L399 228Q687 92 691 87Q694 81 694 76Q694 58 676 56H670L382 192Q92 329 90 331Q83 336 83 348Q84 359 96 365Q104 369 382 500T665 634Q669 636 674 636ZM84 -118Q84 -108 99 -98H678Q694 -104 694 -118Q694 -130 679 -138H98Q84 -131 84 -118Z\"></path></g><g transform=\"translate(1834,0)\"><path stroke-width=\"1\" d=\"M21 287Q22 293 24 303T36 341T56 388T89 425T135 442Q171 442 195 424T225 390T231 369Q231 367 232 367L243 378Q304 442 382 442Q436 442 469 415T503 336T465 179T427 52Q427 26 444 26Q450 26 453 27Q482 32 505 65T540 145Q542 153 560 153Q580 153 580 145Q580 144 576 130Q568 101 554 73T508 17T439 -10Q392 -10 371 17T350 73Q350 92 386 193T423 345Q423 404 379 404H374Q288 404 229 303L222 291L189 157Q156 26 151 16Q138 -11 108 -11Q95 -11 87 -5T76 7T74 17Q74 30 112 180T152 343Q153 348 153 366Q153 405 129 405Q91 405 66 305Q60 285 60 284Q58 278 41 278H27Q21 284 21 287Z\"></path></g><g transform=\"translate(2435,0)\"><path stroke-width=\"1\" d=\"M78 35T78 60T94 103T137 121Q165 121 187 96T210 8Q210 -27 201 -60T180 -117T154 -158T130 -185T117 -194Q113 -194 104 -185T95 -172Q95 -168 106 -156T131 -126T157 -76T173 -3V9L172 8Q170 7 167 6T161 3T152 1T140 0Q113 0 96 17Z\"></path></g><g transform=\"translate(2880,0)\"><path stroke-width=\"1\" d=\"M21 287Q22 293 24 303T36 341T56 388T88 425T132 442T175 435T205 417T221 395T229 376L231 369Q231 367 232 367L243 378Q303 442 384 442Q401 442 415 440T441 433T460 423T475 411T485 398T493 385T497 373T500 364T502 357L510 367Q573 442 659 442Q713 442 746 415T780 336Q780 285 742 178T704 50Q705 36 709 31T724 26Q752 26 776 56T815 138Q818 149 821 151T837 153Q857 153 857 145Q857 144 853 130Q845 101 831 73T785 17T716 -10Q669 -10 648 17T627 73Q627 92 663 193T700 345Q700 404 656 404H651Q565 404 506 303L499 291L466 157Q433 26 428 16Q415 -11 385 -11Q372 -11 364 -4T353 8T350 18Q350 29 384 161L420 307Q423 322 423 345Q423 404 379 404H374Q288 404 229 303L222 291L189 157Q156 26 151 16Q138 -11 108 -11Q95 -11 87 -5T76 7T74 17Q74 30 112 181Q151 335 151 342Q154 357 154 369Q154 405 129 405Q107 405 92 377T69 316T57 280Q55 278 41 278H27Q21 284 21 287Z\"></path></g><g transform=\"translate(4036,0)\"><path stroke-width=\"1\" d=\"M674 636Q682 636 688 630T694 615T687 601Q686 600 417 472L151 346L399 228Q687 92 691 87Q694 81 694 76Q694 58 676 56H670L382 192Q92 329 90 331Q83 336 83 348Q84 359 96 365Q104 369 382 500T665 634Q669 636 674 636ZM84 -118Q84 -108 99 -98H678Q694 -104 694 -118Q694 -130 679 -138H98Q84 -131 84 -118Z\"></path></g><g transform=\"translate(5092,0)\"><path stroke-width=\"1\" d=\"M109 429Q82 429 66 447T50 491Q50 562 103 614T235 666Q326 666 387 610T449 465Q449 422 429 383T381 315T301 241Q265 210 201 149L142 93L218 92Q375 92 385 97Q392 99 409 186V189H449V186Q448 183 436 95T421 3V0H50V19V31Q50 38 56 46T86 81Q115 113 136 137Q145 147 170 174T204 211T233 244T261 278T284 308T305 340T320 369T333 401T340 431T343 464Q343 527 309 573T212 619Q179 619 154 602T119 569T109 550Q109 549 114 549Q132 549 151 535T170 489Q170 464 154 447T109 429Z\"></path></g><g transform=\"translate(5815,0)\"><path stroke-width=\"1\" d=\"M630 29Q630 9 609 9Q604 9 587 25T493 118L389 222L284 117Q178 13 175 11Q171 9 168 9Q160 9 154 15T147 29Q147 36 161 51T255 146L359 250L255 354Q174 435 161 449T147 471Q147 480 153 485T168 490Q173 490 175 489Q178 487 284 383L389 278L493 382Q570 459 587 475T609 491Q630 491 630 471Q630 464 620 453T522 355L418 250L522 145Q606 61 618 48T630 29Z\"></path></g><g transform=\"translate(6816,0)\"><path stroke-width=\"1\" d=\"M213 578L200 573Q186 568 160 563T102 556H83V602H102Q149 604 189 617T245 641T273 663Q275 666 285 666Q294 666 302 660V361L303 61Q310 54 315 52T339 48T401 46H427V0H416Q395 3 257 3Q121 3 100 0H88V46H114Q136 46 152 46T177 47T193 50T201 52T207 57T213 61V578Z\"></path><path stroke-width=\"1\" d=\"M96 585Q152 666 249 666Q297 666 345 640T423 548Q460 465 460 320Q460 165 417 83Q397 41 362 16T301 -15T250 -22Q224 -22 198 -16T137 16T82 83Q39 165 39 320Q39 494 96 585ZM321 597Q291 629 250 629Q208 629 178 597Q153 571 145 525T137 333Q137 175 145 125T181 46Q209 16 250 16Q290 16 318 46Q347 76 354 130T362 333Q362 478 354 524T321 597Z\" transform=\"translate(500,0)\"></path><g transform=\"translate(1001,393)\"><path stroke-width=\"1\" transform=\"scale(0.707)\" d=\"M164 157Q164 133 148 117T109 101H102Q148 22 224 22Q294 22 326 82Q345 115 345 210Q345 313 318 349Q292 382 260 382H254Q176 382 136 314Q132 307 129 306T114 304Q97 304 95 310Q93 314 93 485V614Q93 664 98 664Q100 666 102 666Q103 666 123 658T178 642T253 634Q324 634 389 662Q397 666 402 666Q410 666 410 648V635Q328 538 205 538Q174 538 149 544L139 546V374Q158 388 169 396T205 412T256 420Q337 420 393 355T449 201Q449 109 385 44T229 -22Q148 -22 99 32T50 154Q50 178 61 192T84 210T107 214Q132 214 148 197T164 157Z\"></path></g></g></g></svg></span>  </li>\n<li><span style=\"font-size: 100%; display: inline-block;\" class=\"MathJax_SVG\" id=\"MathJax-Element-2-Frame\"><svg xmlns:xlink=\"http://www.w3.org/1999/xlink\" width=\"6.534ex\" height=\"2.176ex\" style=\"vertical-align: -0.505ex;\" viewBox=\"0 -719.6 2813.1 936.9\" role=\"img\" focusable=\"false\"><g stroke=\"currentColor\" fill=\"currentColor\" stroke-width=\"0\" transform=\"matrix(1 0 0 -1 0 0)\"><path stroke-width=\"1\" d=\"M21 287Q22 293 24 303T36 341T56 388T89 425T135 442Q171 442 195 424T225 390T231 369Q231 367 232 367L243 378Q304 442 382 442Q436 442 469 415T503 336T465 179T427 52Q427 26 444 26Q450 26 453 27Q482 32 505 65T540 145Q542 153 560 153Q580 153 580 145Q580 144 576 130Q568 101 554 73T508 17T439 -10Q392 -10 371 17T350 73Q350 92 386 193T423 345Q423 404 379 404H374Q288 404 229 303L222 291L189 157Q156 26 151 16Q138 -11 108 -11Q95 -11 87 -5T76 7T74 17Q74 30 112 180T152 343Q153 348 153 366Q153 405 129 405Q91 405 66 305Q60 285 60 284Q58 278 41 278H27Q21 284 21 287Z\"></path><g transform=\"translate(878,0)\"><path stroke-width=\"1\" d=\"M674 636Q682 636 688 630T694 615T687 601Q686 600 417 472L151 346L399 228Q687 92 691 87Q694 81 694 76Q694 58 676 56H670L382 192Q92 329 90 331Q83 336 83 348Q84 359 96 365Q104 369 382 500T665 634Q669 636 674 636ZM84 -118Q84 -108 99 -98H678Q694 -104 694 -118Q694 -130 679 -138H98Q84 -131 84 -118Z\"></path></g><g transform=\"translate(1934,0)\"><path stroke-width=\"1\" d=\"M21 287Q22 293 24 303T36 341T56 388T88 425T132 442T175 435T205 417T221 395T229 376L231 369Q231 367 232 367L243 378Q303 442 384 442Q401 442 415 440T441 433T460 423T475 411T485 398T493 385T497 373T500 364T502 357L510 367Q573 442 659 442Q713 442 746 415T780 336Q780 285 742 178T704 50Q705 36 709 31T724 26Q752 26 776 56T815 138Q818 149 821 151T837 153Q857 153 857 145Q857 144 853 130Q845 101 831 73T785 17T716 -10Q669 -10 648 17T627 73Q627 92 663 193T700 345Q700 404 656 404H651Q565 404 506 303L499 291L466 157Q433 26 428 16Q415 -11 385 -11Q372 -11 364 -4T353 8T350 18Q350 29 384 161L420 307Q423 322 423 345Q423 404 379 404H374Q288 404 229 303L222 291L189 157Q156 26 151 16Q138 -11 108 -11Q95 -11 87 -5T76 7T74 17Q74 30 112 181Q151 335 151 342Q154 357 154 369Q154 405 129 405Q107 405 92 377T69 316T57 280Q55 278 41 278H27Q21 284 21 287Z\"></path></g></g></svg></span></li>\n<li><span style=\"font-size: 100%; display: inline-block;\" class=\"MathJax_SVG\" id=\"MathJax-Element-3-Frame\"><svg xmlns:xlink=\"http://www.w3.org/1999/xlink\" width=\"19.036ex\" height=\"3.009ex\" style=\"vertical-align: -0.671ex;\" viewBox=\"0 -1006.6 8196.2 1295.7\" role=\"img\" focusable=\"false\"><g stroke=\"currentColor\" fill=\"currentColor\" stroke-width=\"0\" transform=\"matrix(1 0 0 -1 0 0)\"><path stroke-width=\"1\" d=\"M213 578L200 573Q186 568 160 563T102 556H83V602H102Q149 604 189 617T245 641T273 663Q275 666 285 666Q294 666 302 660V361L303 61Q310 54 315 52T339 48T401 46H427V0H416Q395 3 257 3Q121 3 100 0H88V46H114Q136 46 152 46T177 47T193 50T201 52T207 57T213 61V578Z\"></path><g transform=\"translate(778,0)\"><path stroke-width=\"1\" d=\"M674 636Q682 636 688 630T694 615T687 601Q686 600 417 472L151 346L399 228Q687 92 691 87Q694 81 694 76Q694 58 676 56H670L382 192Q92 329 90 331Q83 336 83 348Q84 359 96 365Q104 369 382 500T665 634Q669 636 674 636ZM84 -118Q84 -108 99 -98H678Q694 -104 694 -118Q694 -130 679 -138H98Q84 -131 84 -118Z\"></path></g><g transform=\"translate(1834,0)\"><path stroke-width=\"1\" d=\"M52 289Q59 331 106 386T222 442Q257 442 286 424T329 379Q371 442 430 442Q467 442 494 420T522 361Q522 332 508 314T481 292T458 288Q439 288 427 299T415 328Q415 374 465 391Q454 404 425 404Q412 404 406 402Q368 386 350 336Q290 115 290 78Q290 50 306 38T341 26Q378 26 414 59T463 140Q466 150 469 151T485 153H489Q504 153 504 145Q504 144 502 134Q486 77 440 33T333 -11Q263 -11 227 52Q186 -10 133 -10H127Q78 -10 57 16T35 71Q35 103 54 123T99 143Q142 143 142 101Q142 81 130 66T107 46T94 41L91 40Q91 39 97 36T113 29T132 26Q168 26 194 71Q203 87 217 139T245 247T261 313Q266 340 266 352Q266 380 251 392T217 404Q177 404 142 372T93 290Q91 281 88 280T72 278H58Q52 284 52 289Z\"></path></g><g transform=\"translate(2684,0)\"><path stroke-width=\"1\" d=\"M674 636Q682 636 688 630T694 615T687 601Q686 600 417 472L151 346L399 228Q687 92 691 87Q694 81 694 76Q694 58 676 56H670L382 192Q92 329 90 331Q83 336 83 348Q84 359 96 365Q104 369 382 500T665 634Q669 636 674 636ZM84 -118Q84 -108 99 -98H678Q694 -104 694 -118Q694 -130 679 -138H98Q84 -131 84 -118Z\"></path></g><g transform=\"translate(3741,0)\"><path stroke-width=\"1\" d=\"M213 578L200 573Q186 568 160 563T102 556H83V602H102Q149 604 189 617T245 641T273 663Q275 666 285 666Q294 666 302 660V361L303 61Q310 54 315 52T339 48T401 46H427V0H416Q395 3 257 3Q121 3 100 0H88V46H114Q136 46 152 46T177 47T193 50T201 52T207 57T213 61V578Z\"></path><path stroke-width=\"1\" d=\"M96 585Q152 666 249 666Q297 666 345 640T423 548Q460 465 460 320Q460 165 417 83Q397 41 362 16T301 -15T250 -22Q224 -22 198 -16T137 16T82 83Q39 165 39 320Q39 494 96 585ZM321 597Q291 629 250 629Q208 629 178 597Q153 571 145 525T137 333Q137 175 145 125T181 46Q209 16 250 16Q290 16 318 46Q347 76 354 130T362 333Q362 478 354 524T321 597Z\" transform=\"translate(500,0)\"></path><g transform=\"translate(1001,393)\"><path stroke-width=\"1\" transform=\"scale(0.707)\" d=\"M462 0Q444 3 333 3Q217 3 199 0H190V46H221Q241 46 248 46T265 48T279 53T286 61Q287 63 287 115V165H28V211L179 442Q332 674 334 675Q336 677 355 677H373L379 671V211H471V165H379V114Q379 73 379 66T385 54Q393 47 442 46H471V0H462ZM293 211V545L74 212L183 211H293Z\"></path></g></g><g transform=\"translate(5196,0)\"><path stroke-width=\"1\" d=\"M78 35T78 60T94 103T137 121Q165 121 187 96T210 8Q210 -27 201 -60T180 -117T154 -158T130 -185T117 -194Q113 -194 104 -185T95 -172Q95 -168 106 -156T131 -126T157 -76T173 -3V9L172 8Q170 7 167 6T161 3T152 1T140 0Q113 0 96 17Z\"></path></g><g transform=\"translate(5641,0)\"><path stroke-width=\"1\" d=\"M52 289Q59 331 106 386T222 442Q257 442 286 424T329 379Q371 442 430 442Q467 442 494 420T522 361Q522 332 508 314T481 292T458 288Q439 288 427 299T415 328Q415 374 465 391Q454 404 425 404Q412 404 406 402Q368 386 350 336Q290 115 290 78Q290 50 306 38T341 26Q378 26 414 59T463 140Q466 150 469 151T485 153H489Q504 153 504 145Q504 144 502 134Q486 77 440 33T333 -11Q263 -11 227 52Q186 -10 133 -10H127Q78 -10 57 16T35 71Q35 103 54 123T99 143Q142 143 142 101Q142 81 130 66T107 46T94 41L91 40Q91 39 97 36T113 29T132 26Q168 26 194 71Q203 87 217 139T245 247T261 313Q266 340 266 352Q266 380 251 392T217 404Q177 404 142 372T93 290Q91 281 88 280T72 278H58Q52 284 52 289Z\"></path></g><g transform=\"translate(6491,0)\"><path stroke-width=\"1\" d=\"M84 250Q84 372 166 450T360 539Q361 539 377 539T419 540T469 540H568Q583 532 583 520Q583 511 570 501L466 500Q355 499 329 494Q280 482 242 458T183 409T147 354T129 306T124 272V270H568Q583 262 583 250T568 230H124V228Q124 207 134 177T167 112T231 48T328 7Q355 1 466 0H570Q583 -10 583 -20Q583 -32 568 -40H471Q464 -40 446 -40T417 -41Q262 -41 172 45Q84 127 84 250Z\"></path></g><g transform=\"translate(7436,0)\"><path stroke-width=\"1\" d=\"M231 637Q204 637 199 638T194 649Q194 676 205 682Q206 683 335 683Q594 683 608 681Q671 671 713 636T756 544Q756 480 698 429T565 360L555 357Q619 348 660 311T702 219Q702 146 630 78T453 1Q446 0 242 0Q42 0 39 2Q35 5 35 10Q35 17 37 24Q42 43 47 45Q51 46 62 46H68Q95 46 128 49Q142 52 147 61Q150 65 219 339T288 628Q288 635 231 637ZM649 544Q649 574 634 600T585 634Q578 636 493 637Q473 637 451 637T416 636H403Q388 635 384 626Q382 622 352 506Q352 503 351 500L320 374H401Q482 374 494 376Q554 386 601 434T649 544ZM595 229Q595 273 572 302T512 336Q506 337 429 337Q311 337 310 336Q310 334 293 263T258 122L240 52Q240 48 252 48T333 46Q422 46 429 47Q491 54 543 105T595 229Z\"></path></g></g></svg></span>  </li>\n<li><span style=\"font-size: 100%; display: inline-block;\" class=\"MathJax_SVG\" id=\"MathJax-Element-4-Frame\"><svg xmlns:xlink=\"http://www.w3.org/1999/xlink\" width=\"22.224ex\" height=\"2.343ex\" style=\"vertical-align: -0.505ex;\" viewBox=\"0 -791.3 9568.5 1008.6\" role=\"img\" focusable=\"false\"><g stroke=\"currentColor\" fill=\"currentColor\" stroke-width=\"0\" transform=\"matrix(1 0 0 -1 0 0)\"><path stroke-width=\"1\" d=\"M42 0H40Q26 0 26 11Q26 15 29 27Q33 41 36 43T55 46Q141 49 190 98Q200 108 306 224T411 342Q302 620 297 625Q288 636 234 637H206Q200 643 200 645T202 664Q206 677 212 683H226Q260 681 347 681Q380 681 408 681T453 682T473 682Q490 682 490 671Q490 670 488 658Q484 643 481 640T465 637Q434 634 411 620L488 426L541 485Q646 598 646 610Q646 628 622 635Q617 635 609 637Q594 637 594 648Q594 650 596 664Q600 677 606 683H618Q619 683 643 683T697 681T738 680Q828 680 837 683H845Q852 676 852 672Q850 647 840 637H824Q790 636 763 628T722 611T698 593L687 584Q687 585 592 480L505 384Q505 383 536 304T601 142T638 56Q648 47 699 46Q734 46 734 37Q734 35 732 23Q728 7 725 4T711 1Q708 1 678 1T589 2Q528 2 496 2T461 1Q444 1 444 10Q444 11 446 25Q448 35 450 39T455 44T464 46T480 47T506 54Q523 62 523 64Q522 64 476 181L429 299Q241 95 236 84Q232 76 232 72Q232 53 261 47Q262 47 267 47T273 46Q276 46 277 46T280 45T283 42T284 35Q284 26 282 19Q279 6 276 4T261 1Q258 1 243 1T201 2T142 2Q64 2 42 0Z\"></path><g transform=\"translate(852,0)\"><path stroke-width=\"1\" d=\"M21 287Q22 293 24 303T36 341T56 388T88 425T132 442T175 435T205 417T221 395T229 376L231 369Q231 367 232 367L243 378Q303 442 384 442Q401 442 415 440T441 433T460 423T475 411T485 398T493 385T497 373T500 364T502 357L510 367Q573 442 659 442Q713 442 746 415T780 336Q780 285 742 178T704 50Q705 36 709 31T724 26Q752 26 776 56T815 138Q818 149 821 151T837 153Q857 153 857 145Q857 144 853 130Q845 101 831 73T785 17T716 -10Q669 -10 648 17T627 73Q627 92 663 193T700 345Q700 404 656 404H651Q565 404 506 303L499 291L466 157Q433 26 428 16Q415 -11 385 -11Q372 -11 364 -4T353 8T350 18Q350 29 384 161L420 307Q423 322 423 345Q423 404 379 404H374Q288 404 229 303L222 291L189 157Q156 26 151 16Q138 -11 108 -11Q95 -11 87 -5T76 7T74 17Q74 30 112 181Q151 335 151 342Q154 357 154 369Q154 405 129 405Q107 405 92 377T69 316T57 280Q55 278 41 278H27Q21 284 21 287Z\"></path></g><g transform=\"translate(1731,0)\"><path stroke-width=\"1\" d=\"M33 157Q33 258 109 349T280 441Q331 441 370 392Q386 422 416 422Q429 422 439 414T449 394Q449 381 412 234T374 68Q374 43 381 35T402 26Q411 27 422 35Q443 55 463 131Q469 151 473 152Q475 153 483 153H487Q506 153 506 144Q506 138 501 117T481 63T449 13Q436 0 417 -8Q409 -10 393 -10Q359 -10 336 5T306 36L300 51Q299 52 296 50Q294 48 292 46Q233 -10 172 -10Q117 -10 75 30T33 157ZM351 328Q351 334 346 350T323 385T277 405Q242 405 210 374T160 293Q131 214 119 129Q119 126 119 118T118 106Q118 61 136 44T179 26Q217 26 254 59T298 110Q300 114 325 217T351 328Z\"></path></g><g transform=\"translate(2260,0)\"><path stroke-width=\"1\" d=\"M52 289Q59 331 106 386T222 442Q257 442 286 424T329 379Q371 442 430 442Q467 442 494 420T522 361Q522 332 508 314T481 292T458 288Q439 288 427 299T415 328Q415 374 465 391Q454 404 425 404Q412 404 406 402Q368 386 350 336Q290 115 290 78Q290 50 306 38T341 26Q378 26 414 59T463 140Q466 150 469 151T485 153H489Q504 153 504 145Q504 144 502 134Q486 77 440 33T333 -11Q263 -11 227 52Q186 -10 133 -10H127Q78 -10 57 16T35 71Q35 103 54 123T99 143Q142 143 142 101Q142 81 130 66T107 46T94 41L91 40Q91 39 97 36T113 29T132 26Q168 26 194 71Q203 87 217 139T245 247T261 313Q266 340 266 352Q266 380 251 392T217 404Q177 404 142 372T93 290Q91 281 88 280T72 278H58Q52 284 52 289Z\"></path></g><g transform=\"translate(3055,0)\"><path stroke-width=\"1\" d=\"M84 237T84 250T98 270H679Q694 262 694 250T679 230H98Q84 237 84 250Z\"></path></g><g transform=\"translate(4055,0)\"><path stroke-width=\"1\" d=\"M42 0H40Q26 0 26 11Q26 15 29 27Q33 41 36 43T55 46Q141 49 190 98Q200 108 306 224T411 342Q302 620 297 625Q288 636 234 637H206Q200 643 200 645T202 664Q206 677 212 683H226Q260 681 347 681Q380 681 408 681T453 682T473 682Q490 682 490 671Q490 670 488 658Q484 643 481 640T465 637Q434 634 411 620L488 426L541 485Q646 598 646 610Q646 628 622 635Q617 635 609 637Q594 637 594 648Q594 650 596 664Q600 677 606 683H618Q619 683 643 683T697 681T738 680Q828 680 837 683H845Q852 676 852 672Q850 647 840 637H824Q790 636 763 628T722 611T698 593L687 584Q687 585 592 480L505 384Q505 383 536 304T601 142T638 56Q648 47 699 46Q734 46 734 37Q734 35 732 23Q728 7 725 4T711 1Q708 1 678 1T589 2Q528 2 496 2T461 1Q444 1 444 10Q444 11 446 25Q448 35 450 39T455 44T464 46T480 47T506 54Q523 62 523 64Q522 64 476 181L429 299Q241 95 236 84Q232 76 232 72Q232 53 261 47Q262 47 267 47T273 46Q276 46 277 46T280 45T283 42T284 35Q284 26 282 19Q279 6 276 4T261 1Q258 1 243 1T201 2T142 2Q64 2 42 0Z\"></path></g><g transform=\"translate(4908,0)\"><path stroke-width=\"1\" d=\"M21 287Q22 293 24 303T36 341T56 388T88 425T132 442T175 435T205 417T221 395T229 376L231 369Q231 367 232 367L243 378Q303 442 384 442Q401 442 415 440T441 433T460 423T475 411T485 398T493 385T497 373T500 364T502 357L510 367Q573 442 659 442Q713 442 746 415T780 336Q780 285 742 178T704 50Q705 36 709 31T724 26Q752 26 776 56T815 138Q818 149 821 151T837 153Q857 153 857 145Q857 144 853 130Q845 101 831 73T785 17T716 -10Q669 -10 648 17T627 73Q627 92 663 193T700 345Q700 404 656 404H651Q565 404 506 303L499 291L466 157Q433 26 428 16Q415 -11 385 -11Q372 -11 364 -4T353 8T350 18Q350 29 384 161L420 307Q423 322 423 345Q423 404 379 404H374Q288 404 229 303L222 291L189 157Q156 26 151 16Q138 -11 108 -11Q95 -11 87 -5T76 7T74 17Q74 30 112 181Q151 335 151 342Q154 357 154 369Q154 405 129 405Q107 405 92 377T69 316T57 280Q55 278 41 278H27Q21 284 21 287Z\"></path></g><g transform=\"translate(5786,0)\"><path stroke-width=\"1\" d=\"M184 600Q184 624 203 642T247 661Q265 661 277 649T290 619Q290 596 270 577T226 557Q211 557 198 567T184 600ZM21 287Q21 295 30 318T54 369T98 420T158 442Q197 442 223 419T250 357Q250 340 236 301T196 196T154 83Q149 61 149 51Q149 26 166 26Q175 26 185 29T208 43T235 78T260 137Q263 149 265 151T282 153Q302 153 302 143Q302 135 293 112T268 61T223 11T161 -11Q129 -11 102 10T74 74Q74 91 79 106T122 220Q160 321 166 341T173 380Q173 404 156 404H154Q124 404 99 371T61 287Q60 286 59 284T58 281T56 279T53 278T49 278T41 278H27Q21 284 21 287Z\"></path></g><g transform=\"translate(6132,0)\"><path stroke-width=\"1\" d=\"M21 287Q22 293 24 303T36 341T56 388T89 425T135 442Q171 442 195 424T225 390T231 369Q231 367 232 367L243 378Q304 442 382 442Q436 442 469 415T503 336T465 179T427 52Q427 26 444 26Q450 26 453 27Q482 32 505 65T540 145Q542 153 560 153Q580 153 580 145Q580 144 576 130Q568 101 554 73T508 17T439 -10Q392 -10 371 17T350 73Q350 92 386 193T423 345Q423 404 379 404H374Q288 404 229 303L222 291L189 157Q156 26 151 16Q138 -11 108 -11Q95 -11 87 -5T76 7T74 17Q74 30 112 180T152 343Q153 348 153 366Q153 405 129 405Q91 405 66 305Q60 285 60 284Q58 278 41 278H27Q21 284 21 287Z\"></path></g><g transform=\"translate(7010,0)\"><path stroke-width=\"1\" d=\"M694 -11T694 -19T688 -33T678 -40Q671 -40 524 29T234 166L90 235Q83 240 83 250Q83 261 91 266Q664 540 678 540Q681 540 687 534T694 519T687 505Q686 504 417 376L151 250L417 124Q686 -4 687 -5Q694 -11 694 -19Z\"></path></g><g transform=\"translate(8066,0)\"><path stroke-width=\"1\" d=\"M213 578L200 573Q186 568 160 563T102 556H83V602H102Q149 604 189 617T245 641T273 663Q275 666 285 666Q294 666 302 660V361L303 61Q310 54 315 52T339 48T401 46H427V0H416Q395 3 257 3Q121 3 100 0H88V46H114Q136 46 152 46T177 47T193 50T201 52T207 57T213 61V578Z\"></path><path stroke-width=\"1\" d=\"M96 585Q152 666 249 666Q297 666 345 640T423 548Q460 465 460 320Q460 165 417 83Q397 41 362 16T301 -15T250 -22Q224 -22 198 -16T137 16T82 83Q39 165 39 320Q39 494 96 585ZM321 597Q291 629 250 629Q208 629 178 597Q153 571 145 525T137 333Q137 175 145 125T181 46Q209 16 250 16Q290 16 318 46Q347 76 354 130T362 333Q362 478 354 524T321 597Z\" transform=\"translate(500,0)\"></path><path stroke-width=\"1\" d=\"M213 578L200 573Q186 568 160 563T102 556H83V602H102Q149 604 189 617T245 641T273 663Q275 666 285 666Q294 666 302 660V361L303 61Q310 54 315 52T339 48T401 46H427V0H416Q395 3 257 3Q121 3 100 0H88V46H114Q136 46 152 46T177 47T193 50T201 52T207 57T213 61V578Z\" transform=\"translate(1001,0)\"></path></g></g></svg></span></li>\n</ul></div></div></div><div class='challenge_output_format'><div class='msB challenge_output_format_title'><p><strong>Output Format</strong></p></div><div class='msB challenge_output_format_body'><div class='hackdown-content'><style id=\"MathJax_SVG_styles\">.MathJax_SVG_Display {text-align: center; margin: 1em 0em; position: relative; display: block!important; text-indent: 0; max-width: none; max-height: none; min-width: 0; min-height: 0; width: 100%}\n.MathJax_SVG .MJX-monospace {font-family: monospace}\n.MathJax_SVG .MJX-sans-serif {font-family: sans-serif}\n.MathJax_SVG {display: inline; font-style: normal; font-weight: normal; line-height: normal; font-size: 100%; font-size-adjust: none; text-indent: 0; text-align: left; text-transform: none; letter-spacing: normal; word-spacing: normal; word-wrap: normal; white-space: nowrap; float: none; direction: ltr; max-width: none; max-height: none; min-width: 0; min-height: 0; border: 0; padding: 0; margin: 0}\n.MathJax_SVG * {transition: none; -webkit-transition: none; -moz-transition: none; -ms-transition: none; -o-transition: none}\n.mjx-svg-href {fill: blue; stroke: blue}\n</style><svg style=\"display: none;\"><defs id=\"MathJax_SVG_glyphs\"></defs></svg><p>Output the missing numbers in ascending order.</p></div></div></div><div class='challenge_sample_input'><div class='msB challenge_sample_input_title'><p><strong>Sample Input</strong></p></div><div class='msB challenge_sample_input_body'><div class='hackdown-content'><style id=\"MathJax_SVG_styles\">.MathJax_SVG_Display {text-align: center; margin: 1em 0em; position: relative; display: block!important; text-indent: 0; max-width: none; max-height: none; min-width: 0; min-height: 0; width: 100%}\n.MathJax_SVG .MJX-monospace {font-family: monospace}\n.MathJax_SVG .MJX-sans-serif {font-family: sans-serif}\n.MathJax_SVG {display: inline; font-style: normal; font-weight: normal; line-height: normal; font-size: 100%; font-size-adjust: none; text-indent: 0; text-align: left; text-transform: none; letter-spacing: normal; word-spacing: normal; word-wrap: normal; white-space: nowrap; float: none; direction: ltr; max-width: none; max-height: none; min-width: 0; min-height: 0; border: 0; padding: 0; margin: 0}\n.MathJax_SVG * {transition: none; -webkit-transition: none; -moz-transition: none; -ms-transition: none; -o-transition: none}\n.mjx-svg-href {fill: blue; stroke: blue}\n</style><svg style=\"display: none;\"><defs id=\"MathJax_SVG_glyphs\"></defs></svg><pre>10\n203 204 205 206 207 208 203 204 205 206\n13\n203 204 204 205 206 207 205 208 203 206 205 206 204\n</pre></div></div></div><div class='challenge_sample_output'><div class='msB challenge_sample_output_title'><p><strong>Sample Output</strong></p></div><div class='msB challenge_sample_output_body'><div class='hackdown-content'><style id=\"MathJax_SVG_styles\">.MathJax_SVG_Display {text-align: center; margin: 1em 0em; position: relative; display: block!important; text-indent: 0; max-width: none; max-height: none; min-width: 0; min-height: 0; width: 100%}\n.MathJax_SVG .MJX-monospace {font-family: monospace}\n.MathJax_SVG .MJX-sans-serif {font-family: sans-serif}\n.MathJax_SVG {display: inline; font-style: normal; font-weight: normal; line-height: normal; font-size: 100%; font-size-adjust: none; text-indent: 0; text-align: left; text-transform: none; letter-spacing: normal; word-spacing: normal; word-wrap: normal; white-space: nowrap; float: none; direction: ltr; max-width: none; max-height: none; min-width: 0; min-height: 0; border: 0; padding: 0; margin: 0}\n.MathJax_SVG * {transition: none; -webkit-transition: none; -moz-transition: none; -ms-transition: none; -o-transition: none}\n.mjx-svg-href {fill: blue; stroke: blue}\n</style><svg style=\"display: none;\"><defs id=\"MathJax_SVG_glyphs\"></defs></svg><pre>204 205 206\n</pre></div></div></div><div class='challenge_explanation'><div class='msB challenge_explanation_title'><p><strong>Explanation</strong></p></div><div class='msB challenge_explanation_body'><div class='hackdown-content'><style id=\"MathJax_SVG_styles\">.MathJax_SVG_Display {text-align: center; margin: 1em 0em; position: relative; display: block!important; text-indent: 0; max-width: none; max-height: none; min-width: 0; min-height: 0; width: 100%}\n.MathJax_SVG .MJX-monospace {font-family: monospace}\n.MathJax_SVG .MJX-sans-serif {font-family: sans-serif}\n.MathJax_SVG {display: inline; font-style: normal; font-weight: normal; line-height: normal; font-size: 100%; font-size-adjust: none; text-indent: 0; text-align: left; text-transform: none; letter-spacing: normal; word-spacing: normal; word-wrap: normal; white-space: nowrap; float: none; direction: ltr; max-width: none; max-height: none; min-width: 0; min-height: 0; border: 0; padding: 0; margin: 0}\n.MathJax_SVG * {transition: none; -webkit-transition: none; -moz-transition: none; -ms-transition: none; -o-transition: none}\n.mjx-svg-href {fill: blue; stroke: blue}\n</style><svg style=\"display: none;\"><defs id=\"MathJax_SVG_glyphs\"></defs></svg><p><span style=\"font-size: 100%; display: inline-block;\" class=\"MathJax_SVG\" id=\"MathJax-Element-1-Frame\"><svg xmlns:xlink=\"http://www.w3.org/1999/xlink\" width=\"3.487ex\" height=\"2.176ex\" style=\"vertical-align: -0.338ex;\" viewBox=\"0 -791.3 1501.5 936.9\" role=\"img\" focusable=\"false\"><g stroke=\"currentColor\" fill=\"currentColor\" stroke-width=\"0\" transform=\"matrix(1 0 0 -1 0 0)\"><path stroke-width=\"1\" d=\"M109 429Q82 429 66 447T50 491Q50 562 103 614T235 666Q326 666 387 610T449 465Q449 422 429 383T381 315T301 241Q265 210 201 149L142 93L218 92Q375 92 385 97Q392 99 409 186V189H449V186Q448 183 436 95T421 3V0H50V19V31Q50 38 56 46T86 81Q115 113 136 137Q145 147 170 174T204 211T233 244T261 278T284 308T305 340T320 369T333 401T340 431T343 464Q343 527 309 573T212 619Q179 619 154 602T119 569T109 550Q109 549 114 549Q132 549 151 535T170 489Q170 464 154 447T109 429Z\"></path><path stroke-width=\"1\" d=\"M96 585Q152 666 249 666Q297 666 345 640T423 548Q460 465 460 320Q460 165 417 83Q397 41 362 16T301 -15T250 -22Q224 -22 198 -16T137 16T82 83Q39 165 39 320Q39 494 96 585ZM321 597Q291 629 250 629Q208 629 178 597Q153 571 145 525T137 333Q137 175 145 125T181 46Q209 16 250 16Q290 16 318 46Q347 76 354 130T362 333Q362 478 354 524T321 597Z\" transform=\"translate(500,0)\"></path><path stroke-width=\"1\" d=\"M462 0Q444 3 333 3Q217 3 199 0H190V46H221Q241 46 248 46T265 48T279 53T286 61Q287 63 287 115V165H28V211L179 442Q332 674 334 675Q336 677 355 677H373L379 671V211H471V165H379V114Q379 73 379 66T385 54Q393 47 442 46H471V0H462ZM293 211V545L74 212L183 211H293Z\" transform=\"translate(1001,0)\"></path></g></svg></span> is present in both arrays. Its frequency in <span style=\"font-size: 100%; display: inline-block;\" class=\"MathJax_SVG\" id=\"MathJax-Element-2-Frame\"><svg xmlns:xlink=\"http://www.w3.org/1999/xlink\" width=\"1.743ex\" height=\"2.176ex\" style=\"vertical-align: -0.338ex;\" viewBox=\"0 -791.3 750.5 936.9\" role=\"img\" focusable=\"false\"><g stroke=\"currentColor\" fill=\"currentColor\" stroke-width=\"0\" transform=\"matrix(1 0 0 -1 0 0)\"><path stroke-width=\"1\" d=\"M208 74Q208 50 254 46Q272 46 272 35Q272 34 270 22Q267 8 264 4T251 0Q249 0 239 0T205 1T141 2Q70 2 50 0H42Q35 7 35 11Q37 38 48 46H62Q132 49 164 96Q170 102 345 401T523 704Q530 716 547 716H555H572Q578 707 578 706L606 383Q634 60 636 57Q641 46 701 46Q726 46 726 36Q726 34 723 22Q720 7 718 4T704 0Q701 0 690 0T651 1T578 2Q484 2 455 0H443Q437 6 437 9T439 27Q443 40 445 43L449 46H469Q523 49 533 63L521 213H283L249 155Q208 86 208 74ZM516 260Q516 271 504 416T490 562L463 519Q447 492 400 412L310 260L413 259Q516 259 516 260Z\"></path></g></svg></span> is <span style=\"font-size: 100%; display: inline-block;\" class=\"MathJax_SVG\" id=\"MathJax-Element-3-Frame\"><svg xmlns:xlink=\"http://www.w3.org/1999/xlink\" width=\"1.162ex\" height=\"2.176ex\" style=\"vertical-align: -0.338ex;\" viewBox=\"0 -791.3 500.5 936.9\" role=\"img\" focusable=\"false\"><g stroke=\"currentColor\" fill=\"currentColor\" stroke-width=\"0\" transform=\"matrix(1 0 0 -1 0 0)\"><path stroke-width=\"1\" d=\"M109 429Q82 429 66 447T50 491Q50 562 103 614T235 666Q326 666 387 610T449 465Q449 422 429 383T381 315T301 241Q265 210 201 149L142 93L218 92Q375 92 385 97Q392 99 409 186V189H449V186Q448 183 436 95T421 3V0H50V19V31Q50 38 56 46T86 81Q115 113 136 137Q145 147 170 174T204 211T233 244T261 278T284 308T305 340T320 369T333 401T340 431T343 464Q343 527 309 573T212 619Q179 619 154 602T119 569T109 550Q109 549 114 549Q132 549 151 535T170 489Q170 464 154 447T109 429Z\"></path></g></svg></span>, while its frequency in <span style=\"font-size: 100%; display: inline-block;\" class=\"MathJax_SVG\" id=\"MathJax-Element-4-Frame\"><svg xmlns:xlink=\"http://www.w3.org/1999/xlink\" width=\"1.764ex\" height=\"2.176ex\" style=\"vertical-align: -0.338ex;\" viewBox=\"0 -791.3 759.5 936.9\" role=\"img\" focusable=\"false\"><g stroke=\"currentColor\" fill=\"currentColor\" stroke-width=\"0\" transform=\"matrix(1 0 0 -1 0 0)\"><path stroke-width=\"1\" d=\"M231 637Q204 637 199 638T194 649Q194 676 205 682Q206 683 335 683Q594 683 608 681Q671 671 713 636T756 544Q756 480 698 429T565 360L555 357Q619 348 660 311T702 219Q702 146 630 78T453 1Q446 0 242 0Q42 0 39 2Q35 5 35 10Q35 17 37 24Q42 43 47 45Q51 46 62 46H68Q95 46 128 49Q142 52 147 61Q150 65 219 339T288 628Q288 635 231 637ZM649 544Q649 574 634 600T585 634Q578 636 493 637Q473 637 451 637T416 636H403Q388 635 384 626Q382 622 352 506Q352 503 351 500L320 374H401Q482 374 494 376Q554 386 601 434T649 544ZM595 229Q595 273 572 302T512 336Q506 337 429 337Q311 337 310 336Q310 334 293 263T258 122L240 52Q240 48 252 48T333 46Q422 46 429 47Q491 54 543 105T595 229Z\"></path></g></svg></span> is <span style=\"font-size: 100%; display: inline-block;\" class=\"MathJax_SVG\" id=\"MathJax-Element-5-Frame\"><svg xmlns:xlink=\"http://www.w3.org/1999/xlink\" width=\"1.162ex\" height=\"2.176ex\" style=\"vertical-align: -0.338ex;\" viewBox=\"0 -791.3 500.5 936.9\" role=\"img\" focusable=\"false\"><g stroke=\"currentColor\" fill=\"currentColor\" stroke-width=\"0\" transform=\"matrix(1 0 0 -1 0 0)\"><path stroke-width=\"1\" d=\"M127 463Q100 463 85 480T69 524Q69 579 117 622T233 665Q268 665 277 664Q351 652 390 611T430 522Q430 470 396 421T302 350L299 348Q299 347 308 345T337 336T375 315Q457 262 457 175Q457 96 395 37T238 -22Q158 -22 100 21T42 130Q42 158 60 175T105 193Q133 193 151 175T169 130Q169 119 166 110T159 94T148 82T136 74T126 70T118 67L114 66Q165 21 238 21Q293 21 321 74Q338 107 338 175V195Q338 290 274 322Q259 328 213 329L171 330L168 332Q166 335 166 348Q166 366 174 366Q202 366 232 371Q266 376 294 413T322 525V533Q322 590 287 612Q265 626 240 626Q208 626 181 615T143 592T132 580H135Q138 579 143 578T153 573T165 566T175 555T183 540T186 520Q186 498 172 481T127 463Z\"></path></g></svg></span>. Similarly, <span style=\"font-size: 100%; display: inline-block;\" class=\"MathJax_SVG\" id=\"MathJax-Element-6-Frame\"><svg xmlns:xlink=\"http://www.w3.org/1999/xlink\" width=\"3.487ex\" height=\"2.176ex\" style=\"vertical-align: -0.338ex;\" viewBox=\"0 -791.3 1501.5 936.9\" role=\"img\" focusable=\"false\"><g stroke=\"currentColor\" fill=\"currentColor\" stroke-width=\"0\" transform=\"matrix(1 0 0 -1 0 0)\"><path stroke-width=\"1\" d=\"M109 429Q82 429 66 447T50 491Q50 562 103 614T235 666Q326 666 387 610T449 465Q449 422 429 383T381 315T301 241Q265 210 201 149L142 93L218 92Q375 92 385 97Q392 99 409 186V189H449V186Q448 183 436 95T421 3V0H50V19V31Q50 38 56 46T86 81Q115 113 136 137Q145 147 170 174T204 211T233 244T261 278T284 308T305 340T320 369T333 401T340 431T343 464Q343 527 309 573T212 619Q179 619 154 602T119 569T109 550Q109 549 114 549Q132 549 151 535T170 489Q170 464 154 447T109 429Z\"></path><path stroke-width=\"1\" d=\"M96 585Q152 666 249 666Q297 666 345 640T423 548Q460 465 460 320Q460 165 417 83Q397 41 362 16T301 -15T250 -22Q224 -22 198 -16T137 16T82 83Q39 165 39 320Q39 494 96 585ZM321 597Q291 629 250 629Q208 629 178 597Q153 571 145 525T137 333Q137 175 145 125T181 46Q209 16 250 16Q290 16 318 46Q347 76 354 130T362 333Q362 478 354 524T321 597Z\" transform=\"translate(500,0)\"></path><path stroke-width=\"1\" d=\"M164 157Q164 133 148 117T109 101H102Q148 22 224 22Q294 22 326 82Q345 115 345 210Q345 313 318 349Q292 382 260 382H254Q176 382 136 314Q132 307 129 306T114 304Q97 304 95 310Q93 314 93 485V614Q93 664 98 664Q100 666 102 666Q103 666 123 658T178 642T253 634Q324 634 389 662Q397 666 402 666Q410 666 410 648V635Q328 538 205 538Q174 538 149 544L139 546V374Q158 388 169 396T205 412T256 420Q337 420 393 355T449 201Q449 109 385 44T229 -22Q148 -22 99 32T50 154Q50 178 61 192T84 210T107 214Q132 214 148 197T164 157Z\" transform=\"translate(1001,0)\"></path></g></svg></span> and <span style=\"font-size: 100%; display: inline-block;\" class=\"MathJax_SVG\" id=\"MathJax-Element-7-Frame\"><svg xmlns:xlink=\"http://www.w3.org/1999/xlink\" width=\"3.487ex\" height=\"2.176ex\" style=\"vertical-align: -0.338ex;\" viewBox=\"0 -791.3 1501.5 936.9\" role=\"img\" focusable=\"false\"><g stroke=\"currentColor\" fill=\"currentColor\" stroke-width=\"0\" transform=\"matrix(1 0 0 -1 0 0)\"><path stroke-width=\"1\" d=\"M109 429Q82 429 66 447T50 491Q50 562 103 614T235 666Q326 666 387 610T449 465Q449 422 429 383T381 315T301 241Q265 210 201 149L142 93L218 92Q375 92 385 97Q392 99 409 186V189H449V186Q448 183 436 95T421 3V0H50V19V31Q50 38 56 46T86 81Q115 113 136 137Q145 147 170 174T204 211T233 244T261 278T284 308T305 340T320 369T333 401T340 431T343 464Q343 527 309 573T212 619Q179 619 154 602T119 569T109 550Q109 549 114 549Q132 549 151 535T170 489Q170 464 154 447T109 429Z\"></path><path stroke-width=\"1\" d=\"M96 585Q152 666 249 666Q297 666 345 640T423 548Q460 465 460 320Q460 165 417 83Q397 41 362 16T301 -15T250 -22Q224 -22 198 -16T137 16T82 83Q39 165 39 320Q39 494 96 585ZM321 597Q291 629 250 629Q208 629 178 597Q153 571 145 525T137 333Q137 175 145 125T181 46Q209 16 250 16Q290 16 318 46Q347 76 354 130T362 333Q362 478 354 524T321 597Z\" transform=\"translate(500,0)\"></path><path stroke-width=\"1\" d=\"M42 313Q42 476 123 571T303 666Q372 666 402 630T432 550Q432 525 418 510T379 495Q356 495 341 509T326 548Q326 592 373 601Q351 623 311 626Q240 626 194 566Q147 500 147 364L148 360Q153 366 156 373Q197 433 263 433H267Q313 433 348 414Q372 400 396 374T435 317Q456 268 456 210V192Q456 169 451 149Q440 90 387 34T253 -22Q225 -22 199 -14T143 16T92 75T56 172T42 313ZM257 397Q227 397 205 380T171 335T154 278T148 216Q148 133 160 97T198 39Q222 21 251 21Q302 21 329 59Q342 77 347 104T352 209Q352 289 347 316T329 361Q302 397 257 397Z\" transform=\"translate(1001,0)\"></path></g></svg></span> occur twice in <span style=\"font-size: 100%; display: inline-block;\" class=\"MathJax_SVG\" id=\"MathJax-Element-8-Frame\"><svg xmlns:xlink=\"http://www.w3.org/1999/xlink\" width=\"1.743ex\" height=\"2.176ex\" style=\"vertical-align: -0.338ex;\" viewBox=\"0 -791.3 750.5 936.9\" role=\"img\" focusable=\"false\"><g stroke=\"currentColor\" fill=\"currentColor\" stroke-width=\"0\" transform=\"matrix(1 0 0 -1 0 0)\"><path stroke-width=\"1\" d=\"M208 74Q208 50 254 46Q272 46 272 35Q272 34 270 22Q267 8 264 4T251 0Q249 0 239 0T205 1T141 2Q70 2 50 0H42Q35 7 35 11Q37 38 48 46H62Q132 49 164 96Q170 102 345 401T523 704Q530 716 547 716H555H572Q578 707 578 706L606 383Q634 60 636 57Q641 46 701 46Q726 46 726 36Q726 34 723 22Q720 7 718 4T704 0Q701 0 690 0T651 1T578 2Q484 2 455 0H443Q437 6 437 9T439 27Q443 40 445 43L449 46H469Q523 49 533 63L521 213H283L249 155Q208 86 208 74ZM516 260Q516 271 504 416T490 562L463 519Q447 492 400 412L310 260L413 259Q516 259 516 260Z\"></path></g></svg></span>, but thrice in <span style=\"font-size: 100%; display: inline-block;\" class=\"MathJax_SVG\" id=\"MathJax-Element-9-Frame\"><svg xmlns:xlink=\"http://www.w3.org/1999/xlink\" width=\"1.764ex\" height=\"2.176ex\" style=\"vertical-align: -0.338ex;\" viewBox=\"0 -791.3 759.5 936.9\" role=\"img\" focusable=\"false\"><g stroke=\"currentColor\" fill=\"currentColor\" stroke-width=\"0\" transform=\"matrix(1 0 0 -1 0 0)\"><path stroke-width=\"1\" d=\"M231 637Q204 637 199 638T194 649Q194 676 205 682Q206 683 335 683Q594 683 608 681Q671 671 713 636T756 544Q756 480 698 429T565 360L555 357Q619 348 660 311T702 219Q702 146 630 78T453 1Q446 0 242 0Q42 0 39 2Q35 5 35 10Q35 17 37 24Q42 43 47 45Q51 46 62 46H68Q95 46 128 49Q142 52 147 61Q150 65 219 339T288 628Q288 635 231 637ZM649 544Q649 574 634 600T585 634Q578 636 493 637Q473 637 451 637T416 636H403Q388 635 384 626Q382 622 352 506Q352 503 351 500L320 374H401Q482 374 494 376Q554 386 601 434T649 544ZM595 229Q595 273 572 302T512 336Q506 337 429 337Q311 337 310 336Q310 334 293 263T258 122L240 52Q240 48 252 48T333 46Q422 46 429 47Q491 54 543 105T595 229Z\"></path></g></svg></span>. So, these three numbers are our output. The rest of the numbers have thesame frequency in both lists.</p></div></div></div>", 
        "hacker": {
            "username": "HackerRank", 
            "is_admin": true, 
            "id": 15055, 
            "avatar": "https://hrcdn.net/s3_pub/hr-avatars/4c95f96b-1ff9-46ed-98f8-cb3cb4ed8834/150x150.png"
        }, 
        "id": 458, 
        "leaderboard_out_of_sync": null, 
        "has_ended": false, 
        "languages": [
            "c", 
            "cpp", 
            "java", 
            "csharp", 
            "php", 
            "ruby", 
            "python", 
            "perl", 
            "haskell", 
            "clojure", 
            "scala", 
            "lua", 
            "go", 
            "javascript", 
            "erlang", 
            "d", 
            "ocaml", 
            "pascal", 
            "python3", 
            "groovy", 
            "objectivec", 
            "fsharp", 
            "visualbasic", 
            "lolcode", 
            "smalltalk", 
            "tcl", 
            "whitespace", 
            "sbcl", 
            "java8", 
            "octave", 
            "racket", 
            "rust", 
            "bash", 
            "r", 
            "swift", 
            "fortran", 
            "cpp14", 
            "coffeescript", 
            "ada", 
            "pypy", 
            "pypy3", 
            "elixir", 
            "kotlin", 
            "julia"
        ], 
        "is_custom": false, 
        "compile_and_test": true, 
        "swift_template": "import Foundation;\n\n// Enter your code here. Read input from STDIN. Print output to STDOUT", 
        "default_language": null, 
        "migrated_resource": null, 
        "submit_disabled": false, 
        "expert_solution_status": false, 
        "can_solve": true, 
        "company_id": null, 
        "custom": false, 
        "can_be_viewed": true, 
        "track": {
            "name": "Search", 
            "taxonomy": 1, 
            "track_slug": "algorithms", 
            "track_id": 3, 
            "track_name": "Algorithms", 
            "id": 36, 
            "rewards_system_enabled": true, 
            "slug": "search"
        }, 
        "primary_contest": {
            "migration_status": null, 
            "contest_broadcast": null, 
            "hacker_timelimit": null, 
            "notification": null, 
            "qualification_rule_value": null, 
            "leaderboard_backend": null, 
            "expose_stats": null, 
            "updated_at": "2016-05-06T21:49:27.000Z", 
            "custom_leaderboard_column_name": null, 
            "organization_type": null, 
            "ended": true, 
            "epoch_starttime": 1386918180, 
            "timezone": "PST", 
            "disable_forum": null, 
            "id": 519, 
            "primary_track_id": null, 
            "limited_participants": null, 
            "school_leaderboard_enabled": false, 
            "time_limited_contest": false, 
            "archived": true, 
            "rated": null, 
            "parent_contest_id": null, 
            "leaderboard_out_of_sync_message": null, 
            "leaderboard_type": "country", 
            "tagline": "Warmup with some our our tricky Data Structure and Algorithm Challenges", 
            "effective_epoch_endtime": 1387364580, 
            "show_participants_info": null, 
            "homepage_background_color": "", 
            "organization_name": null, 
            "track": null, 
            "primary_tag_id": null, 
            "hide_navigation": null, 
            "show_penalty": null, 
            "effective_time_left": -115989972.95433529, 
            "hidden": null, 
            "homepage": "", 
            "public": true, 
            "testers_contest": null, 
            "description": "  For those who'd like to gain some practice with some of the basic Data Structure, Algorithm and careful coding kind of challenges!\nArrays, Maps, Linked Lists, Trees: Here are some of the most popular challenges from our site, wrapped into a fun practice contest for you.", 
            "hide_difficulty": null, 
            "started": true, 
            "time_left": -115989972.94776428, 
            "challenges_count": 11, 
            "qualification_rule_msg": null, 
            "leaderboard_out_of_sync": null, 
            "team_event": false, 
            "disable_fsi": null, 
            "hide_submissions": null, 
            "leaderboard_format": "", 
            "leaderboard_broadcast_message": null, 
            "has_tracks": null, 
            "college_public": null, 
            "endtime": "2013-12-18T11:03:00.000Z", 
            "qualification_rule_type": null, 
            "slug": "algorithms-practice-match-2", 
            "hide_leaderboard": null, 
            "kind": null, 
            "comment_live_sync": null, 
            "name": "Algorithms Practice Match 2", 
            "is_multi_round": false, 
            "created_at": "2013-12-13T05:40:42.000Z", 
            "epoch_endtime": 1387364580, 
            "company_associated_contest": null, 
            "rating_category": null, 
            "has_codesprint_reg_page": null, 
            "starttime": "2013-12-13T07:03:00.000Z", 
            "is_rating_updated": false, 
            "leaderboard_freeze_time": null, 
            "migration_disabled": null, 
            "template_id": 103
        }, 
        "factor": 45, 
        "is_solution_unlocked": false, 
        "preview": "Find the numbers missing from a sequence given a permutation of the original sequence", 
        "is_editorial_available": true, 
        "status": null, 
        "category": "ai", 
        "public_solutions": true, 
        "color": null, 
        "deleted": false, 
        "dynamic": true, 
        "company": null, 
        "moderator_or_support": false, 
        "is_text": false, 
        "solved_score": 0.5, 
        "difficulty_score": "0.222", 
        "difficulty": 0.9, 
        "active": true, 
        "show_skeliton": null, 
        "max_score": 45, 
        "slug": "missing-numbers", 
        "contest_slug": "master", 
        "user_score": 0, 
        "real_dynamic": false, 
        "kind": "code", 
        "player_count": 2, 
        "submitted_hackers_count": 30137, 
        "name": "Missing Numbers", 
        "is_preview_contest": false, 
        "level": 42, 
        "success_ratio": 0.837409164814016, 
        "total_count": 30137, 
        "created_at": "2013-03-08T00:23:35.000Z", 
        "epoch_endtime": null, 
        "judgebot": null, 
        "available_translations": [], 
        "codechecker_handle": "", 
        "countdown_time": 0, 
        "author_avatar": "https://hrcdn.net/s3_pub/hr-avatars/4c95f96b-1ff9-46ed-98f8-cb3cb4ed8834/150x150.png", 
        "custom_tabs": null, 
        "judgebot_language": null, 
        "custom_case": true, 
        "requirements_description": null, 
        "is_skip_band_challenge": false, 
        "custom_checker_language": null
    }
}