{
    "status": true, 
    "model": {
        "onboarding": null, 
        "tagAncestry": [], 
        "solved_count": 306, 
        "leaderboard_out_of_sync_message": null, 
        "public_test_cases": true, 
        "checker_program": null, 
        "topics": [], 
        "time_left": null, 
        "updated_at": "2017-07-11T15:41:39.000Z", 
        "author_name": "HackerRank", 
        "has_started": true, 
        "epoch_starttime": null, 
        "has_all_test_cases_public": false, 
        "difficulty_name": "Hard", 
        "require_unlock": true, 
        "body_html": "<div class='challenge_problem_statement'><div class='msB challenge_problem_statement_body'><div class='hackdown-content'><style id=\"MathJax_SVG_styles\">.MathJax_SVG_Display {text-align: center; margin: 1em 0em; position: relative; display: block!important; text-indent: 0; max-width: none; max-height: none; min-width: 0; min-height: 0; width: 100%}\n.MathJax_SVG .MJX-monospace {font-family: monospace}\n.MathJax_SVG .MJX-sans-serif {font-family: sans-serif}\n.MathJax_SVG {display: inline; font-style: normal; font-weight: normal; line-height: normal; font-size: 100%; font-size-adjust: none; text-indent: 0; text-align: left; text-transform: none; letter-spacing: normal; word-spacing: normal; word-wrap: normal; white-space: nowrap; float: none; direction: ltr; max-width: none; max-height: none; min-width: 0; min-height: 0; border: 0; padding: 0; margin: 0}\n.MathJax_SVG * {transition: none; -webkit-transition: none; -moz-transition: none; -ms-transition: none; -o-transition: none}\n.mjx-svg-href {fill: blue; stroke: blue}\n</style><svg style=\"display: none;\"><defs id=\"MathJax_SVG_glyphs\"></defs></svg><p>You are given a tree that has N vertices and N-1 edges. Your task is to mark as small number of vertices as possible, such that, the maximum distance between two unmarked vertices is less than or equal to K. Output this value.\nDistance between two vertices i and j is defined as the minimum number of edges you have to pass in order to reach vertex i from vertex j.  </p>\n\n<p><strong>Input Format</strong> <br>\nThe first line of input contains two integers N and K. The next N-1 lines contain two integers (ui,vi) each, where 1 &lt;= ui,vi &lt;= N. Each of these lines specifies an edge. <br>\nN is no more than 100. K is less than N.  </p>\n\n<p><strong>Output Format</strong> <br>\nPrint an integer that denotes the result of the test.</p>\n\n<p><strong>Sample Input:</strong></p>\n\n<pre><code>5 1  \n1 2  \n1 3  \n1 4  \n1 5\n</code></pre>\n\n<p><strong>Sample Output:</strong></p>\n\n<pre><code>3\n</code></pre>\n\n<p><strong>Sample Input:</strong></p>\n\n<pre><code>5 2  \n1 2  \n1 3  \n1 4  \n1 5\n</code></pre>\n\n<p><strong>Sample Output:</strong></p>\n\n<pre><code>0\n</code></pre>\n\n<p><strong>Explanation:</strong></p>\n\n<p>In the first case you have to mark at least 3 vertices, and in the second case you don't need to mark any vertices.</p></div></div></div>", 
        "hacker": {
            "username": "HackerRank", 
            "is_admin": true, 
            "id": 15055, 
            "avatar": "https://hrcdn.net/s3_pub/hr-avatars/4c95f96b-1ff9-46ed-98f8-cb3cb4ed8834/150x150.png"
        }, 
        "id": 103, 
        "leaderboard_out_of_sync": null, 
        "has_ended": false, 
        "languages": [
            "c", 
            "cpp", 
            "java", 
            "csharp", 
            "php", 
            "ruby", 
            "python", 
            "perl", 
            "haskell", 
            "clojure", 
            "scala", 
            "lua", 
            "go", 
            "javascript", 
            "erlang", 
            "d", 
            "ocaml", 
            "pascal", 
            "python3", 
            "groovy", 
            "objectivec", 
            "fsharp", 
            "visualbasic", 
            "lolcode", 
            "smalltalk", 
            "tcl", 
            "whitespace", 
            "sbcl", 
            "java8", 
            "octave", 
            "racket", 
            "rust", 
            "bash", 
            "r", 
            "swift", 
            "fortran", 
            "cpp14", 
            "coffeescript", 
            "ada", 
            "pypy", 
            "pypy3", 
            "elixir", 
            "kotlin", 
            "julia"
        ], 
        "is_custom": false, 
        "compile_and_test": true, 
        "default_language": null, 
        "migrated_resource": null, 
        "submit_disabled": false, 
        "expert_solution_status": false, 
        "can_solve": true, 
        "company_id": null, 
        "custom": false, 
        "can_be_viewed": true, 
        "track": {
            "name": "Dynamic Programming", 
            "taxonomy": 1, 
            "track_slug": "algorithms", 
            "track_id": 3, 
            "track_name": "Algorithms", 
            "id": 35, 
            "rewards_system_enabled": true, 
            "slug": "dynamic-programming"
        }, 
        "primary_contest": null, 
        "factor": 70, 
        "is_solution_unlocked": false, 
        "preview": "You have a tree and need to mark the minimum number of vertices so that the maximum distance between any two unmarked vertices be less than or equal to K.", 
        "is_editorial_available": true, 
        "status": null, 
        "category": "algorithm", 
        "public_solutions": true, 
        "color": null, 
        "deleted": false, 
        "dynamic": true, 
        "company": null, 
        "moderator_or_support": false, 
        "is_text": false, 
        "solved_score": 0.5, 
        "difficulty_score": "0.441", 
        "difficulty": 0.5589041095890411, 
        "active": true, 
        "show_skeliton": null, 
        "max_score": 70, 
        "slug": "far-vertices", 
        "contest_slug": "master", 
        "user_score": 0, 
        "real_dynamic": false, 
        "kind": "code", 
        "player_count": 2, 
        "submitted_hackers_count": 569, 
        "name": "Far Vertices", 
        "is_preview_contest": false, 
        "level": 55, 
        "success_ratio": 0.5377855887521968, 
        "total_count": 569, 
        "created_at": "2013-01-04T20:28:53.000Z", 
        "epoch_endtime": null, 
        "judgebot": null, 
        "available_translations": [], 
        "codechecker_handle": "", 
        "countdown_time": 0, 
        "author_avatar": "https://hrcdn.net/s3_pub/hr-avatars/4c95f96b-1ff9-46ed-98f8-cb3cb4ed8834/150x150.png", 
        "custom_tabs": null, 
        "judgebot_language": null, 
        "custom_case": true, 
        "requirements_description": null, 
        "is_skip_band_challenge": false, 
        "custom_checker_language": null
    }
}