{
    "status": true, 
    "model": {
        "tagAncestry": [], 
        "solved_count": 23606, 
        "python_template_head": "", 
        "can_solve": true, 
        "clojure_template_head": "", 
        "dynamic": true, 
        "epoch_starttime": null, 
        "difficulty_name": "Easy", 
        "compile_and_test": true, 
        "submit_disabled": false, 
        "objectivec_template_head": "", 
        "company_id": null, 
        "languages": [
            "c", 
            "cpp", 
            "java", 
            "csharp", 
            "php", 
            "ruby", 
            "python", 
            "perl", 
            "haskell", 
            "clojure", 
            "scala", 
            "lua", 
            "go", 
            "javascript", 
            "erlang", 
            "d", 
            "ocaml", 
            "pascal", 
            "python3", 
            "groovy", 
            "objectivec", 
            "fsharp", 
            "visualbasic", 
            "lolcode", 
            "smalltalk", 
            "tcl", 
            "whitespace", 
            "sbcl", 
            "java8", 
            "octave", 
            "racket", 
            "rust", 
            "bash", 
            "r", 
            "swift", 
            "fortran", 
            "cpp14", 
            "coffeescript", 
            "ada", 
            "pypy", 
            "pypy3", 
            "elixir", 
            "kotlin", 
            "julia"
        ], 
        "leaderboard_out_of_sync_message": null, 
        "primary_contest": {
            "migration_status": null, 
            "contest_broadcast": null, 
            "hacker_timelimit": null, 
            "notification": null, 
            "qualification_rule_value": 0, 
            "leaderboard_backend": null, 
            "expose_stats": null, 
            "updated_at": "2016-08-09T23:28:48.000Z", 
            "custom_leaderboard_column_name": null, 
            "organization_type": null, 
            "ended": true, 
            "epoch_starttime": 1466870400, 
            "timezone": "PST", 
            "disable_forum": null, 
            "id": 7607, 
            "primary_track_id": 3, 
            "limited_participants": false, 
            "school_leaderboard_enabled": false, 
            "time_limited_contest": false, 
            "archived": true, 
            "rated": true, 
            "parent_contest_id": null, 
            "leaderboard_out_of_sync_message": null, 
            "leaderboard_type": "country", 
            "tagline": null, 
            "effective_epoch_endtime": 1466956800, 
            "show_participants_info": null, 
            "homepage_background_color": null, 
            "organization_name": null, 
            "track": {
                "name": "Algorithms", 
                "id": 3, 
                "priority": 14, 
                "descriptions": "The true test of problem solving: when one realizes that time and memory aren't infinite.\n", 
                "rewards_system_enabled": true, 
                "slug": "algorithms"
            }, 
            "primary_tag_id": 3081, 
            "hide_navigation": null, 
            "show_penalty": true, 
            "effective_time_left": -36397522.822971575, 
            "hidden": null, 
            "homepage": null, 
            "public": true, 
            "testers_contest": null, 
            "description": "Join thousands of coders on Sat. June 25th in World CodeSprint #4 to prove your coding skills, win $15,000 in cash prizes and get job opportunities. Rocket Fuel, Monsanto and other companies will contact top competitors who are interested in job opportunities.", 
            "hide_difficulty": null, 
            "started": true, 
            "time_left": -36397522.8155219, 
            "challenges_count": 7, 
            "qualification_rule_msg": null, 
            "leaderboard_out_of_sync": null, 
            "team_event": false, 
            "disable_fsi": null, 
            "hide_submissions": null, 
            "leaderboard_format": "", 
            "leaderboard_broadcast_message": null, 
            "has_tracks": null, 
            "college_public": false, 
            "endtime": "2016-06-26T16:00:00.000Z", 
            "qualification_rule_type": null, 
            "slug": "june-world-codesprint", 
            "hide_leaderboard": null, 
            "kind": "", 
            "comment_live_sync": null, 
            "name": "World CodeSprint #4", 
            "is_multi_round": false, 
            "created_at": "2016-05-23T21:53:52.000Z", 
            "epoch_endtime": 1466956800, 
            "company_associated_contest": null, 
            "rating_category": "Algorithms", 
            "has_codesprint_reg_page": false, 
            "starttime": "2016-06-25T16:00:00.000Z", 
            "is_rating_updated": true, 
            "leaderboard_freeze_time": null, 
            "migration_disabled": null, 
            "template_id": 486
        }, 
        "factor": 20, 
        "erlang_template_head": "", 
        "ruby_template_tail": "", 
        "default_language": null, 
        "moderator_or_support": false, 
        "leaderboard_out_of_sync": null, 
        "pypy3_template_head": "#!/bin/python3\n\nimport sys\n\n\nn = int(input().strip())\nA = [int(A_temp) for A_temp in input().strip().split(' ')]\n", 
        "contest_slug": "master", 
        "python3_template": "#!/bin/python3\n\nimport sys\n\n\nn = int(input().strip())\nA = [int(A_temp) for A_temp in input().strip().split(' ')]\n", 
        "name": "Minimum Distances", 
        "level": 50, 
        "success_ratio": 0.9590476964329243, 
        "total_count": 24614, 
        "javascript_template_head": "", 
        "codechecker_handle": null, 
        "java_template_tail": "", 
        "migrated_resource": null, 
        "custom_tabs": null, 
        "ruby_template_head": "", 
        "java8_template_head": "", 
        "is_skip_band_challenge": false, 
        "python_template_tail": "", 
        "public_test_cases": true, 
        "available_translations": [], 
        "clojure_template_tail": "", 
        "cpp_template": "#include <map>\n#include <set>\n#include <list>\n#include <cmath>\n#include <ctime>\n#include <deque>\n#include <queue>\n#include <stack>\n#include <string>\n#include <bitset>\n#include <cstdio>\n#include <limits>\n#include <vector>\n#include <climits>\n#include <cstring>\n#include <cstdlib>\n#include <fstream>\n#include <numeric>\n#include <sstream>\n#include <iostream>\n#include <algorithm>\n#include <unordered_map>\n\nusing namespace std;\n\n\nint main(){\n    int n;\n    cin >> n;\n    vector<int> A(n);\n    for(int i = 0;i < n;i++){\n    \tcin >> A[i];\n    }\n    return 0;\n}", 
        "c_template_tail": "", 
        "cpp_template_tail": "", 
        "category": "ai", 
        "haskell_template_tail": "", 
        "php_template": "<?php\n\n$handle = fopen (\"php://stdin\",\"r\");\nfscanf($handle,\"%d\",$n);\n$A_temp = fgets($handle);\n$A = explode(\" \",$A_temp);\narray_walk($A,'intval');\n\n?>", 
        "perl_template": "#!/usr/bin/perl\n\n$n = <STDIN>;\nchomp $n;\n$A_temp = <STDIN>;\n@A = split / /,$A_temp;\nchomp @A;\n", 
        "can_be_viewed": true, 
        "submitted_hackers_count": 24614, 
        "public_solutions": true, 
        "javascript_template_tail": "", 
        "c_template_head": "", 
        "deleted": false, 
        "real_dynamic": false, 
        "php_template_tail": "", 
        "difficulty_score": "0.0", 
        "difficulty": 0.9, 
        "active": true, 
        "pypy_template": "# Enter your code here. Read input from STDIN. Print output to STDOUT", 
        "pypy3_template": "# Enter your code here. Read input from STDIN. Print output to STDOUT", 
        "slug": "minimum-distances", 
        "show_skeliton": null, 
        "player_count": 2, 
        "is_preview_contest": false, 
        "is_editorial_available": true, 
        "epoch_endtime": null, 
        "cpp_template_head": "", 
        "perl_template_tail": "", 
        "author_avatar": "https://hrcdn.net/s3_pub/hr-avatars/2f8155f1-c82d-4109-943c-3a45ceafb29e/150x150.png", 
        "judgebot_language": null, 
        "php_template_head": "", 
        "java_template": "import java.io.*;\nimport java.util.*;\nimport java.text.*;\nimport java.math.*;\nimport java.util.regex.*;\n\npublic class Solution {\n\n    public static void main(String[] args) {\n        Scanner in = new Scanner(System.in);\n        int n = in.nextInt();\n        int A[] = new int[n];\n        for(int A_i=0; A_i < n; A_i++){\n            A[A_i] = in.nextInt();\n        }\n    }\n}", 
        "python3_template_tail": "", 
        "python_template": "#!/bin/python\n\nimport sys\n\n\nn = int(raw_input().strip())\nA = map(int,raw_input().strip().split(' '))\n", 
        "color": null, 
        "has_all_test_cases_public": false, 
        "time_left": null, 
        "scala_template": "object Solution {\n\n    def main(args: Array[String]) {\n        val sc = new java.util.Scanner (System.in);\n        var n = sc.nextInt();\n        var A = new Array[Int](n);\n        for(A_i <- 0 to n-1) {\n        \tA(A_i) = sc.nextInt();\n        }\n    }\n}", 
        "lua_template_head": "", 
        "kind": "code", 
        "is_custom": false, 
        "ruby_template": "#!/bin/ruby\n\nn = gets.strip.to_i\na = gets.strip\na = a.split(' ').map(&:to_i)\n", 
        "haskell_template": "import Control.Applicative\nimport Control.Monad\nimport System.IO\n\n\nmain :: IO ()\nmain = do\n    n_temp <- getLine\n    let n = read n_temp :: Int\n    a_temp <- getLine\n    let a = map read $ words a_temp :: [Int]\n\ngetMultipleLines :: Int -> IO [String]\n\ngetMultipleLines n\n    | n <= 0 = return []\n    | otherwise = do          \n        x <- getLine         \n        xs <- getMultipleLines (n-1)    \n        let ret = (x:xs)    \n        return ret          \n\n", 
        "java8_template": "import java.io.*;\nimport java.util.*;\nimport java.text.*;\nimport java.math.*;\nimport java.util.regex.*;\n\npublic class Solution {\n\n    public static void main(String[] args) {\n        Scanner in = new Scanner(System.in);\n        int n = in.nextInt();\n        int A[] = new int[n];\n        for(int A_i=0; A_i < n; A_i++){\n            A[A_i] = in.nextInt();\n        }\n    }\n}", 
        "solved_score": 0.5, 
        "expert_solution_status": false, 
        "objectivec_template_tail": "", 
        "custom": false, 
        "preview": "Find the minimum distance between two different indices containing the same integers.", 
        "company": null, 
        "is_text": false, 
        "python3_template_head": "", 
        "clojure_template": "(use '[clojure.string :only (split triml)])\n\n(\n        let [\n          n_t (read-line) \n          n (Integer/parseInt n_t) \n        ]\n\n      (\n        let [\n          A_temp (read-line) \n          A_t (split A_temp #\"\\s+\") \n          A (map #(Integer/parseInt %) A_t) \n        ]\n      )\n\n)", 
        "java_template_head": "", 
        "require_unlock": true, 
        "erlang_template_tail": "", 
        "csharp_template": "using System;\nusing System.Collections.Generic;\nusing System.IO;\nusing System.Linq;\nclass Solution {\n\n    static void Main(String[] args) {\n        int n = Convert.ToInt32(Console.ReadLine());\n        string[] A_temp = Console.ReadLine().Split(' ');\n        int[] A = Array.ConvertAll(A_temp,Int32.Parse);\n    }\n}", 
        "has_started": true, 
        "erlang_template": "-module(solution).\n-export([main/0]).\n\nmain() ->\n\n    { ok, [N]} = io:fread(\"\", \"~d\"),\n    A = read_array(N,\"~d\"),\n    true.\n\nread_array(0,D) -> [];\nread_array(N,D) -> \n\t{ok, [X]} = io:fread(\"\", D),\n\t[X | read_array(N-1,D)].\n\nread_2darray(0,M,D) -> [];\nread_2darray(N,M,D) ->\n\tQ=read_array(M,D),\n\t[Q | read_2darray(N-1,M,D)].\n\n", 
        "judgebot": null, 
        "pypy_template_head": "#!/bin/python\n\nimport sys\n\n\nn = int(raw_input().strip())\nA = map(int,raw_input().strip().split(' '))\n", 
        "custom_checker_language": null, 
        "custom_case": true, 
        "scala_template_head": "", 
        "topics": [], 
        "updated_at": "2017-07-11T15:51:26.000Z", 
        "author_name": "Shafaet", 
        "onboarding": null, 
        "id": 15335, 
        "lua_template": "n = io.read(\"*number\", \"*l\")\nA = {}\nA_temp = io.read()\nA_i = 1;\nfor token in string.gmatch(A_temp, \"[^%s]+\") do\n\tA[A_i] = token\n\tA_i = A_i + 1\nend\n", 
        "has_ended": false, 
        "javascript_template": "process.stdin.resume();\nprocess.stdin.setEncoding('ascii');\n\nvar input_stdin = \"\";\nvar input_stdin_array = \"\";\nvar input_currentline = 0;\n\nprocess.stdin.on('data', function (data) {\n    input_stdin += data;\n});\n\nprocess.stdin.on('end', function () {\n    input_stdin_array = input_stdin.split(\"\\n\");\n    main();    \n});\n\nfunction readLine() {\n    return input_stdin_array[input_currentline++];\n}\n\n/////////////// ignore above this line ////////////////////\n\nfunction main() {\n    var n = parseInt(readLine());\n    A = readLine().split(' ');\n    A = A.map(Number);\n\n}\n", 
        "c_template": "#include <math.h>\n#include <stdio.h>\n#include <string.h>\n#include <stdlib.h>\n#include <assert.h>\n#include <limits.h>\n#include <stdbool.h>\n\nint main(){\n    int n; \n    scanf(\"%d\",&n);\n    int *A = malloc(sizeof(int) * n);\n    for(int i = 0; i < n; i++){\n    \tscanf(\"%d\",&A[i]);\n    }\n    return 0;\n}", 
        "java8_template_tail": "", 
        "is_solution_unlocked": false, 
        "checker_program": null, 
        "scala_template_tail": "", 
        "status": null, 
        "hacker": {
            "username": "HackerRank", 
            "is_admin": true, 
            "id": 15055, 
            "avatar": "https://hrcdn.net/s3_pub/hr-avatars/4c95f96b-1ff9-46ed-98f8-cb3cb4ed8834/150x150.png"
        }, 
        "track": {
            "name": "Implementation", 
            "taxonomy": 1, 
            "track_slug": "algorithms", 
            "track_id": 3, 
            "track_name": "Algorithms", 
            "id": 108, 
            "rewards_system_enabled": true, 
            "slug": "implementation"
        }, 
        "csharp_template_head": "", 
        "body_html": "<div class='challenge_problem_statement'><div class='msB challenge_problem_statement_body'><div class='hackdown-content'><style id=\"MathJax_SVG_styles\">.MathJax_SVG_Display {text-align: center; margin: 1em 0em; position: relative; display: block!important; text-indent: 0; max-width: none; max-height: none; min-width: 0; min-height: 0; width: 100%}\n.MathJax_SVG .MJX-monospace {font-family: monospace}\n.MathJax_SVG .MJX-sans-serif {font-family: sans-serif}\n.MathJax_SVG {display: inline; font-style: normal; font-weight: normal; line-height: normal; font-size: 100%; font-size-adjust: none; text-indent: 0; text-align: left; text-transform: none; letter-spacing: normal; word-spacing: normal; word-wrap: normal; white-space: nowrap; float: none; direction: ltr; max-width: none; max-height: none; min-width: 0; min-height: 0; border: 0; padding: 0; margin: 0}\n.MathJax_SVG * {transition: none; -webkit-transition: none; -moz-transition: none; -ms-transition: none; -o-transition: none}\n.mjx-svg-href {fill: blue; stroke: blue}\n</style><svg style=\"display: none;\"><defs id=\"MathJax_SVG_glyphs\"></defs></svg><p>Consider an array of <span style=\"font-size: 100%; display: inline-block;\" class=\"MathJax_SVG\" id=\"MathJax-Element-1-Frame\"><svg xmlns:xlink=\"http://www.w3.org/1999/xlink\" width=\"1.395ex\" height=\"1.676ex\" style=\"vertical-align: -0.338ex;\" viewBox=\"0 -576.1 600.5 721.6\" role=\"img\" focusable=\"false\"><g stroke=\"currentColor\" fill=\"currentColor\" stroke-width=\"0\" transform=\"matrix(1 0 0 -1 0 0)\"><path stroke-width=\"1\" d=\"M21 287Q22 293 24 303T36 341T56 388T89 425T135 442Q171 442 195 424T225 390T231 369Q231 367 232 367L243 378Q304 442 382 442Q436 442 469 415T503 336T465 179T427 52Q427 26 444 26Q450 26 453 27Q482 32 505 65T540 145Q542 153 560 153Q580 153 580 145Q580 144 576 130Q568 101 554 73T508 17T439 -10Q392 -10 371 17T350 73Q350 92 386 193T423 345Q423 404 379 404H374Q288 404 229 303L222 291L189 157Q156 26 151 16Q138 -11 108 -11Q95 -11 87 -5T76 7T74 17Q74 30 112 180T152 343Q153 348 153 366Q153 405 129 405Q91 405 66 305Q60 285 60 284Q58 278 41 278H27Q21 284 21 287Z\"></path></g></svg></span> integers, <span style=\"font-size: 100%; display: inline-block;\" class=\"MathJax_SVG\" id=\"MathJax-Element-2-Frame\"><svg xmlns:xlink=\"http://www.w3.org/1999/xlink\" width=\"21.464ex\" height=\"2.843ex\" style=\"vertical-align: -0.838ex;\" viewBox=\"0 -863.1 9241.5 1223.9\" role=\"img\" focusable=\"false\"><g stroke=\"currentColor\" fill=\"currentColor\" stroke-width=\"0\" transform=\"matrix(1 0 0 -1 0 0)\"><path stroke-width=\"1\" d=\"M208 74Q208 50 254 46Q272 46 272 35Q272 34 270 22Q267 8 264 4T251 0Q249 0 239 0T205 1T141 2Q70 2 50 0H42Q35 7 35 11Q37 38 48 46H62Q132 49 164 96Q170 102 345 401T523 704Q530 716 547 716H555H572Q578 707 578 706L606 383Q634 60 636 57Q641 46 701 46Q726 46 726 36Q726 34 723 22Q720 7 718 4T704 0Q701 0 690 0T651 1T578 2Q484 2 455 0H443Q437 6 437 9T439 27Q443 40 445 43L449 46H469Q523 49 533 63L521 213H283L249 155Q208 86 208 74ZM516 260Q516 271 504 416T490 562L463 519Q447 492 400 412L310 260L413 259Q516 259 516 260Z\"></path><g transform=\"translate(1028,0)\"><path stroke-width=\"1\" d=\"M56 347Q56 360 70 367H707Q722 359 722 347Q722 336 708 328L390 327H72Q56 332 56 347ZM56 153Q56 168 72 173H708Q722 163 722 153Q722 140 707 133H70Q56 140 56 153Z\"></path></g><g transform=\"translate(2084,0)\"><path stroke-width=\"1\" d=\"M118 -250V750H255V710H158V-210H255V-250H118Z\"></path></g><g transform=\"translate(2363,0)\"><path stroke-width=\"1\" d=\"M33 157Q33 258 109 349T280 441Q331 441 370 392Q386 422 416 422Q429 422 439 414T449 394Q449 381 412 234T374 68Q374 43 381 35T402 26Q411 27 422 35Q443 55 463 131Q469 151 473 152Q475 153 483 153H487Q506 153 506 144Q506 138 501 117T481 63T449 13Q436 0 417 -8Q409 -10 393 -10Q359 -10 336 5T306 36L300 51Q299 52 296 50Q294 48 292 46Q233 -10 172 -10Q117 -10 75 30T33 157ZM351 328Q351 334 346 350T323 385T277 405Q242 405 210 374T160 293Q131 214 119 129Q119 126 119 118T118 106Q118 61 136 44T179 26Q217 26 254 59T298 110Q300 114 325 217T351 328Z\"></path><g transform=\"translate(529,-150)\"><path stroke-width=\"1\" transform=\"scale(0.707)\" d=\"M96 585Q152 666 249 666Q297 666 345 640T423 548Q460 465 460 320Q460 165 417 83Q397 41 362 16T301 -15T250 -22Q224 -22 198 -16T137 16T82 83Q39 165 39 320Q39 494 96 585ZM321 597Q291 629 250 629Q208 629 178 597Q153 571 145 525T137 333Q137 175 145 125T181 46Q209 16 250 16Q290 16 318 46Q347 76 354 130T362 333Q362 478 354 524T321 597Z\"></path></g></g><g transform=\"translate(3346,0)\"><path stroke-width=\"1\" d=\"M78 35T78 60T94 103T137 121Q165 121 187 96T210 8Q210 -27 201 -60T180 -117T154 -158T130 -185T117 -194Q113 -194 104 -185T95 -172Q95 -168 106 -156T131 -126T157 -76T173 -3V9L172 8Q170 7 167 6T161 3T152 1T140 0Q113 0 96 17Z\"></path></g><g transform=\"translate(3791,0)\"><path stroke-width=\"1\" d=\"M33 157Q33 258 109 349T280 441Q331 441 370 392Q386 422 416 422Q429 422 439 414T449 394Q449 381 412 234T374 68Q374 43 381 35T402 26Q411 27 422 35Q443 55 463 131Q469 151 473 152Q475 153 483 153H487Q506 153 506 144Q506 138 501 117T481 63T449 13Q436 0 417 -8Q409 -10 393 -10Q359 -10 336 5T306 36L300 51Q299 52 296 50Q294 48 292 46Q233 -10 172 -10Q117 -10 75 30T33 157ZM351 328Q351 334 346 350T323 385T277 405Q242 405 210 374T160 293Q131 214 119 129Q119 126 119 118T118 106Q118 61 136 44T179 26Q217 26 254 59T298 110Q300 114 325 217T351 328Z\"></path><g transform=\"translate(529,-150)\"><path stroke-width=\"1\" transform=\"scale(0.707)\" d=\"M213 578L200 573Q186 568 160 563T102 556H83V602H102Q149 604 189 617T245 641T273 663Q275 666 285 666Q294 666 302 660V361L303 61Q310 54 315 52T339 48T401 46H427V0H416Q395 3 257 3Q121 3 100 0H88V46H114Q136 46 152 46T177 47T193 50T201 52T207 57T213 61V578Z\"></path></g></g><g transform=\"translate(4775,0)\"><path stroke-width=\"1\" d=\"M78 35T78 60T94 103T137 121Q165 121 187 96T210 8Q210 -27 201 -60T180 -117T154 -158T130 -185T117 -194Q113 -194 104 -185T95 -172Q95 -168 106 -156T131 -126T157 -76T173 -3V9L172 8Q170 7 167 6T161 3T152 1T140 0Q113 0 96 17Z\"></path></g><g transform=\"translate(5220,0)\"><path stroke-width=\"1\" d=\"M78 60Q78 84 95 102T138 120Q162 120 180 104T199 61Q199 36 182 18T139 0T96 17T78 60ZM525 60Q525 84 542 102T585 120Q609 120 627 104T646 61Q646 36 629 18T586 0T543 17T525 60ZM972 60Q972 84 989 102T1032 120Q1056 120 1074 104T1093 61Q1093 36 1076 18T1033 0T990 17T972 60Z\"></path></g><g transform=\"translate(6559,0)\"><path stroke-width=\"1\" d=\"M78 35T78 60T94 103T137 121Q165 121 187 96T210 8Q210 -27 201 -60T180 -117T154 -158T130 -185T117 -194Q113 -194 104 -185T95 -172Q95 -168 106 -156T131 -126T157 -76T173 -3V9L172 8Q170 7 167 6T161 3T152 1T140 0Q113 0 96 17Z\"></path></g><g transform=\"translate(7004,0)\"><path stroke-width=\"1\" d=\"M33 157Q33 258 109 349T280 441Q331 441 370 392Q386 422 416 422Q429 422 439 414T449 394Q449 381 412 234T374 68Q374 43 381 35T402 26Q411 27 422 35Q443 55 463 131Q469 151 473 152Q475 153 483 153H487Q506 153 506 144Q506 138 501 117T481 63T449 13Q436 0 417 -8Q409 -10 393 -10Q359 -10 336 5T306 36L300 51Q299 52 296 50Q294 48 292 46Q233 -10 172 -10Q117 -10 75 30T33 157ZM351 328Q351 334 346 350T323 385T277 405Q242 405 210 374T160 293Q131 214 119 129Q119 126 119 118T118 106Q118 61 136 44T179 26Q217 26 254 59T298 110Q300 114 325 217T351 328Z\"></path><g transform=\"translate(529,-150)\"><path stroke-width=\"1\" transform=\"scale(0.707)\" d=\"M21 287Q22 293 24 303T36 341T56 388T89 425T135 442Q171 442 195 424T225 390T231 369Q231 367 232 367L243 378Q304 442 382 442Q436 442 469 415T503 336T465 179T427 52Q427 26 444 26Q450 26 453 27Q482 32 505 65T540 145Q542 153 560 153Q580 153 580 145Q580 144 576 130Q568 101 554 73T508 17T439 -10Q392 -10 371 17T350 73Q350 92 386 193T423 345Q423 404 379 404H374Q288 404 229 303L222 291L189 157Q156 26 151 16Q138 -11 108 -11Q95 -11 87 -5T76 7T74 17Q74 30 112 180T152 343Q153 348 153 366Q153 405 129 405Q91 405 66 305Q60 285 60 284Q58 278 41 278H27Q21 284 21 287Z\"></path><g transform=\"translate(424,0)\"><path stroke-width=\"1\" transform=\"scale(0.707)\" d=\"M84 237T84 250T98 270H679Q694 262 694 250T679 230H98Q84 237 84 250Z\"></path></g><g transform=\"translate(975,0)\"><path stroke-width=\"1\" transform=\"scale(0.707)\" d=\"M213 578L200 573Q186 568 160 563T102 556H83V602H102Q149 604 189 617T245 641T273 663Q275 666 285 666Q294 666 302 660V361L303 61Q310 54 315 52T339 48T401 46H427V0H416Q395 3 257 3Q121 3 100 0H88V46H114Q136 46 152 46T177 47T193 50T201 52T207 57T213 61V578Z\"></path></g></g></g><g transform=\"translate(8963,0)\"><path stroke-width=\"1\" d=\"M22 710V750H159V-250H22V-210H119V710H22Z\"></path></g></g></svg></span>. The distance between two indices, <span style=\"font-size: 100%; display: inline-block;\" class=\"MathJax_SVG\" id=\"MathJax-Element-3-Frame\"><svg xmlns:xlink=\"http://www.w3.org/1999/xlink\" width=\"0.802ex\" height=\"2.176ex\" style=\"vertical-align: -0.338ex;\" viewBox=\"0 -791.3 345.5 936.9\" role=\"img\" focusable=\"false\"><g stroke=\"currentColor\" fill=\"currentColor\" stroke-width=\"0\" transform=\"matrix(1 0 0 -1 0 0)\"><path stroke-width=\"1\" d=\"M184 600Q184 624 203 642T247 661Q265 661 277 649T290 619Q290 596 270 577T226 557Q211 557 198 567T184 600ZM21 287Q21 295 30 318T54 369T98 420T158 442Q197 442 223 419T250 357Q250 340 236 301T196 196T154 83Q149 61 149 51Q149 26 166 26Q175 26 185 29T208 43T235 78T260 137Q263 149 265 151T282 153Q302 153 302 143Q302 135 293 112T268 61T223 11T161 -11Q129 -11 102 10T74 74Q74 91 79 106T122 220Q160 321 166 341T173 380Q173 404 156 404H154Q124 404 99 371T61 287Q60 286 59 284T58 281T56 279T53 278T49 278T41 278H27Q21 284 21 287Z\"></path></g></svg></span> and <span style=\"font-size: 100%; display: inline-block;\" class=\"MathJax_SVG\" id=\"MathJax-Element-4-Frame\"><svg xmlns:xlink=\"http://www.w3.org/1999/xlink\" width=\"0.985ex\" height=\"2.509ex\" style=\"vertical-align: -0.671ex;\" viewBox=\"-11.5 -791.3 424 1080.4\" role=\"img\" focusable=\"false\"><g stroke=\"currentColor\" fill=\"currentColor\" stroke-width=\"0\" transform=\"matrix(1 0 0 -1 0 0)\"><path stroke-width=\"1\" d=\"M297 596Q297 627 318 644T361 661Q378 661 389 651T403 623Q403 595 384 576T340 557Q322 557 310 567T297 596ZM288 376Q288 405 262 405Q240 405 220 393T185 362T161 325T144 293L137 279Q135 278 121 278H107Q101 284 101 286T105 299Q126 348 164 391T252 441Q253 441 260 441T272 442Q296 441 316 432Q341 418 354 401T367 348V332L318 133Q267 -67 264 -75Q246 -125 194 -164T75 -204Q25 -204 7 -183T-12 -137Q-12 -110 7 -91T53 -71Q70 -71 82 -81T95 -112Q95 -148 63 -167Q69 -168 77 -168Q111 -168 139 -140T182 -74L193 -32Q204 11 219 72T251 197T278 308T289 365Q289 372 288 376Z\"></path></g></svg></span>, is denoted by <span style=\"font-size: 100%; display: inline-block;\" class=\"MathJax_SVG\" id=\"MathJax-Element-5-Frame\"><svg xmlns:xlink=\"http://www.w3.org/1999/xlink\" width=\"12.136ex\" height=\"3.009ex\" style=\"vertical-align: -1.005ex;\" viewBox=\"0 -863.1 5225.4 1295.7\" role=\"img\" focusable=\"false\"><g stroke=\"currentColor\" fill=\"currentColor\" stroke-width=\"0\" transform=\"matrix(1 0 0 -1 0 0)\"><path stroke-width=\"1\" d=\"M366 683Q367 683 438 688T511 694Q523 694 523 686Q523 679 450 384T375 83T374 68Q374 26 402 26Q411 27 422 35Q443 55 463 131Q469 151 473 152Q475 153 483 153H487H491Q506 153 506 145Q506 140 503 129Q490 79 473 48T445 8T417 -8Q409 -10 393 -10Q359 -10 336 5T306 36L300 51Q299 52 296 50Q294 48 292 46Q233 -10 172 -10Q117 -10 75 30T33 157Q33 205 53 255T101 341Q148 398 195 420T280 442Q336 442 364 400Q369 394 369 396Q370 400 396 505T424 616Q424 629 417 632T378 637H357Q351 643 351 645T353 664Q358 683 366 683ZM352 326Q329 405 277 405Q242 405 210 374T160 293Q131 214 119 129Q119 126 119 118T118 106Q118 61 136 44T179 26Q233 26 290 98L298 109L352 326Z\"></path><g transform=\"translate(520,-150)\"><path stroke-width=\"1\" transform=\"scale(0.707)\" d=\"M184 600Q184 624 203 642T247 661Q265 661 277 649T290 619Q290 596 270 577T226 557Q211 557 198 567T184 600ZM21 287Q21 295 30 318T54 369T98 420T158 442Q197 442 223 419T250 357Q250 340 236 301T196 196T154 83Q149 61 149 51Q149 26 166 26Q175 26 185 29T208 43T235 78T260 137Q263 149 265 151T282 153Q302 153 302 143Q302 135 293 112T268 61T223 11T161 -11Q129 -11 102 10T74 74Q74 91 79 106T122 220Q160 321 166 341T173 380Q173 404 156 404H154Q124 404 99 371T61 287Q60 286 59 284T58 281T56 279T53 278T49 278T41 278H27Q21 284 21 287Z\"></path><g transform=\"translate(244,0)\"><path stroke-width=\"1\" transform=\"scale(0.707)\" d=\"M78 35T78 60T94 103T137 121Q165 121 187 96T210 8Q210 -27 201 -60T180 -117T154 -158T130 -185T117 -194Q113 -194 104 -185T95 -172Q95 -168 106 -156T131 -126T157 -76T173 -3V9L172 8Q170 7 167 6T161 3T152 1T140 0Q113 0 96 17Z\"></path></g><g transform=\"translate(441,0)\"><path stroke-width=\"1\" transform=\"scale(0.707)\" d=\"M297 596Q297 627 318 644T361 661Q378 661 389 651T403 623Q403 595 384 576T340 557Q322 557 310 567T297 596ZM288 376Q288 405 262 405Q240 405 220 393T185 362T161 325T144 293L137 279Q135 278 121 278H107Q101 284 101 286T105 299Q126 348 164 391T252 441Q253 441 260 441T272 442Q296 441 316 432Q341 418 354 401T367 348V332L318 133Q267 -67 264 -75Q246 -125 194 -164T75 -204Q25 -204 7 -183T-12 -137Q-12 -110 7 -91T53 -71Q70 -71 82 -81T95 -112Q95 -148 63 -167Q69 -168 77 -168Q111 -168 139 -140T182 -74L193 -32Q204 11 219 72T251 197T278 308T289 365Q289 372 288 376Z\"></path></g></g><g transform=\"translate(1631,0)\"><path stroke-width=\"1\" d=\"M56 347Q56 360 70 367H707Q722 359 722 347Q722 336 708 328L390 327H72Q56 332 56 347ZM56 153Q56 168 72 173H708Q722 163 722 153Q722 140 707 133H70Q56 140 56 153Z\"></path></g><g transform=\"translate(2687,0)\"><path stroke-width=\"1\" d=\"M139 -249H137Q125 -249 119 -235V251L120 737Q130 750 139 750Q152 750 159 735V-235Q151 -249 141 -249H139Z\"></path></g><g transform=\"translate(2965,0)\"><path stroke-width=\"1\" d=\"M184 600Q184 624 203 642T247 661Q265 661 277 649T290 619Q290 596 270 577T226 557Q211 557 198 567T184 600ZM21 287Q21 295 30 318T54 369T98 420T158 442Q197 442 223 419T250 357Q250 340 236 301T196 196T154 83Q149 61 149 51Q149 26 166 26Q175 26 185 29T208 43T235 78T260 137Q263 149 265 151T282 153Q302 153 302 143Q302 135 293 112T268 61T223 11T161 -11Q129 -11 102 10T74 74Q74 91 79 106T122 220Q160 321 166 341T173 380Q173 404 156 404H154Q124 404 99 371T61 287Q60 286 59 284T58 281T56 279T53 278T49 278T41 278H27Q21 284 21 287Z\"></path></g><g transform=\"translate(3533,0)\"><path stroke-width=\"1\" d=\"M84 237T84 250T98 270H679Q694 262 694 250T679 230H98Q84 237 84 250Z\"></path></g><g transform=\"translate(4534,0)\"><path stroke-width=\"1\" d=\"M297 596Q297 627 318 644T361 661Q378 661 389 651T403 623Q403 595 384 576T340 557Q322 557 310 567T297 596ZM288 376Q288 405 262 405Q240 405 220 393T185 362T161 325T144 293L137 279Q135 278 121 278H107Q101 284 101 286T105 299Q126 348 164 391T252 441Q253 441 260 441T272 442Q296 441 316 432Q341 418 354 401T367 348V332L318 133Q267 -67 264 -75Q246 -125 194 -164T75 -204Q25 -204 7 -183T-12 -137Q-12 -110 7 -91T53 -71Q70 -71 82 -81T95 -112Q95 -148 63 -167Q69 -168 77 -168Q111 -168 139 -140T182 -74L193 -32Q204 11 219 72T251 197T278 308T289 365Q289 372 288 376Z\"></path></g><g transform=\"translate(4946,0)\"><path stroke-width=\"1\" d=\"M139 -249H137Q125 -249 119 -235V251L120 737Q130 750 139 750Q152 750 159 735V-235Q151 -249 141 -249H139Z\"></path></g></g></svg></span>.</p>\n\n<p>Given <span style=\"font-size: 100%; display: inline-block;\" class=\"MathJax_SVG\" id=\"MathJax-Element-6-Frame\"><svg xmlns:xlink=\"http://www.w3.org/1999/xlink\" width=\"1.743ex\" height=\"2.176ex\" style=\"vertical-align: -0.338ex;\" viewBox=\"0 -791.3 750.5 936.9\" role=\"img\" focusable=\"false\"><g stroke=\"currentColor\" fill=\"currentColor\" stroke-width=\"0\" transform=\"matrix(1 0 0 -1 0 0)\"><path stroke-width=\"1\" d=\"M208 74Q208 50 254 46Q272 46 272 35Q272 34 270 22Q267 8 264 4T251 0Q249 0 239 0T205 1T141 2Q70 2 50 0H42Q35 7 35 11Q37 38 48 46H62Q132 49 164 96Q170 102 345 401T523 704Q530 716 547 716H555H572Q578 707 578 706L606 383Q634 60 636 57Q641 46 701 46Q726 46 726 36Q726 34 723 22Q720 7 718 4T704 0Q701 0 690 0T651 1T578 2Q484 2 455 0H443Q437 6 437 9T439 27Q443 40 445 43L449 46H469Q523 49 533 63L521 213H283L249 155Q208 86 208 74ZM516 260Q516 271 504 416T490 562L463 519Q447 492 400 412L310 260L413 259Q516 259 516 260Z\"></path></g></svg></span>, find the <em>minimum</em> <span style=\"font-size: 100%; display: inline-block;\" class=\"MathJax_SVG\" id=\"MathJax-Element-7-Frame\"><svg xmlns:xlink=\"http://www.w3.org/1999/xlink\" width=\"3.143ex\" height=\"2.843ex\" style=\"vertical-align: -1.005ex;\" viewBox=\"0 -791.3 1353.4 1223.9\" role=\"img\" focusable=\"false\"><g stroke=\"currentColor\" fill=\"currentColor\" stroke-width=\"0\" transform=\"matrix(1 0 0 -1 0 0)\"><path stroke-width=\"1\" d=\"M366 683Q367 683 438 688T511 694Q523 694 523 686Q523 679 450 384T375 83T374 68Q374 26 402 26Q411 27 422 35Q443 55 463 131Q469 151 473 152Q475 153 483 153H487H491Q506 153 506 145Q506 140 503 129Q490 79 473 48T445 8T417 -8Q409 -10 393 -10Q359 -10 336 5T306 36L300 51Q299 52 296 50Q294 48 292 46Q233 -10 172 -10Q117 -10 75 30T33 157Q33 205 53 255T101 341Q148 398 195 420T280 442Q336 442 364 400Q369 394 369 396Q370 400 396 505T424 616Q424 629 417 632T378 637H357Q351 643 351 645T353 664Q358 683 366 683ZM352 326Q329 405 277 405Q242 405 210 374T160 293Q131 214 119 129Q119 126 119 118T118 106Q118 61 136 44T179 26Q233 26 290 98L298 109L352 326Z\"></path><g transform=\"translate(520,-150)\"><path stroke-width=\"1\" transform=\"scale(0.707)\" d=\"M184 600Q184 624 203 642T247 661Q265 661 277 649T290 619Q290 596 270 577T226 557Q211 557 198 567T184 600ZM21 287Q21 295 30 318T54 369T98 420T158 442Q197 442 223 419T250 357Q250 340 236 301T196 196T154 83Q149 61 149 51Q149 26 166 26Q175 26 185 29T208 43T235 78T260 137Q263 149 265 151T282 153Q302 153 302 143Q302 135 293 112T268 61T223 11T161 -11Q129 -11 102 10T74 74Q74 91 79 106T122 220Q160 321 166 341T173 380Q173 404 156 404H154Q124 404 99 371T61 287Q60 286 59 284T58 281T56 279T53 278T49 278T41 278H27Q21 284 21 287Z\"></path><g transform=\"translate(244,0)\"><path stroke-width=\"1\" transform=\"scale(0.707)\" d=\"M78 35T78 60T94 103T137 121Q165 121 187 96T210 8Q210 -27 201 -60T180 -117T154 -158T130 -185T117 -194Q113 -194 104 -185T95 -172Q95 -168 106 -156T131 -126T157 -76T173 -3V9L172 8Q170 7 167 6T161 3T152 1T140 0Q113 0 96 17Z\"></path></g><g transform=\"translate(441,0)\"><path stroke-width=\"1\" transform=\"scale(0.707)\" d=\"M297 596Q297 627 318 644T361 661Q378 661 389 651T403 623Q403 595 384 576T340 557Q322 557 310 567T297 596ZM288 376Q288 405 262 405Q240 405 220 393T185 362T161 325T144 293L137 279Q135 278 121 278H107Q101 284 101 286T105 299Q126 348 164 391T252 441Q253 441 260 441T272 442Q296 441 316 432Q341 418 354 401T367 348V332L318 133Q267 -67 264 -75Q246 -125 194 -164T75 -204Q25 -204 7 -183T-12 -137Q-12 -110 7 -91T53 -71Q70 -71 82 -81T95 -112Q95 -148 63 -167Q69 -168 77 -168Q111 -168 139 -140T182 -74L193 -32Q204 11 219 72T251 197T278 308T289 365Q289 372 288 376Z\"></path></g></g></g></svg></span> such that <span style=\"font-size: 100%; display: inline-block;\" class=\"MathJax_SVG\" id=\"MathJax-Element-8-Frame\"><svg xmlns:xlink=\"http://www.w3.org/1999/xlink\" width=\"7.267ex\" height=\"2.343ex\" style=\"vertical-align: -1.005ex;\" viewBox=\"0 -576.1 3129 1008.6\" role=\"img\" focusable=\"false\"><g stroke=\"currentColor\" fill=\"currentColor\" stroke-width=\"0\" transform=\"matrix(1 0 0 -1 0 0)\"><path stroke-width=\"1\" d=\"M33 157Q33 258 109 349T280 441Q331 441 370 392Q386 422 416 422Q429 422 439 414T449 394Q449 381 412 234T374 68Q374 43 381 35T402 26Q411 27 422 35Q443 55 463 131Q469 151 473 152Q475 153 483 153H487Q506 153 506 144Q506 138 501 117T481 63T449 13Q436 0 417 -8Q409 -10 393 -10Q359 -10 336 5T306 36L300 51Q299 52 296 50Q294 48 292 46Q233 -10 172 -10Q117 -10 75 30T33 157ZM351 328Q351 334 346 350T323 385T277 405Q242 405 210 374T160 293Q131 214 119 129Q119 126 119 118T118 106Q118 61 136 44T179 26Q217 26 254 59T298 110Q300 114 325 217T351 328Z\"></path><g transform=\"translate(529,-150)\"><path stroke-width=\"1\" transform=\"scale(0.707)\" d=\"M184 600Q184 624 203 642T247 661Q265 661 277 649T290 619Q290 596 270 577T226 557Q211 557 198 567T184 600ZM21 287Q21 295 30 318T54 369T98 420T158 442Q197 442 223 419T250 357Q250 340 236 301T196 196T154 83Q149 61 149 51Q149 26 166 26Q175 26 185 29T208 43T235 78T260 137Q263 149 265 151T282 153Q302 153 302 143Q302 135 293 112T268 61T223 11T161 -11Q129 -11 102 10T74 74Q74 91 79 106T122 220Q160 321 166 341T173 380Q173 404 156 404H154Q124 404 99 371T61 287Q60 286 59 284T58 281T56 279T53 278T49 278T41 278H27Q21 284 21 287Z\"></path></g><g transform=\"translate(1151,0)\"><path stroke-width=\"1\" d=\"M56 347Q56 360 70 367H707Q722 359 722 347Q722 336 708 328L390 327H72Q56 332 56 347ZM56 153Q56 168 72 173H708Q722 163 722 153Q722 140 707 133H70Q56 140 56 153Z\"></path></g><g transform=\"translate(2207,0)\"><path stroke-width=\"1\" d=\"M33 157Q33 258 109 349T280 441Q331 441 370 392Q386 422 416 422Q429 422 439 414T449 394Q449 381 412 234T374 68Q374 43 381 35T402 26Q411 27 422 35Q443 55 463 131Q469 151 473 152Q475 153 483 153H487Q506 153 506 144Q506 138 501 117T481 63T449 13Q436 0 417 -8Q409 -10 393 -10Q359 -10 336 5T306 36L300 51Q299 52 296 50Q294 48 292 46Q233 -10 172 -10Q117 -10 75 30T33 157ZM351 328Q351 334 346 350T323 385T277 405Q242 405 210 374T160 293Q131 214 119 129Q119 126 119 118T118 106Q118 61 136 44T179 26Q217 26 254 59T298 110Q300 114 325 217T351 328Z\"></path><g transform=\"translate(529,-150)\"><path stroke-width=\"1\" transform=\"scale(0.707)\" d=\"M297 596Q297 627 318 644T361 661Q378 661 389 651T403 623Q403 595 384 576T340 557Q322 557 310 567T297 596ZM288 376Q288 405 262 405Q240 405 220 393T185 362T161 325T144 293L137 279Q135 278 121 278H107Q101 284 101 286T105 299Q126 348 164 391T252 441Q253 441 260 441T272 442Q296 441 316 432Q341 418 354 401T367 348V332L318 133Q267 -67 264 -75Q246 -125 194 -164T75 -204Q25 -204 7 -183T-12 -137Q-12 -110 7 -91T53 -71Q70 -71 82 -81T95 -112Q95 -148 63 -167Q69 -168 77 -168Q111 -168 139 -140T182 -74L193 -32Q204 11 219 72T251 197T278 308T289 365Q289 372 288 376Z\"></path></g></g></g></svg></span> and <span style=\"font-size: 100%; display: inline-block;\" class=\"MathJax_SVG\" id=\"MathJax-Element-9-Frame\"><svg xmlns:xlink=\"http://www.w3.org/1999/xlink\" width=\"4.859ex\" height=\"2.676ex\" style=\"vertical-align: -0.838ex;\" viewBox=\"0 -791.3 2092.1 1152.1\" role=\"img\" focusable=\"false\"><g stroke=\"currentColor\" fill=\"currentColor\" stroke-width=\"0\" transform=\"matrix(1 0 0 -1 0 0)\"><path stroke-width=\"1\" d=\"M184 600Q184 624 203 642T247 661Q265 661 277 649T290 619Q290 596 270 577T226 557Q211 557 198 567T184 600ZM21 287Q21 295 30 318T54 369T98 420T158 442Q197 442 223 419T250 357Q250 340 236 301T196 196T154 83Q149 61 149 51Q149 26 166 26Q175 26 185 29T208 43T235 78T260 137Q263 149 265 151T282 153Q302 153 302 143Q302 135 293 112T268 61T223 11T161 -11Q129 -11 102 10T74 74Q74 91 79 106T122 220Q160 321 166 341T173 380Q173 404 156 404H154Q124 404 99 371T61 287Q60 286 59 284T58 281T56 279T53 278T49 278T41 278H27Q21 284 21 287Z\"></path><g transform=\"translate(623,0)\"><path stroke-width=\"1\" d=\"M166 -215T159 -215T147 -212T141 -204T139 -197Q139 -190 144 -183L306 133H70Q56 140 56 153Q56 168 72 173H327L406 327H72Q56 332 56 347Q56 360 70 367H426Q597 702 602 707Q605 716 618 716Q625 716 630 712T636 703T638 696Q638 692 471 367H707Q722 359 722 347Q722 336 708 328L451 327L371 173H708Q722 163 722 153Q722 140 707 133H351Q175 -210 170 -212Q166 -215 159 -215Z\"></path></g><g transform=\"translate(1679,0)\"><path stroke-width=\"1\" d=\"M297 596Q297 627 318 644T361 661Q378 661 389 651T403 623Q403 595 384 576T340 557Q322 557 310 567T297 596ZM288 376Q288 405 262 405Q240 405 220 393T185 362T161 325T144 293L137 279Q135 278 121 278H107Q101 284 101 286T105 299Q126 348 164 391T252 441Q253 441 260 441T272 442Q296 441 316 432Q341 418 354 401T367 348V332L318 133Q267 -67 264 -75Q246 -125 194 -164T75 -204Q25 -204 7 -183T-12 -137Q-12 -110 7 -91T53 -71Q70 -71 82 -81T95 -112Q95 -148 63 -167Q69 -168 77 -168Q111 -168 139 -140T182 -74L193 -32Q204 11 219 72T251 197T278 308T289 365Q289 372 288 376Z\"></path></g></g></svg></span>. In other words, find the minimum distance between any pair of equal elements in the array. If no such value exists, print <span style=\"font-size: 100%; display: inline-block;\" class=\"MathJax_SVG\" id=\"MathJax-Element-10-Frame\"><svg xmlns:xlink=\"http://www.w3.org/1999/xlink\" width=\"2.971ex\" height=\"2.176ex\" style=\"vertical-align: -0.338ex;\" viewBox=\"0 -791.3 1279 936.9\" role=\"img\" focusable=\"false\"><g stroke=\"currentColor\" fill=\"currentColor\" stroke-width=\"0\" transform=\"matrix(1 0 0 -1 0 0)\"><path stroke-width=\"1\" d=\"M84 237T84 250T98 270H679Q694 262 694 250T679 230H98Q84 237 84 250Z\"></path><g transform=\"translate(778,0)\"><path stroke-width=\"1\" d=\"M213 578L200 573Q186 568 160 563T102 556H83V602H102Q149 604 189 617T245 641T273 663Q275 666 285 666Q294 666 302 660V361L303 61Q310 54 315 52T339 48T401 46H427V0H416Q395 3 257 3Q121 3 100 0H88V46H114Q136 46 152 46T177 47T193 50T201 52T207 57T213 61V578Z\"></path></g></g></svg></span>.</p>\n\n<p><strong>Note:</strong> <span style=\"font-size: 100%; display: inline-block;\" class=\"MathJax_SVG\" id=\"MathJax-Element-11-Frame\"><svg xmlns:xlink=\"http://www.w3.org/1999/xlink\" width=\"2.523ex\" height=\"2.843ex\" style=\"vertical-align: -0.838ex;\" viewBox=\"0 -863.1 1086.5 1223.9\" role=\"img\" focusable=\"false\"><g stroke=\"currentColor\" fill=\"currentColor\" stroke-width=\"0\" transform=\"matrix(1 0 0 -1 0 0)\"><path stroke-width=\"1\" d=\"M139 -249H137Q125 -249 119 -235V251L120 737Q130 750 139 750Q152 750 159 735V-235Q151 -249 141 -249H139Z\"></path><g transform=\"translate(278,0)\"><path stroke-width=\"1\" d=\"M33 157Q33 258 109 349T280 441Q331 441 370 392Q386 422 416 422Q429 422 439 414T449 394Q449 381 412 234T374 68Q374 43 381 35T402 26Q411 27 422 35Q443 55 463 131Q469 151 473 152Q475 153 483 153H487Q506 153 506 144Q506 138 501 117T481 63T449 13Q436 0 417 -8Q409 -10 393 -10Q359 -10 336 5T306 36L300 51Q299 52 296 50Q294 48 292 46Q233 -10 172 -10Q117 -10 75 30T33 157ZM351 328Q351 334 346 350T323 385T277 405Q242 405 210 374T160 293Q131 214 119 129Q119 126 119 118T118 106Q118 61 136 44T179 26Q217 26 254 59T298 110Q300 114 325 217T351 328Z\"></path></g><g transform=\"translate(808,0)\"><path stroke-width=\"1\" d=\"M139 -249H137Q125 -249 119 -235V251L120 737Q130 750 139 750Q152 750 159 735V-235Q151 -249 141 -249H139Z\"></path></g></g></svg></span> denotes the absolute value of <span style=\"font-size: 100%; display: inline-block;\" class=\"MathJax_SVG\" id=\"MathJax-Element-12-Frame\"><svg xmlns:xlink=\"http://www.w3.org/1999/xlink\" width=\"1.23ex\" height=\"1.676ex\" style=\"vertical-align: -0.338ex;\" viewBox=\"0 -576.1 529.5 721.6\" role=\"img\" focusable=\"false\"><g stroke=\"currentColor\" fill=\"currentColor\" stroke-width=\"0\" transform=\"matrix(1 0 0 -1 0 0)\"><path stroke-width=\"1\" d=\"M33 157Q33 258 109 349T280 441Q331 441 370 392Q386 422 416 422Q429 422 439 414T449 394Q449 381 412 234T374 68Q374 43 381 35T402 26Q411 27 422 35Q443 55 463 131Q469 151 473 152Q475 153 483 153H487Q506 153 506 144Q506 138 501 117T481 63T449 13Q436 0 417 -8Q409 -10 393 -10Q359 -10 336 5T306 36L300 51Q299 52 296 50Q294 48 292 46Q233 -10 172 -10Q117 -10 75 30T33 157ZM351 328Q351 334 346 350T323 385T277 405Q242 405 210 374T160 293Q131 214 119 129Q119 126 119 118T118 106Q118 61 136 44T179 26Q217 26 254 59T298 110Q300 114 325 217T351 328Z\"></path></g></svg></span>.</p></div></div></div><div class='challenge_input_format'><div class='msB challenge_input_format_title'><p><strong>Input Format</strong></p></div><div class='msB challenge_input_format_body'><div class='hackdown-content'><style id=\"MathJax_SVG_styles\">.MathJax_SVG_Display {text-align: center; margin: 1em 0em; position: relative; display: block!important; text-indent: 0; max-width: none; max-height: none; min-width: 0; min-height: 0; width: 100%}\n.MathJax_SVG .MJX-monospace {font-family: monospace}\n.MathJax_SVG .MJX-sans-serif {font-family: sans-serif}\n.MathJax_SVG {display: inline; font-style: normal; font-weight: normal; line-height: normal; font-size: 100%; font-size-adjust: none; text-indent: 0; text-align: left; text-transform: none; letter-spacing: normal; word-spacing: normal; word-wrap: normal; white-space: nowrap; float: none; direction: ltr; max-width: none; max-height: none; min-width: 0; min-height: 0; border: 0; padding: 0; margin: 0}\n.MathJax_SVG * {transition: none; -webkit-transition: none; -moz-transition: none; -ms-transition: none; -o-transition: none}\n.mjx-svg-href {fill: blue; stroke: blue}\n</style><svg style=\"display: none;\"><defs id=\"MathJax_SVG_glyphs\"></defs></svg><p>The first line contains an integer, <span style=\"font-size: 100%; display: inline-block;\" class=\"MathJax_SVG\" id=\"MathJax-Element-1-Frame\"><svg xmlns:xlink=\"http://www.w3.org/1999/xlink\" width=\"1.395ex\" height=\"1.676ex\" style=\"vertical-align: -0.338ex;\" viewBox=\"0 -576.1 600.5 721.6\" role=\"img\" focusable=\"false\"><g stroke=\"currentColor\" fill=\"currentColor\" stroke-width=\"0\" transform=\"matrix(1 0 0 -1 0 0)\"><path stroke-width=\"1\" d=\"M21 287Q22 293 24 303T36 341T56 388T89 425T135 442Q171 442 195 424T225 390T231 369Q231 367 232 367L243 378Q304 442 382 442Q436 442 469 415T503 336T465 179T427 52Q427 26 444 26Q450 26 453 27Q482 32 505 65T540 145Q542 153 560 153Q580 153 580 145Q580 144 576 130Q568 101 554 73T508 17T439 -10Q392 -10 371 17T350 73Q350 92 386 193T423 345Q423 404 379 404H374Q288 404 229 303L222 291L189 157Q156 26 151 16Q138 -11 108 -11Q95 -11 87 -5T76 7T74 17Q74 30 112 180T152 343Q153 348 153 366Q153 405 129 405Q91 405 66 305Q60 285 60 284Q58 278 41 278H27Q21 284 21 287Z\"></path></g></svg></span>, denoting the size of array <span style=\"font-size: 100%; display: inline-block;\" class=\"MathJax_SVG\" id=\"MathJax-Element-2-Frame\"><svg xmlns:xlink=\"http://www.w3.org/1999/xlink\" width=\"1.743ex\" height=\"2.176ex\" style=\"vertical-align: -0.338ex;\" viewBox=\"0 -791.3 750.5 936.9\" role=\"img\" focusable=\"false\"><g stroke=\"currentColor\" fill=\"currentColor\" stroke-width=\"0\" transform=\"matrix(1 0 0 -1 0 0)\"><path stroke-width=\"1\" d=\"M208 74Q208 50 254 46Q272 46 272 35Q272 34 270 22Q267 8 264 4T251 0Q249 0 239 0T205 1T141 2Q70 2 50 0H42Q35 7 35 11Q37 38 48 46H62Q132 49 164 96Q170 102 345 401T523 704Q530 716 547 716H555H572Q578 707 578 706L606 383Q634 60 636 57Q641 46 701 46Q726 46 726 36Q726 34 723 22Q720 7 718 4T704 0Q701 0 690 0T651 1T578 2Q484 2 455 0H443Q437 6 437 9T439 27Q443 40 445 43L449 46H469Q523 49 533 63L521 213H283L249 155Q208 86 208 74ZM516 260Q516 271 504 416T490 562L463 519Q447 492 400 412L310 260L413 259Q516 259 516 260Z\"></path></g></svg></span>. <br>\nThe second line contains <span style=\"font-size: 100%; display: inline-block;\" class=\"MathJax_SVG\" id=\"MathJax-Element-3-Frame\"><svg xmlns:xlink=\"http://www.w3.org/1999/xlink\" width=\"1.395ex\" height=\"1.676ex\" style=\"vertical-align: -0.338ex;\" viewBox=\"0 -576.1 600.5 721.6\" role=\"img\" focusable=\"false\"><g stroke=\"currentColor\" fill=\"currentColor\" stroke-width=\"0\" transform=\"matrix(1 0 0 -1 0 0)\"><path stroke-width=\"1\" d=\"M21 287Q22 293 24 303T36 341T56 388T89 425T135 442Q171 442 195 424T225 390T231 369Q231 367 232 367L243 378Q304 442 382 442Q436 442 469 415T503 336T465 179T427 52Q427 26 444 26Q450 26 453 27Q482 32 505 65T540 145Q542 153 560 153Q580 153 580 145Q580 144 576 130Q568 101 554 73T508 17T439 -10Q392 -10 371 17T350 73Q350 92 386 193T423 345Q423 404 379 404H374Q288 404 229 303L222 291L189 157Q156 26 151 16Q138 -11 108 -11Q95 -11 87 -5T76 7T74 17Q74 30 112 180T152 343Q153 348 153 366Q153 405 129 405Q91 405 66 305Q60 285 60 284Q58 278 41 278H27Q21 284 21 287Z\"></path></g></svg></span> space-separated integers describing the respective elements in array <span style=\"font-size: 100%; display: inline-block;\" class=\"MathJax_SVG\" id=\"MathJax-Element-4-Frame\"><svg xmlns:xlink=\"http://www.w3.org/1999/xlink\" width=\"1.743ex\" height=\"2.176ex\" style=\"vertical-align: -0.338ex;\" viewBox=\"0 -791.3 750.5 936.9\" role=\"img\" focusable=\"false\"><g stroke=\"currentColor\" fill=\"currentColor\" stroke-width=\"0\" transform=\"matrix(1 0 0 -1 0 0)\"><path stroke-width=\"1\" d=\"M208 74Q208 50 254 46Q272 46 272 35Q272 34 270 22Q267 8 264 4T251 0Q249 0 239 0T205 1T141 2Q70 2 50 0H42Q35 7 35 11Q37 38 48 46H62Q132 49 164 96Q170 102 345 401T523 704Q530 716 547 716H555H572Q578 707 578 706L606 383Q634 60 636 57Q641 46 701 46Q726 46 726 36Q726 34 723 22Q720 7 718 4T704 0Q701 0 690 0T651 1T578 2Q484 2 455 0H443Q437 6 437 9T439 27Q443 40 445 43L449 46H469Q523 49 533 63L521 213H283L249 155Q208 86 208 74ZM516 260Q516 271 504 416T490 562L463 519Q447 492 400 412L310 260L413 259Q516 259 516 260Z\"></path></g></svg></span>.</p></div></div></div><div class='challenge_constraints'><div class='msB challenge_constraints_title'><p><strong>Constraints</strong></p></div><div class='msB challenge_constraints_body'><div class='hackdown-content'><style id=\"MathJax_SVG_styles\">.MathJax_SVG_Display {text-align: center; margin: 1em 0em; position: relative; display: block!important; text-indent: 0; max-width: none; max-height: none; min-width: 0; min-height: 0; width: 100%}\n.MathJax_SVG .MJX-monospace {font-family: monospace}\n.MathJax_SVG .MJX-sans-serif {font-family: sans-serif}\n.MathJax_SVG {display: inline; font-style: normal; font-weight: normal; line-height: normal; font-size: 100%; font-size-adjust: none; text-indent: 0; text-align: left; text-transform: none; letter-spacing: normal; word-spacing: normal; word-wrap: normal; white-space: nowrap; float: none; direction: ltr; max-width: none; max-height: none; min-width: 0; min-height: 0; border: 0; padding: 0; margin: 0}\n.MathJax_SVG * {transition: none; -webkit-transition: none; -moz-transition: none; -ms-transition: none; -o-transition: none}\n.mjx-svg-href {fill: blue; stroke: blue}\n</style><svg style=\"display: none;\"><defs id=\"MathJax_SVG_glyphs\"></defs></svg><ul>\n<li><span style=\"font-size: 100%; display: inline-block;\" class=\"MathJax_SVG\" id=\"MathJax-Element-1-Frame\"><svg xmlns:xlink=\"http://www.w3.org/1999/xlink\" width=\"12.133ex\" height=\"2.843ex\" style=\"vertical-align: -0.505ex;\" viewBox=\"0 -1006.6 5224 1223.9\" role=\"img\" focusable=\"false\"><g stroke=\"currentColor\" fill=\"currentColor\" stroke-width=\"0\" transform=\"matrix(1 0 0 -1 0 0)\"><path stroke-width=\"1\" d=\"M213 578L200 573Q186 568 160 563T102 556H83V602H102Q149 604 189 617T245 641T273 663Q275 666 285 666Q294 666 302 660V361L303 61Q310 54 315 52T339 48T401 46H427V0H416Q395 3 257 3Q121 3 100 0H88V46H114Q136 46 152 46T177 47T193 50T201 52T207 57T213 61V578Z\"></path><g transform=\"translate(778,0)\"><path stroke-width=\"1\" d=\"M674 636Q682 636 688 630T694 615T687 601Q686 600 417 472L151 346L399 228Q687 92 691 87Q694 81 694 76Q694 58 676 56H670L382 192Q92 329 90 331Q83 336 83 348Q84 359 96 365Q104 369 382 500T665 634Q669 636 674 636ZM84 -118Q84 -108 99 -98H678Q694 -104 694 -118Q694 -130 679 -138H98Q84 -131 84 -118Z\"></path></g><g transform=\"translate(1834,0)\"><path stroke-width=\"1\" d=\"M21 287Q22 293 24 303T36 341T56 388T89 425T135 442Q171 442 195 424T225 390T231 369Q231 367 232 367L243 378Q304 442 382 442Q436 442 469 415T503 336T465 179T427 52Q427 26 444 26Q450 26 453 27Q482 32 505 65T540 145Q542 153 560 153Q580 153 580 145Q580 144 576 130Q568 101 554 73T508 17T439 -10Q392 -10 371 17T350 73Q350 92 386 193T423 345Q423 404 379 404H374Q288 404 229 303L222 291L189 157Q156 26 151 16Q138 -11 108 -11Q95 -11 87 -5T76 7T74 17Q74 30 112 180T152 343Q153 348 153 366Q153 405 129 405Q91 405 66 305Q60 285 60 284Q58 278 41 278H27Q21 284 21 287Z\"></path></g><g transform=\"translate(2712,0)\"><path stroke-width=\"1\" d=\"M674 636Q682 636 688 630T694 615T687 601Q686 600 417 472L151 346L399 228Q687 92 691 87Q694 81 694 76Q694 58 676 56H670L382 192Q92 329 90 331Q83 336 83 348Q84 359 96 365Q104 369 382 500T665 634Q669 636 674 636ZM84 -118Q84 -108 99 -98H678Q694 -104 694 -118Q694 -130 679 -138H98Q84 -131 84 -118Z\"></path></g><g transform=\"translate(3769,0)\"><path stroke-width=\"1\" d=\"M213 578L200 573Q186 568 160 563T102 556H83V602H102Q149 604 189 617T245 641T273 663Q275 666 285 666Q294 666 302 660V361L303 61Q310 54 315 52T339 48T401 46H427V0H416Q395 3 257 3Q121 3 100 0H88V46H114Q136 46 152 46T177 47T193 50T201 52T207 57T213 61V578Z\"></path><path stroke-width=\"1\" d=\"M96 585Q152 666 249 666Q297 666 345 640T423 548Q460 465 460 320Q460 165 417 83Q397 41 362 16T301 -15T250 -22Q224 -22 198 -16T137 16T82 83Q39 165 39 320Q39 494 96 585ZM321 597Q291 629 250 629Q208 629 178 597Q153 571 145 525T137 333Q137 175 145 125T181 46Q209 16 250 16Q290 16 318 46Q347 76 354 130T362 333Q362 478 354 524T321 597Z\" transform=\"translate(500,0)\"></path><g transform=\"translate(1001,393)\"><path stroke-width=\"1\" transform=\"scale(0.707)\" d=\"M127 463Q100 463 85 480T69 524Q69 579 117 622T233 665Q268 665 277 664Q351 652 390 611T430 522Q430 470 396 421T302 350L299 348Q299 347 308 345T337 336T375 315Q457 262 457 175Q457 96 395 37T238 -22Q158 -22 100 21T42 130Q42 158 60 175T105 193Q133 193 151 175T169 130Q169 119 166 110T159 94T148 82T136 74T126 70T118 67L114 66Q165 21 238 21Q293 21 321 74Q338 107 338 175V195Q338 290 274 322Q259 328 213 329L171 330L168 332Q166 335 166 348Q166 366 174 366Q202 366 232 371Q266 376 294 413T322 525V533Q322 590 287 612Q265 626 240 626Q208 626 181 615T143 592T132 580H135Q138 579 143 578T153 573T165 566T175 555T183 540T186 520Q186 498 172 481T127 463Z\"></path></g></g></g></svg></span> </li>\n<li><span style=\"font-size: 100%; display: inline-block;\" class=\"MathJax_SVG\" id=\"MathJax-Element-2-Frame\"><svg xmlns:xlink=\"http://www.w3.org/1999/xlink\" width=\"12.768ex\" height=\"3.009ex\" style=\"vertical-align: -0.671ex;\" viewBox=\"0 -1006.6 5497.3 1295.7\" role=\"img\" focusable=\"false\"><g stroke=\"currentColor\" fill=\"currentColor\" stroke-width=\"0\" transform=\"matrix(1 0 0 -1 0 0)\"><path stroke-width=\"1\" d=\"M213 578L200 573Q186 568 160 563T102 556H83V602H102Q149 604 189 617T245 641T273 663Q275 666 285 666Q294 666 302 660V361L303 61Q310 54 315 52T339 48T401 46H427V0H416Q395 3 257 3Q121 3 100 0H88V46H114Q136 46 152 46T177 47T193 50T201 52T207 57T213 61V578Z\"></path><g transform=\"translate(778,0)\"><path stroke-width=\"1\" d=\"M674 636Q682 636 688 630T694 615T687 601Q686 600 417 472L151 346L399 228Q687 92 691 87Q694 81 694 76Q694 58 676 56H670L382 192Q92 329 90 331Q83 336 83 348Q84 359 96 365Q104 369 382 500T665 634Q669 636 674 636ZM84 -118Q84 -108 99 -98H678Q694 -104 694 -118Q694 -130 679 -138H98Q84 -131 84 -118Z\"></path></g><g transform=\"translate(1834,0)\"><path stroke-width=\"1\" d=\"M33 157Q33 258 109 349T280 441Q331 441 370 392Q386 422 416 422Q429 422 439 414T449 394Q449 381 412 234T374 68Q374 43 381 35T402 26Q411 27 422 35Q443 55 463 131Q469 151 473 152Q475 153 483 153H487Q506 153 506 144Q506 138 501 117T481 63T449 13Q436 0 417 -8Q409 -10 393 -10Q359 -10 336 5T306 36L300 51Q299 52 296 50Q294 48 292 46Q233 -10 172 -10Q117 -10 75 30T33 157ZM351 328Q351 334 346 350T323 385T277 405Q242 405 210 374T160 293Q131 214 119 129Q119 126 119 118T118 106Q118 61 136 44T179 26Q217 26 254 59T298 110Q300 114 325 217T351 328Z\"></path><g transform=\"translate(529,-150)\"><path stroke-width=\"1\" transform=\"scale(0.707)\" d=\"M184 600Q184 624 203 642T247 661Q265 661 277 649T290 619Q290 596 270 577T226 557Q211 557 198 567T184 600ZM21 287Q21 295 30 318T54 369T98 420T158 442Q197 442 223 419T250 357Q250 340 236 301T196 196T154 83Q149 61 149 51Q149 26 166 26Q175 26 185 29T208 43T235 78T260 137Q263 149 265 151T282 153Q302 153 302 143Q302 135 293 112T268 61T223 11T161 -11Q129 -11 102 10T74 74Q74 91 79 106T122 220Q160 321 166 341T173 380Q173 404 156 404H154Q124 404 99 371T61 287Q60 286 59 284T58 281T56 279T53 278T49 278T41 278H27Q21 284 21 287Z\"></path></g></g><g transform=\"translate(2986,0)\"><path stroke-width=\"1\" d=\"M674 636Q682 636 688 630T694 615T687 601Q686 600 417 472L151 346L399 228Q687 92 691 87Q694 81 694 76Q694 58 676 56H670L382 192Q92 329 90 331Q83 336 83 348Q84 359 96 365Q104 369 382 500T665 634Q669 636 674 636ZM84 -118Q84 -108 99 -98H678Q694 -104 694 -118Q694 -130 679 -138H98Q84 -131 84 -118Z\"></path></g><g transform=\"translate(4042,0)\"><path stroke-width=\"1\" d=\"M213 578L200 573Q186 568 160 563T102 556H83V602H102Q149 604 189 617T245 641T273 663Q275 666 285 666Q294 666 302 660V361L303 61Q310 54 315 52T339 48T401 46H427V0H416Q395 3 257 3Q121 3 100 0H88V46H114Q136 46 152 46T177 47T193 50T201 52T207 57T213 61V578Z\"></path><path stroke-width=\"1\" d=\"M96 585Q152 666 249 666Q297 666 345 640T423 548Q460 465 460 320Q460 165 417 83Q397 41 362 16T301 -15T250 -22Q224 -22 198 -16T137 16T82 83Q39 165 39 320Q39 494 96 585ZM321 597Q291 629 250 629Q208 629 178 597Q153 571 145 525T137 333Q137 175 145 125T181 46Q209 16 250 16Q290 16 318 46Q347 76 354 130T362 333Q362 478 354 524T321 597Z\" transform=\"translate(500,0)\"></path><g transform=\"translate(1001,393)\"><path stroke-width=\"1\" transform=\"scale(0.707)\" d=\"M164 157Q164 133 148 117T109 101H102Q148 22 224 22Q294 22 326 82Q345 115 345 210Q345 313 318 349Q292 382 260 382H254Q176 382 136 314Q132 307 129 306T114 304Q97 304 95 310Q93 314 93 485V614Q93 664 98 664Q100 666 102 666Q103 666 123 658T178 642T253 634Q324 634 389 662Q397 666 402 666Q410 666 410 648V635Q328 538 205 538Q174 538 149 544L139 546V374Q158 388 169 396T205 412T256 420Q337 420 393 355T449 201Q449 109 385 44T229 -22Q148 -22 99 32T50 154Q50 178 61 192T84 210T107 214Q132 214 148 197T164 157Z\"></path></g></g></g></svg></span> </li>\n</ul></div></div></div><div class='challenge_output_format'><div class='msB challenge_output_format_title'><p><strong>Output Format</strong></p></div><div class='msB challenge_output_format_body'><div class='hackdown-content'><style id=\"MathJax_SVG_styles\">.MathJax_SVG_Display {text-align: center; margin: 1em 0em; position: relative; display: block!important; text-indent: 0; max-width: none; max-height: none; min-width: 0; min-height: 0; width: 100%}\n.MathJax_SVG .MJX-monospace {font-family: monospace}\n.MathJax_SVG .MJX-sans-serif {font-family: sans-serif}\n.MathJax_SVG {display: inline; font-style: normal; font-weight: normal; line-height: normal; font-size: 100%; font-size-adjust: none; text-indent: 0; text-align: left; text-transform: none; letter-spacing: normal; word-spacing: normal; word-wrap: normal; white-space: nowrap; float: none; direction: ltr; max-width: none; max-height: none; min-width: 0; min-height: 0; border: 0; padding: 0; margin: 0}\n.MathJax_SVG * {transition: none; -webkit-transition: none; -moz-transition: none; -ms-transition: none; -o-transition: none}\n.mjx-svg-href {fill: blue; stroke: blue}\n</style><svg style=\"display: none;\"><defs id=\"MathJax_SVG_glyphs\"></defs></svg><p>Print a single integer denoting the minimum <span style=\"font-size: 100%; display: inline-block;\" class=\"MathJax_SVG\" id=\"MathJax-Element-1-Frame\"><svg xmlns:xlink=\"http://www.w3.org/1999/xlink\" width=\"3.143ex\" height=\"2.843ex\" style=\"vertical-align: -1.005ex;\" viewBox=\"0 -791.3 1353.4 1223.9\" role=\"img\" focusable=\"false\"><g stroke=\"currentColor\" fill=\"currentColor\" stroke-width=\"0\" transform=\"matrix(1 0 0 -1 0 0)\"><path stroke-width=\"1\" d=\"M366 683Q367 683 438 688T511 694Q523 694 523 686Q523 679 450 384T375 83T374 68Q374 26 402 26Q411 27 422 35Q443 55 463 131Q469 151 473 152Q475 153 483 153H487H491Q506 153 506 145Q506 140 503 129Q490 79 473 48T445 8T417 -8Q409 -10 393 -10Q359 -10 336 5T306 36L300 51Q299 52 296 50Q294 48 292 46Q233 -10 172 -10Q117 -10 75 30T33 157Q33 205 53 255T101 341Q148 398 195 420T280 442Q336 442 364 400Q369 394 369 396Q370 400 396 505T424 616Q424 629 417 632T378 637H357Q351 643 351 645T353 664Q358 683 366 683ZM352 326Q329 405 277 405Q242 405 210 374T160 293Q131 214 119 129Q119 126 119 118T118 106Q118 61 136 44T179 26Q233 26 290 98L298 109L352 326Z\"></path><g transform=\"translate(520,-150)\"><path stroke-width=\"1\" transform=\"scale(0.707)\" d=\"M184 600Q184 624 203 642T247 661Q265 661 277 649T290 619Q290 596 270 577T226 557Q211 557 198 567T184 600ZM21 287Q21 295 30 318T54 369T98 420T158 442Q197 442 223 419T250 357Q250 340 236 301T196 196T154 83Q149 61 149 51Q149 26 166 26Q175 26 185 29T208 43T235 78T260 137Q263 149 265 151T282 153Q302 153 302 143Q302 135 293 112T268 61T223 11T161 -11Q129 -11 102 10T74 74Q74 91 79 106T122 220Q160 321 166 341T173 380Q173 404 156 404H154Q124 404 99 371T61 287Q60 286 59 284T58 281T56 279T53 278T49 278T41 278H27Q21 284 21 287Z\"></path><g transform=\"translate(244,0)\"><path stroke-width=\"1\" transform=\"scale(0.707)\" d=\"M78 35T78 60T94 103T137 121Q165 121 187 96T210 8Q210 -27 201 -60T180 -117T154 -158T130 -185T117 -194Q113 -194 104 -185T95 -172Q95 -168 106 -156T131 -126T157 -76T173 -3V9L172 8Q170 7 167 6T161 3T152 1T140 0Q113 0 96 17Z\"></path></g><g transform=\"translate(441,0)\"><path stroke-width=\"1\" transform=\"scale(0.707)\" d=\"M297 596Q297 627 318 644T361 661Q378 661 389 651T403 623Q403 595 384 576T340 557Q322 557 310 567T297 596ZM288 376Q288 405 262 405Q240 405 220 393T185 362T161 325T144 293L137 279Q135 278 121 278H107Q101 284 101 286T105 299Q126 348 164 391T252 441Q253 441 260 441T272 442Q296 441 316 432Q341 418 354 401T367 348V332L318 133Q267 -67 264 -75Q246 -125 194 -164T75 -204Q25 -204 7 -183T-12 -137Q-12 -110 7 -91T53 -71Q70 -71 82 -81T95 -112Q95 -148 63 -167Q69 -168 77 -168Q111 -168 139 -140T182 -74L193 -32Q204 11 219 72T251 197T278 308T289 365Q289 372 288 376Z\"></path></g></g></g></svg></span> in <span style=\"font-size: 100%; display: inline-block;\" class=\"MathJax_SVG\" id=\"MathJax-Element-2-Frame\"><svg xmlns:xlink=\"http://www.w3.org/1999/xlink\" width=\"1.743ex\" height=\"2.176ex\" style=\"vertical-align: -0.338ex;\" viewBox=\"0 -791.3 750.5 936.9\" role=\"img\" focusable=\"false\"><g stroke=\"currentColor\" fill=\"currentColor\" stroke-width=\"0\" transform=\"matrix(1 0 0 -1 0 0)\"><path stroke-width=\"1\" d=\"M208 74Q208 50 254 46Q272 46 272 35Q272 34 270 22Q267 8 264 4T251 0Q249 0 239 0T205 1T141 2Q70 2 50 0H42Q35 7 35 11Q37 38 48 46H62Q132 49 164 96Q170 102 345 401T523 704Q530 716 547 716H555H572Q578 707 578 706L606 383Q634 60 636 57Q641 46 701 46Q726 46 726 36Q726 34 723 22Q720 7 718 4T704 0Q701 0 690 0T651 1T578 2Q484 2 455 0H443Q437 6 437 9T439 27Q443 40 445 43L449 46H469Q523 49 533 63L521 213H283L249 155Q208 86 208 74ZM516 260Q516 271 504 416T490 562L463 519Q447 492 400 412L310 260L413 259Q516 259 516 260Z\"></path></g></svg></span>; if no such value exists, print <span style=\"font-size: 100%; display: inline-block;\" class=\"MathJax_SVG\" id=\"MathJax-Element-3-Frame\"><svg xmlns:xlink=\"http://www.w3.org/1999/xlink\" width=\"2.971ex\" height=\"2.176ex\" style=\"vertical-align: -0.338ex;\" viewBox=\"0 -791.3 1279 936.9\" role=\"img\" focusable=\"false\"><g stroke=\"currentColor\" fill=\"currentColor\" stroke-width=\"0\" transform=\"matrix(1 0 0 -1 0 0)\"><path stroke-width=\"1\" d=\"M84 237T84 250T98 270H679Q694 262 694 250T679 230H98Q84 237 84 250Z\"></path><g transform=\"translate(778,0)\"><path stroke-width=\"1\" d=\"M213 578L200 573Q186 568 160 563T102 556H83V602H102Q149 604 189 617T245 641T273 663Q275 666 285 666Q294 666 302 660V361L303 61Q310 54 315 52T339 48T401 46H427V0H416Q395 3 257 3Q121 3 100 0H88V46H114Q136 46 152 46T177 47T193 50T201 52T207 57T213 61V578Z\"></path></g></g></svg></span>.</p>\n\n<p><strong>Sample Input</strong></p>\n\n<pre><code>6\n7 1 3 4 1 7\n</code></pre>\n\n<p><strong>Sample Output</strong></p>\n\n<pre><code>3\n</code></pre>\n\n<p><strong>Explanation</strong> <br>\nHere, we have two options:</p>\n\n<ul>\n<li><span style=\"font-size: 100%; display: inline-block;\" class=\"MathJax_SVG\" id=\"MathJax-Element-4-Frame\"><svg xmlns:xlink=\"http://www.w3.org/1999/xlink\" width=\"2.284ex\" height=\"2.009ex\" style=\"vertical-align: -0.671ex;\" viewBox=\"0 -576.1 983.4 865.1\" role=\"img\" focusable=\"false\"><g stroke=\"currentColor\" fill=\"currentColor\" stroke-width=\"0\" transform=\"matrix(1 0 0 -1 0 0)\"><path stroke-width=\"1\" d=\"M33 157Q33 258 109 349T280 441Q331 441 370 392Q386 422 416 422Q429 422 439 414T449 394Q449 381 412 234T374 68Q374 43 381 35T402 26Q411 27 422 35Q443 55 463 131Q469 151 473 152Q475 153 483 153H487Q506 153 506 144Q506 138 501 117T481 63T449 13Q436 0 417 -8Q409 -10 393 -10Q359 -10 336 5T306 36L300 51Q299 52 296 50Q294 48 292 46Q233 -10 172 -10Q117 -10 75 30T33 157ZM351 328Q351 334 346 350T323 385T277 405Q242 405 210 374T160 293Q131 214 119 129Q119 126 119 118T118 106Q118 61 136 44T179 26Q217 26 254 59T298 110Q300 114 325 217T351 328Z\"></path><g transform=\"translate(529,-150)\"><path stroke-width=\"1\" transform=\"scale(0.707)\" d=\"M213 578L200 573Q186 568 160 563T102 556H83V602H102Q149 604 189 617T245 641T273 663Q275 666 285 666Q294 666 302 660V361L303 61Q310 54 315 52T339 48T401 46H427V0H416Q395 3 257 3Q121 3 100 0H88V46H114Q136 46 152 46T177 47T193 50T201 52T207 57T213 61V578Z\"></path></g></g></svg></span> and <span style=\"font-size: 100%; display: inline-block;\" class=\"MathJax_SVG\" id=\"MathJax-Element-5-Frame\"><svg xmlns:xlink=\"http://www.w3.org/1999/xlink\" width=\"2.284ex\" height=\"2.009ex\" style=\"vertical-align: -0.671ex;\" viewBox=\"0 -576.1 983.4 865.1\" role=\"img\" focusable=\"false\"><g stroke=\"currentColor\" fill=\"currentColor\" stroke-width=\"0\" transform=\"matrix(1 0 0 -1 0 0)\"><path stroke-width=\"1\" d=\"M33 157Q33 258 109 349T280 441Q331 441 370 392Q386 422 416 422Q429 422 439 414T449 394Q449 381 412 234T374 68Q374 43 381 35T402 26Q411 27 422 35Q443 55 463 131Q469 151 473 152Q475 153 483 153H487Q506 153 506 144Q506 138 501 117T481 63T449 13Q436 0 417 -8Q409 -10 393 -10Q359 -10 336 5T306 36L300 51Q299 52 296 50Q294 48 292 46Q233 -10 172 -10Q117 -10 75 30T33 157ZM351 328Q351 334 346 350T323 385T277 405Q242 405 210 374T160 293Q131 214 119 129Q119 126 119 118T118 106Q118 61 136 44T179 26Q217 26 254 59T298 110Q300 114 325 217T351 328Z\"></path><g transform=\"translate(529,-150)\"><path stroke-width=\"1\" transform=\"scale(0.707)\" d=\"M462 0Q444 3 333 3Q217 3 199 0H190V46H221Q241 46 248 46T265 48T279 53T286 61Q287 63 287 115V165H28V211L179 442Q332 674 334 675Q336 677 355 677H373L379 671V211H471V165H379V114Q379 73 379 66T385 54Q393 47 442 46H471V0H462ZM293 211V545L74 212L183 211H293Z\"></path></g></g></svg></span> are both <span style=\"font-size: 100%; display: inline-block;\" class=\"MathJax_SVG\" id=\"MathJax-Element-6-Frame\"><svg xmlns:xlink=\"http://www.w3.org/1999/xlink\" width=\"1.162ex\" height=\"2.176ex\" style=\"vertical-align: -0.338ex;\" viewBox=\"0 -791.3 500.5 936.9\" role=\"img\" focusable=\"false\"><g stroke=\"currentColor\" fill=\"currentColor\" stroke-width=\"0\" transform=\"matrix(1 0 0 -1 0 0)\"><path stroke-width=\"1\" d=\"M213 578L200 573Q186 568 160 563T102 556H83V602H102Q149 604 189 617T245 641T273 663Q275 666 285 666Q294 666 302 660V361L303 61Q310 54 315 52T339 48T401 46H427V0H416Q395 3 257 3Q121 3 100 0H88V46H114Q136 46 152 46T177 47T193 50T201 52T207 57T213 61V578Z\"></path></g></svg></span>, so <span style=\"font-size: 100%; display: inline-block;\" class=\"MathJax_SVG\" id=\"MathJax-Element-7-Frame\"><svg xmlns:xlink=\"http://www.w3.org/1999/xlink\" width=\"17.361ex\" height=\"3.009ex\" style=\"vertical-align: -1.005ex;\" viewBox=\"0 -863.1 7474.8 1295.7\" role=\"img\" focusable=\"false\"><g stroke=\"currentColor\" fill=\"currentColor\" stroke-width=\"0\" transform=\"matrix(1 0 0 -1 0 0)\"><path stroke-width=\"1\" d=\"M366 683Q367 683 438 688T511 694Q523 694 523 686Q523 679 450 384T375 83T374 68Q374 26 402 26Q411 27 422 35Q443 55 463 131Q469 151 473 152Q475 153 483 153H487H491Q506 153 506 145Q506 140 503 129Q490 79 473 48T445 8T417 -8Q409 -10 393 -10Q359 -10 336 5T306 36L300 51Q299 52 296 50Q294 48 292 46Q233 -10 172 -10Q117 -10 75 30T33 157Q33 205 53 255T101 341Q148 398 195 420T280 442Q336 442 364 400Q369 394 369 396Q370 400 396 505T424 616Q424 629 417 632T378 637H357Q351 643 351 645T353 664Q358 683 366 683ZM352 326Q329 405 277 405Q242 405 210 374T160 293Q131 214 119 129Q119 126 119 118T118 106Q118 61 136 44T179 26Q233 26 290 98L298 109L352 326Z\"></path><g transform=\"translate(520,-150)\"><path stroke-width=\"1\" transform=\"scale(0.707)\" d=\"M213 578L200 573Q186 568 160 563T102 556H83V602H102Q149 604 189 617T245 641T273 663Q275 666 285 666Q294 666 302 660V361L303 61Q310 54 315 52T339 48T401 46H427V0H416Q395 3 257 3Q121 3 100 0H88V46H114Q136 46 152 46T177 47T193 50T201 52T207 57T213 61V578Z\"></path><g transform=\"translate(353,0)\"><path stroke-width=\"1\" transform=\"scale(0.707)\" d=\"M78 35T78 60T94 103T137 121Q165 121 187 96T210 8Q210 -27 201 -60T180 -117T154 -158T130 -185T117 -194Q113 -194 104 -185T95 -172Q95 -168 106 -156T131 -126T157 -76T173 -3V9L172 8Q170 7 167 6T161 3T152 1T140 0Q113 0 96 17Z\"></path></g><g transform=\"translate(550,0)\"><path stroke-width=\"1\" transform=\"scale(0.707)\" d=\"M462 0Q444 3 333 3Q217 3 199 0H190V46H221Q241 46 248 46T265 48T279 53T286 61Q287 63 287 115V165H28V211L179 442Q332 674 334 675Q336 677 355 677H373L379 671V211H471V165H379V114Q379 73 379 66T385 54Q393 47 442 46H471V0H462ZM293 211V545L74 212L183 211H293Z\"></path></g></g><g transform=\"translate(1803,0)\"><path stroke-width=\"1\" d=\"M56 347Q56 360 70 367H707Q722 359 722 347Q722 336 708 328L390 327H72Q56 332 56 347ZM56 153Q56 168 72 173H708Q722 163 722 153Q722 140 707 133H70Q56 140 56 153Z\"></path></g><g transform=\"translate(2859,0)\"><path stroke-width=\"1\" d=\"M139 -249H137Q125 -249 119 -235V251L120 737Q130 750 139 750Q152 750 159 735V-235Q151 -249 141 -249H139Z\"></path></g><g transform=\"translate(3137,0)\"><path stroke-width=\"1\" d=\"M213 578L200 573Q186 568 160 563T102 556H83V602H102Q149 604 189 617T245 641T273 663Q275 666 285 666Q294 666 302 660V361L303 61Q310 54 315 52T339 48T401 46H427V0H416Q395 3 257 3Q121 3 100 0H88V46H114Q136 46 152 46T177 47T193 50T201 52T207 57T213 61V578Z\"></path></g><g transform=\"translate(3860,0)\"><path stroke-width=\"1\" d=\"M84 237T84 250T98 270H679Q694 262 694 250T679 230H98Q84 237 84 250Z\"></path></g><g transform=\"translate(4861,0)\"><path stroke-width=\"1\" d=\"M462 0Q444 3 333 3Q217 3 199 0H190V46H221Q241 46 248 46T265 48T279 53T286 61Q287 63 287 115V165H28V211L179 442Q332 674 334 675Q336 677 355 677H373L379 671V211H471V165H379V114Q379 73 379 66T385 54Q393 47 442 46H471V0H462ZM293 211V545L74 212L183 211H293Z\"></path></g><g transform=\"translate(5361,0)\"><path stroke-width=\"1\" d=\"M139 -249H137Q125 -249 119 -235V251L120 737Q130 750 139 750Q152 750 159 735V-235Q151 -249 141 -249H139Z\"></path></g><g transform=\"translate(5918,0)\"><path stroke-width=\"1\" d=\"M56 347Q56 360 70 367H707Q722 359 722 347Q722 336 708 328L390 327H72Q56 332 56 347ZM56 153Q56 168 72 173H708Q722 163 722 153Q722 140 707 133H70Q56 140 56 153Z\"></path></g><g transform=\"translate(6974,0)\"><path stroke-width=\"1\" d=\"M127 463Q100 463 85 480T69 524Q69 579 117 622T233 665Q268 665 277 664Q351 652 390 611T430 522Q430 470 396 421T302 350L299 348Q299 347 308 345T337 336T375 315Q457 262 457 175Q457 96 395 37T238 -22Q158 -22 100 21T42 130Q42 158 60 175T105 193Q133 193 151 175T169 130Q169 119 166 110T159 94T148 82T136 74T126 70T118 67L114 66Q165 21 238 21Q293 21 321 74Q338 107 338 175V195Q338 290 274 322Q259 328 213 329L171 330L168 332Q166 335 166 348Q166 366 174 366Q202 366 232 371Q266 376 294 413T322 525V533Q322 590 287 612Q265 626 240 626Q208 626 181 615T143 592T132 580H135Q138 579 143 578T153 573T165 566T175 555T183 540T186 520Q186 498 172 481T127 463Z\"></path></g></g></svg></span>.</li>\n<li><span style=\"font-size: 100%; display: inline-block;\" class=\"MathJax_SVG\" id=\"MathJax-Element-8-Frame\"><svg xmlns:xlink=\"http://www.w3.org/1999/xlink\" width=\"2.284ex\" height=\"2.009ex\" style=\"vertical-align: -0.671ex;\" viewBox=\"0 -576.1 983.4 865.1\" role=\"img\" focusable=\"false\"><g stroke=\"currentColor\" fill=\"currentColor\" stroke-width=\"0\" transform=\"matrix(1 0 0 -1 0 0)\"><path stroke-width=\"1\" d=\"M33 157Q33 258 109 349T280 441Q331 441 370 392Q386 422 416 422Q429 422 439 414T449 394Q449 381 412 234T374 68Q374 43 381 35T402 26Q411 27 422 35Q443 55 463 131Q469 151 473 152Q475 153 483 153H487Q506 153 506 144Q506 138 501 117T481 63T449 13Q436 0 417 -8Q409 -10 393 -10Q359 -10 336 5T306 36L300 51Q299 52 296 50Q294 48 292 46Q233 -10 172 -10Q117 -10 75 30T33 157ZM351 328Q351 334 346 350T323 385T277 405Q242 405 210 374T160 293Q131 214 119 129Q119 126 119 118T118 106Q118 61 136 44T179 26Q217 26 254 59T298 110Q300 114 325 217T351 328Z\"></path><g transform=\"translate(529,-150)\"><path stroke-width=\"1\" transform=\"scale(0.707)\" d=\"M96 585Q152 666 249 666Q297 666 345 640T423 548Q460 465 460 320Q460 165 417 83Q397 41 362 16T301 -15T250 -22Q224 -22 198 -16T137 16T82 83Q39 165 39 320Q39 494 96 585ZM321 597Q291 629 250 629Q208 629 178 597Q153 571 145 525T137 333Q137 175 145 125T181 46Q209 16 250 16Q290 16 318 46Q347 76 354 130T362 333Q362 478 354 524T321 597Z\"></path></g></g></svg></span> and <span style=\"font-size: 100%; display: inline-block;\" class=\"MathJax_SVG\" id=\"MathJax-Element-9-Frame\"><svg xmlns:xlink=\"http://www.w3.org/1999/xlink\" width=\"2.284ex\" height=\"2.009ex\" style=\"vertical-align: -0.671ex;\" viewBox=\"0 -576.1 983.4 865.1\" role=\"img\" focusable=\"false\"><g stroke=\"currentColor\" fill=\"currentColor\" stroke-width=\"0\" transform=\"matrix(1 0 0 -1 0 0)\"><path stroke-width=\"1\" d=\"M33 157Q33 258 109 349T280 441Q331 441 370 392Q386 422 416 422Q429 422 439 414T449 394Q449 381 412 234T374 68Q374 43 381 35T402 26Q411 27 422 35Q443 55 463 131Q469 151 473 152Q475 153 483 153H487Q506 153 506 144Q506 138 501 117T481 63T449 13Q436 0 417 -8Q409 -10 393 -10Q359 -10 336 5T306 36L300 51Q299 52 296 50Q294 48 292 46Q233 -10 172 -10Q117 -10 75 30T33 157ZM351 328Q351 334 346 350T323 385T277 405Q242 405 210 374T160 293Q131 214 119 129Q119 126 119 118T118 106Q118 61 136 44T179 26Q217 26 254 59T298 110Q300 114 325 217T351 328Z\"></path><g transform=\"translate(529,-150)\"><path stroke-width=\"1\" transform=\"scale(0.707)\" d=\"M164 157Q164 133 148 117T109 101H102Q148 22 224 22Q294 22 326 82Q345 115 345 210Q345 313 318 349Q292 382 260 382H254Q176 382 136 314Q132 307 129 306T114 304Q97 304 95 310Q93 314 93 485V614Q93 664 98 664Q100 666 102 666Q103 666 123 658T178 642T253 634Q324 634 389 662Q397 666 402 666Q410 666 410 648V635Q328 538 205 538Q174 538 149 544L139 546V374Q158 388 169 396T205 412T256 420Q337 420 393 355T449 201Q449 109 385 44T229 -22Q148 -22 99 32T50 154Q50 178 61 192T84 210T107 214Q132 214 148 197T164 157Z\"></path></g></g></svg></span> are both <span style=\"font-size: 100%; display: inline-block;\" class=\"MathJax_SVG\" id=\"MathJax-Element-10-Frame\"><svg xmlns:xlink=\"http://www.w3.org/1999/xlink\" width=\"1.162ex\" height=\"2.176ex\" style=\"vertical-align: -0.338ex;\" viewBox=\"0 -791.3 500.5 936.9\" role=\"img\" focusable=\"false\"><g stroke=\"currentColor\" fill=\"currentColor\" stroke-width=\"0\" transform=\"matrix(1 0 0 -1 0 0)\"><path stroke-width=\"1\" d=\"M55 458Q56 460 72 567L88 674Q88 676 108 676H128V672Q128 662 143 655T195 646T364 644H485V605L417 512Q408 500 387 472T360 435T339 403T319 367T305 330T292 284T284 230T278 162T275 80Q275 66 275 52T274 28V19Q270 2 255 -10T221 -22Q210 -22 200 -19T179 0T168 40Q168 198 265 368Q285 400 349 489L395 552H302Q128 552 119 546Q113 543 108 522T98 479L95 458V455H55V458Z\"></path></g></svg></span>, so <span style=\"font-size: 100%; display: inline-block;\" class=\"MathJax_SVG\" id=\"MathJax-Element-11-Frame\"><svg xmlns:xlink=\"http://www.w3.org/1999/xlink\" width=\"17.361ex\" height=\"3.009ex\" style=\"vertical-align: -1.005ex;\" viewBox=\"0 -863.1 7474.8 1295.7\" role=\"img\" focusable=\"false\"><g stroke=\"currentColor\" fill=\"currentColor\" stroke-width=\"0\" transform=\"matrix(1 0 0 -1 0 0)\"><path stroke-width=\"1\" d=\"M366 683Q367 683 438 688T511 694Q523 694 523 686Q523 679 450 384T375 83T374 68Q374 26 402 26Q411 27 422 35Q443 55 463 131Q469 151 473 152Q475 153 483 153H487H491Q506 153 506 145Q506 140 503 129Q490 79 473 48T445 8T417 -8Q409 -10 393 -10Q359 -10 336 5T306 36L300 51Q299 52 296 50Q294 48 292 46Q233 -10 172 -10Q117 -10 75 30T33 157Q33 205 53 255T101 341Q148 398 195 420T280 442Q336 442 364 400Q369 394 369 396Q370 400 396 505T424 616Q424 629 417 632T378 637H357Q351 643 351 645T353 664Q358 683 366 683ZM352 326Q329 405 277 405Q242 405 210 374T160 293Q131 214 119 129Q119 126 119 118T118 106Q118 61 136 44T179 26Q233 26 290 98L298 109L352 326Z\"></path><g transform=\"translate(520,-150)\"><path stroke-width=\"1\" transform=\"scale(0.707)\" d=\"M96 585Q152 666 249 666Q297 666 345 640T423 548Q460 465 460 320Q460 165 417 83Q397 41 362 16T301 -15T250 -22Q224 -22 198 -16T137 16T82 83Q39 165 39 320Q39 494 96 585ZM321 597Q291 629 250 629Q208 629 178 597Q153 571 145 525T137 333Q137 175 145 125T181 46Q209 16 250 16Q290 16 318 46Q347 76 354 130T362 333Q362 478 354 524T321 597Z\"></path><g transform=\"translate(353,0)\"><path stroke-width=\"1\" transform=\"scale(0.707)\" d=\"M78 35T78 60T94 103T137 121Q165 121 187 96T210 8Q210 -27 201 -60T180 -117T154 -158T130 -185T117 -194Q113 -194 104 -185T95 -172Q95 -168 106 -156T131 -126T157 -76T173 -3V9L172 8Q170 7 167 6T161 3T152 1T140 0Q113 0 96 17Z\"></path></g><g transform=\"translate(550,0)\"><path stroke-width=\"1\" transform=\"scale(0.707)\" d=\"M164 157Q164 133 148 117T109 101H102Q148 22 224 22Q294 22 326 82Q345 115 345 210Q345 313 318 349Q292 382 260 382H254Q176 382 136 314Q132 307 129 306T114 304Q97 304 95 310Q93 314 93 485V614Q93 664 98 664Q100 666 102 666Q103 666 123 658T178 642T253 634Q324 634 389 662Q397 666 402 666Q410 666 410 648V635Q328 538 205 538Q174 538 149 544L139 546V374Q158 388 169 396T205 412T256 420Q337 420 393 355T449 201Q449 109 385 44T229 -22Q148 -22 99 32T50 154Q50 178 61 192T84 210T107 214Q132 214 148 197T164 157Z\"></path></g></g><g transform=\"translate(1803,0)\"><path stroke-width=\"1\" d=\"M56 347Q56 360 70 367H707Q722 359 722 347Q722 336 708 328L390 327H72Q56 332 56 347ZM56 153Q56 168 72 173H708Q722 163 722 153Q722 140 707 133H70Q56 140 56 153Z\"></path></g><g transform=\"translate(2859,0)\"><path stroke-width=\"1\" d=\"M139 -249H137Q125 -249 119 -235V251L120 737Q130 750 139 750Q152 750 159 735V-235Q151 -249 141 -249H139Z\"></path></g><g transform=\"translate(3137,0)\"><path stroke-width=\"1\" d=\"M96 585Q152 666 249 666Q297 666 345 640T423 548Q460 465 460 320Q460 165 417 83Q397 41 362 16T301 -15T250 -22Q224 -22 198 -16T137 16T82 83Q39 165 39 320Q39 494 96 585ZM321 597Q291 629 250 629Q208 629 178 597Q153 571 145 525T137 333Q137 175 145 125T181 46Q209 16 250 16Q290 16 318 46Q347 76 354 130T362 333Q362 478 354 524T321 597Z\"></path></g><g transform=\"translate(3860,0)\"><path stroke-width=\"1\" d=\"M84 237T84 250T98 270H679Q694 262 694 250T679 230H98Q84 237 84 250Z\"></path></g><g transform=\"translate(4861,0)\"><path stroke-width=\"1\" d=\"M164 157Q164 133 148 117T109 101H102Q148 22 224 22Q294 22 326 82Q345 115 345 210Q345 313 318 349Q292 382 260 382H254Q176 382 136 314Q132 307 129 306T114 304Q97 304 95 310Q93 314 93 485V614Q93 664 98 664Q100 666 102 666Q103 666 123 658T178 642T253 634Q324 634 389 662Q397 666 402 666Q410 666 410 648V635Q328 538 205 538Q174 538 149 544L139 546V374Q158 388 169 396T205 412T256 420Q337 420 393 355T449 201Q449 109 385 44T229 -22Q148 -22 99 32T50 154Q50 178 61 192T84 210T107 214Q132 214 148 197T164 157Z\"></path></g><g transform=\"translate(5361,0)\"><path stroke-width=\"1\" d=\"M139 -249H137Q125 -249 119 -235V251L120 737Q130 750 139 750Q152 750 159 735V-235Q151 -249 141 -249H139Z\"></path></g><g transform=\"translate(5918,0)\"><path stroke-width=\"1\" d=\"M56 347Q56 360 70 367H707Q722 359 722 347Q722 336 708 328L390 327H72Q56 332 56 347ZM56 153Q56 168 72 173H708Q722 163 722 153Q722 140 707 133H70Q56 140 56 153Z\"></path></g><g transform=\"translate(6974,0)\"><path stroke-width=\"1\" d=\"M164 157Q164 133 148 117T109 101H102Q148 22 224 22Q294 22 326 82Q345 115 345 210Q345 313 318 349Q292 382 260 382H254Q176 382 136 314Q132 307 129 306T114 304Q97 304 95 310Q93 314 93 485V614Q93 664 98 664Q100 666 102 666Q103 666 123 658T178 642T253 634Q324 634 389 662Q397 666 402 666Q410 666 410 648V635Q328 538 205 538Q174 538 149 544L139 546V374Q158 388 169 396T205 412T256 420Q337 420 393 355T449 201Q449 109 385 44T229 -22Q148 -22 99 32T50 154Q50 178 61 192T84 210T107 214Q132 214 148 197T164 157Z\"></path></g></g></svg></span>.</li>\n</ul>\n\n<p>The answer is <span style=\"font-size: 100%; display: inline-block;\" class=\"MathJax_SVG\" id=\"MathJax-Element-12-Frame\"><svg xmlns:xlink=\"http://www.w3.org/1999/xlink\" width=\"13.667ex\" height=\"2.843ex\" style=\"vertical-align: -0.838ex;\" viewBox=\"0 -863.1 5884.2 1223.9\" role=\"img\" focusable=\"false\"><g stroke=\"currentColor\" fill=\"currentColor\" stroke-width=\"0\" transform=\"matrix(1 0 0 -1 0 0)\"><path stroke-width=\"1\" d=\"M21 287Q22 293 24 303T36 341T56 388T88 425T132 442T175 435T205 417T221 395T229 376L231 369Q231 367 232 367L243 378Q303 442 384 442Q401 442 415 440T441 433T460 423T475 411T485 398T493 385T497 373T500 364T502 357L510 367Q573 442 659 442Q713 442 746 415T780 336Q780 285 742 178T704 50Q705 36 709 31T724 26Q752 26 776 56T815 138Q818 149 821 151T837 153Q857 153 857 145Q857 144 853 130Q845 101 831 73T785 17T716 -10Q669 -10 648 17T627 73Q627 92 663 193T700 345Q700 404 656 404H651Q565 404 506 303L499 291L466 157Q433 26 428 16Q415 -11 385 -11Q372 -11 364 -4T353 8T350 18Q350 29 384 161L420 307Q423 322 423 345Q423 404 379 404H374Q288 404 229 303L222 291L189 157Q156 26 151 16Q138 -11 108 -11Q95 -11 87 -5T76 7T74 17Q74 30 112 181Q151 335 151 342Q154 357 154 369Q154 405 129 405Q107 405 92 377T69 316T57 280Q55 278 41 278H27Q21 284 21 287Z\"></path><g transform=\"translate(878,0)\"><path stroke-width=\"1\" d=\"M184 600Q184 624 203 642T247 661Q265 661 277 649T290 619Q290 596 270 577T226 557Q211 557 198 567T184 600ZM21 287Q21 295 30 318T54 369T98 420T158 442Q197 442 223 419T250 357Q250 340 236 301T196 196T154 83Q149 61 149 51Q149 26 166 26Q175 26 185 29T208 43T235 78T260 137Q263 149 265 151T282 153Q302 153 302 143Q302 135 293 112T268 61T223 11T161 -11Q129 -11 102 10T74 74Q74 91 79 106T122 220Q160 321 166 341T173 380Q173 404 156 404H154Q124 404 99 371T61 287Q60 286 59 284T58 281T56 279T53 278T49 278T41 278H27Q21 284 21 287Z\"></path></g><g transform=\"translate(1224,0)\"><path stroke-width=\"1\" d=\"M21 287Q22 293 24 303T36 341T56 388T89 425T135 442Q171 442 195 424T225 390T231 369Q231 367 232 367L243 378Q304 442 382 442Q436 442 469 415T503 336T465 179T427 52Q427 26 444 26Q450 26 453 27Q482 32 505 65T540 145Q542 153 560 153Q580 153 580 145Q580 144 576 130Q568 101 554 73T508 17T439 -10Q392 -10 371 17T350 73Q350 92 386 193T423 345Q423 404 379 404H374Q288 404 229 303L222 291L189 157Q156 26 151 16Q138 -11 108 -11Q95 -11 87 -5T76 7T74 17Q74 30 112 180T152 343Q153 348 153 366Q153 405 129 405Q91 405 66 305Q60 285 60 284Q58 278 41 278H27Q21 284 21 287Z\"></path></g><g transform=\"translate(1824,0)\"><path stroke-width=\"1\" d=\"M94 250Q94 319 104 381T127 488T164 576T202 643T244 695T277 729T302 750H315H319Q333 750 333 741Q333 738 316 720T275 667T226 581T184 443T167 250T184 58T225 -81T274 -167T316 -220T333 -241Q333 -250 318 -250H315H302L274 -226Q180 -141 137 -14T94 250Z\"></path></g><g transform=\"translate(2214,0)\"><path stroke-width=\"1\" d=\"M127 463Q100 463 85 480T69 524Q69 579 117 622T233 665Q268 665 277 664Q351 652 390 611T430 522Q430 470 396 421T302 350L299 348Q299 347 308 345T337 336T375 315Q457 262 457 175Q457 96 395 37T238 -22Q158 -22 100 21T42 130Q42 158 60 175T105 193Q133 193 151 175T169 130Q169 119 166 110T159 94T148 82T136 74T126 70T118 67L114 66Q165 21 238 21Q293 21 321 74Q338 107 338 175V195Q338 290 274 322Q259 328 213 329L171 330L168 332Q166 335 166 348Q166 366 174 366Q202 366 232 371Q266 376 294 413T322 525V533Q322 590 287 612Q265 626 240 626Q208 626 181 615T143 592T132 580H135Q138 579 143 578T153 573T165 566T175 555T183 540T186 520Q186 498 172 481T127 463Z\"></path></g><g transform=\"translate(2714,0)\"><path stroke-width=\"1\" d=\"M78 35T78 60T94 103T137 121Q165 121 187 96T210 8Q210 -27 201 -60T180 -117T154 -158T130 -185T117 -194Q113 -194 104 -185T95 -172Q95 -168 106 -156T131 -126T157 -76T173 -3V9L172 8Q170 7 167 6T161 3T152 1T140 0Q113 0 96 17Z\"></path></g><g transform=\"translate(3159,0)\"><path stroke-width=\"1\" d=\"M164 157Q164 133 148 117T109 101H102Q148 22 224 22Q294 22 326 82Q345 115 345 210Q345 313 318 349Q292 382 260 382H254Q176 382 136 314Q132 307 129 306T114 304Q97 304 95 310Q93 314 93 485V614Q93 664 98 664Q100 666 102 666Q103 666 123 658T178 642T253 634Q324 634 389 662Q397 666 402 666Q410 666 410 648V635Q328 538 205 538Q174 538 149 544L139 546V374Q158 388 169 396T205 412T256 420Q337 420 393 355T449 201Q449 109 385 44T229 -22Q148 -22 99 32T50 154Q50 178 61 192T84 210T107 214Q132 214 148 197T164 157Z\"></path></g><g transform=\"translate(3660,0)\"><path stroke-width=\"1\" d=\"M60 749L64 750Q69 750 74 750H86L114 726Q208 641 251 514T294 250Q294 182 284 119T261 12T224 -76T186 -143T145 -194T113 -227T90 -246Q87 -249 86 -250H74Q66 -250 63 -250T58 -247T55 -238Q56 -237 66 -225Q221 -64 221 250T66 725Q56 737 55 738Q55 746 60 749Z\"></path></g><g transform=\"translate(4327,0)\"><path stroke-width=\"1\" d=\"M56 347Q56 360 70 367H707Q722 359 722 347Q722 336 708 328L390 327H72Q56 332 56 347ZM56 153Q56 168 72 173H708Q722 163 722 153Q722 140 707 133H70Q56 140 56 153Z\"></path></g><g transform=\"translate(5383,0)\"><path stroke-width=\"1\" d=\"M127 463Q100 463 85 480T69 524Q69 579 117 622T233 665Q268 665 277 664Q351 652 390 611T430 522Q430 470 396 421T302 350L299 348Q299 347 308 345T337 336T375 315Q457 262 457 175Q457 96 395 37T238 -22Q158 -22 100 21T42 130Q42 158 60 175T105 193Q133 193 151 175T169 130Q169 119 166 110T159 94T148 82T136 74T126 70T118 67L114 66Q165 21 238 21Q293 21 321 74Q338 107 338 175V195Q338 290 274 322Q259 328 213 329L171 330L168 332Q166 335 166 348Q166 366 174 366Q202 366 232 371Q266 376 294 413T322 525V533Q322 590 287 612Q265 626 240 626Q208 626 181 615T143 592T132 580H135Q138 579 143 578T153 573T165 566T175 555T183 540T186 520Q186 498 172 481T127 463Z\"></path></g></g></svg></span>.</p></div></div></div>", 
        "haskell_template_head": "", 
        "max_score": 20, 
        "user_score": 0, 
        "requirements_description": null, 
        "created_at": "2015-12-14T06:03:08.000Z", 
        "countdown_time": 0, 
        "objectivec_template": "#import <Foundation/Foundation.h>\n\n\nint main(int argc, const char * argv[]){\n    NSAutoreleasePool *pool = [[NSAutoreleasePool alloc] init];\n    NSNumber* n;\n    scanf(\"%i\",&n)\n    NSNumber* A[n];\n    for(int A_i = 0; A_i < n; A_i++){\n    \tscanf(\"%d\",&A[A_i]);\n    }\n    [pool drain];\n    return 0;\n}\n\n", 
        "csharp_template_tail": "", 
        "lua_template_tail": "", 
        "perl_template_head": ""
    }
}