{
    "status": true, 
    "model": {
        "tagAncestry": [], 
        "solved_count": 23281, 
        "python_template_head": "", 
        "can_solve": true, 
        "clojure_template_head": "", 
        "dynamic": true, 
        "epoch_starttime": null, 
        "difficulty_name": "Easy", 
        "compile_and_test": true, 
        "submit_disabled": false, 
        "objectivec_template_head": "", 
        "company_id": null, 
        "languages": [
            "bash", 
            "c", 
            "cpp", 
            "java", 
            "csharp", 
            "php", 
            "ruby", 
            "python", 
            "perl", 
            "haskell", 
            "clojure", 
            "scala", 
            "lua", 
            "go", 
            "javascript", 
            "erlang", 
            "sbcl", 
            "d", 
            "ocaml", 
            "pascal", 
            "python3", 
            "groovy", 
            "objectivec", 
            "fsharp", 
            "visualbasic", 
            "lolcode", 
            "smalltalk", 
            "tcl", 
            "java8", 
            "r", 
            "racket", 
            "rust", 
            "swift", 
            "fortran", 
            "ada", 
            "cpp14", 
            "coffeescript", 
            "pypy", 
            "pypy3", 
            "elixir", 
            "kotlin", 
            "julia"
        ], 
        "leaderboard_out_of_sync_message": null, 
        "primary_contest": {
            "migration_status": null, 
            "contest_broadcast": null, 
            "hacker_timelimit": null, 
            "notification": null, 
            "qualification_rule_value": 0, 
            "leaderboard_backend": null, 
            "expose_stats": null, 
            "updated_at": "2017-05-22T11:05:21.000Z", 
            "custom_leaderboard_column_name": null, 
            "organization_type": "company", 
            "ended": true, 
            "epoch_starttime": 1489161600, 
            "timezone": "PST", 
            "disable_forum": null, 
            "id": 13360, 
            "primary_track_id": 3, 
            "limited_participants": null, 
            "school_leaderboard_enabled": false, 
            "time_limited_contest": false, 
            "archived": true, 
            "rated": false, 
            "parent_contest_id": null, 
            "leaderboard_out_of_sync_message": null, 
            "leaderboard_type": "country", 
            "tagline": null, 
            "effective_epoch_endtime": 1489334400, 
            "show_participants_info": null, 
            "homepage_background_color": null, 
            "organization_name": "HackerRank", 
            "track": {
                "name": "Algorithms", 
                "id": 3, 
                "priority": 14, 
                "descriptions": "The true test of problem solving: when one realizes that time and memory aren't infinite.\n", 
                "rewards_system_enabled": true, 
                "slug": "algorithms"
            }, 
            "primary_tag_id": 3081, 
            "hide_navigation": null, 
            "show_penalty": true, 
            "effective_time_left": -14019804.596658668, 
            "hidden": null, 
            "homepage": null, 
            "public": true, 
            "testers_contest": null, 
            "description": "Our mission is to close the gender gap in computer science. Joining Women's CodeSprint 3 gives women an opportunity to showcase formidable female skill by solving real-world coding challenges, to win $11,000 in cash prizes and to get discovered by sponsoring companies looking to hire.", 
            "hide_difficulty": null, 
            "started": true, 
            "time_left": -14019804.589503909, 
            "challenges_count": 6, 
            "qualification_rule_msg": null, 
            "leaderboard_out_of_sync": null, 
            "team_event": false, 
            "disable_fsi": null, 
            "hide_submissions": null, 
            "leaderboard_format": "", 
            "leaderboard_broadcast_message": null, 
            "has_tracks": null, 
            "college_public": false, 
            "endtime": "2017-03-12T16:00:00.000Z", 
            "qualification_rule_type": null, 
            "slug": "womens-codesprint-3", 
            "hide_leaderboard": null, 
            "kind": "", 
            "comment_live_sync": null, 
            "name": "Women's CodeSprint 3", 
            "is_multi_round": false, 
            "created_at": "2017-02-09T18:17:49.000Z", 
            "epoch_endtime": 1489334400, 
            "company_associated_contest": null, 
            "rating_category": null, 
            "has_codesprint_reg_page": null, 
            "starttime": "2017-03-10T16:00:00.000Z", 
            "is_rating_updated": false, 
            "leaderboard_freeze_time": null, 
            "migration_disabled": null, 
            "template_id": 572
        }, 
        "factor": 10, 
        "erlang_template_head": "", 
        "ruby_template_tail": "", 
        "default_language": null, 
        "moderator_or_support": false, 
        "leaderboard_out_of_sync": null, 
        "contest_slug": "master", 
        "python3_template": "#!/bin/python3\n\nimport sys\n\ndef solve(n, s, d, m):\n    # Complete this function\n\nn = int(input().strip())\ns = list(map(int, input().strip().split(' ')))\nd, m = input().strip().split(' ')\nd, m = [int(d), int(m)]\nresult = solve(n, s, d, m)\nprint(result)\n", 
        "name": "Birthday Chocolate", 
        "level": 50, 
        "success_ratio": 0.9349048269215324, 
        "total_count": 24902, 
        "javascript_template_head": "", 
        "codechecker_handle": null, 
        "java_template_tail": "", 
        "migrated_resource": null, 
        "custom_tabs": null, 
        "ruby_template_head": "", 
        "java8_template_head": "", 
        "is_skip_band_challenge": false, 
        "python_template_tail": "", 
        "public_test_cases": true, 
        "available_translations": [], 
        "clojure_template_tail": "", 
        "cpp_template": "#include <bits/stdc++.h>\n\nusing namespace std;\n\nint solve(int n, vector < int > s, int d, int m){\n    // Complete this function\n}\n\nint main() {\n    int n;\n    cin >> n;\n    vector<int> s(n);\n    for(int s_i = 0; s_i < n; s_i++){\n    \tcin >> s[s_i];\n    }\n    int d;\n    int m;\n    cin >> d >> m;\n    int result = solve(n, s, d, m);\n    cout << result << endl;\n    return 0;\n}", 
        "c_template_tail": "", 
        "cpp_template_tail": "", 
        "category": "ai", 
        "haskell_template_tail": "", 
        "php_template": "<?php\n\n$handle = fopen (\"php://stdin\", \"r\");\nfunction solve($n, $s, $d, $m){\n    // Complete this function\n}\n\nfscanf($handle, \"%d\",$n);\n$s_temp = fgets($handle);\n$s = explode(\" \",$s_temp);\n$s = array_map('intval', $s);\nfscanf($handle, \"%d %d\", $d, $m);\n$result = solve($n, $s, $d, $m);\necho $result . \"\\n\";\n\n?>", 
        "perl_template": "#!/usr/bin/perl\n\nsub solve {\n\t\n}\n\n$n = <STDIN>;\nchomp $n;\n$s_temp = <STDIN>;\n@s = split / /,$s_temp;\nchomp @s;\n$d_temp = <STDIN>;\n@d_arr = split / /,$d_temp;\n$d = $d_arr[0]; \nchomp $d;\n$m = $d_arr[1];\nchomp $m;\n$result = solve($n, @s, $d, $m);\nprint \"$result\\n\";\n\n", 
        "can_be_viewed": true, 
        "submitted_hackers_count": 24902, 
        "public_solutions": true, 
        "javascript_template_tail": "", 
        "c_template_head": "", 
        "deleted": false, 
        "real_dynamic": false, 
        "php_template_tail": "", 
        "difficulty_score": "0.0", 
        "difficulty": 0.9, 
        "active": true, 
        "slug": "the-birthday-bar", 
        "show_skeliton": null, 
        "player_count": 2, 
        "is_preview_contest": false, 
        "is_editorial_available": true, 
        "epoch_endtime": null, 
        "cpp_template_head": "", 
        "perl_template_tail": "", 
        "author_avatar": "https://hrcdn.net/s3_pub/hr-avatars/be54612d-ec99-420b-8140-012bbb758a87/150x150.png", 
        "judgebot_language": null, 
        "php_template_head": "", 
        "java_template": "import java.io.*;\nimport java.util.*;\nimport java.text.*;\nimport java.math.*;\nimport java.util.regex.*;\n\npublic class Solution {\n\n    static int solve(int n, int[] s, int d, int m){\n        // Complete this function\n    }\n\n    public static void main(String[] args) {\n        Scanner in = new Scanner(System.in);\n        int n = in.nextInt();\n        int[] s = new int[n];\n        for(int s_i=0; s_i < n; s_i++){\n            s[s_i] = in.nextInt();\n        }\n        int d = in.nextInt();\n        int m = in.nextInt();\n        int result = solve(n, s, d, m);\n        System.out.println(result);\n    }\n}", 
        "python3_template_tail": "", 
        "python_template": "#!/bin/python\n\nimport sys\n\ndef solve(n, s, d, m):\n    # Complete this function\n\nn = int(raw_input().strip())\ns = map(int, raw_input().strip().split(' '))\nd, m = raw_input().strip().split(' ')\nd, m = [int(d), int(m)]\nresult = solve(n, s, d, m)\nprint(result)\n", 
        "color": null, 
        "has_all_test_cases_public": false, 
        "time_left": null, 
        "scala_template": "object Solution {\n\n    def main(args: Array[String]) {\n        val sc = new java.util.Scanner (System.in);\n        var n = sc.nextInt();\n        var s = new Array[Int](n);\n        for(s_i <- 0 to n-1) {\n        \ts(s_i) = sc.nextInt();\n        }\n        var d = sc.nextInt();\n        var m = sc.nextInt();\n    }\n}", 
        "lua_template_head": "", 
        "kind": "code", 
        "is_custom": false, 
        "ruby_template": "#!/bin/ruby\n\ndef solve(n, s, d, m)\n    # Complete this function\nend\n\nn = gets.strip.to_i\ns = gets.strip\ns = s.split(' ').map(&:to_i)\nd, m = gets.strip.split(' ')\nd = d.to_i\nm = m.to_i\nresult = solve(n, s, d, m)\nputs result;\n", 
        "haskell_template": "import Control.Applicative\nimport Control.Monad\nimport System.IO\n\n\nmain :: IO ()\nmain = do\n    n_temp <- getLine\n    let n = read n_temp :: Int\n    s_temp <- getLine\n    let s = map read $ words s_temp :: [Int]\n    d_temp <- getLine\n    let d_t = words d_temp\n    let d = read $ d_t!!0 :: Int\n    let m = read $ d_t!!1 :: Int\n\ngetMultipleLines :: Int -> IO [String]\n\ngetMultipleLines n\n    | n <= 0 = return []\n    | otherwise = do          \n        x <- getLine         \n        xs <- getMultipleLines (n-1)    \n        let ret = (x:xs)    \n        return ret          \n\n", 
        "java8_template": "import java.io.*;\nimport java.util.*;\nimport java.text.*;\nimport java.math.*;\nimport java.util.regex.*;\n\npublic class Solution {\n\n    static int solve(int n, int[] s, int d, int m){\n        // Complete this function\n    }\n\n    public static void main(String[] args) {\n        Scanner in = new Scanner(System.in);\n        int n = in.nextInt();\n        int[] s = new int[n];\n        for(int s_i=0; s_i < n; s_i++){\n            s[s_i] = in.nextInt();\n        }\n        int d = in.nextInt();\n        int m = in.nextInt();\n        int result = solve(n, s, d, m);\n        System.out.println(result);\n    }\n}", 
        "solved_score": 0.5, 
        "expert_solution_status": false, 
        "objectivec_template_tail": "", 
        "custom": false, 
        "preview": "Given an array of integers, find the number of subarrays of length k having sum s.", 
        "company": null, 
        "is_text": false, 
        "python3_template_head": "", 
        "clojure_template": "(use '[clojure.string :only (split triml)])\n\n(\n        let [\n          n_t (read-line) \n          n (Integer/parseInt n_t) \n        ]\n\n      (\n        let [\n          s_temp (read-line) \n          s_t (split s_temp #\"\\s+\") \n          s (map #(Integer/parseInt %) s_t) \n        ]\n      )\n\n      (\n        let [\n          d_temp (read-line) \n          d_t (split d_temp #\"\\s+\") \n          d (Integer/parseInt (d_t 0)) \n          m (Integer/parseInt (d_t 1)) \n        ]\n      )\n\n)", 
        "java_template_head": "", 
        "require_unlock": true, 
        "erlang_template_tail": "", 
        "csharp_template": "using System;\nusing System.Collections.Generic;\nusing System.IO;\nusing System.Linq;\nclass Solution {\n\n    static int solve(int n, int[] s, int d, int m){\n        // Complete this function\n    }\n\n    static void Main(String[] args) {\n        int n = Convert.ToInt32(Console.ReadLine());\n        string[] s_temp = Console.ReadLine().Split(' ');\n        int[] s = Array.ConvertAll(s_temp,Int32.Parse);\n        string[] tokens_d = Console.ReadLine().Split(' ');\n        int d = Convert.ToInt32(tokens_d[0]);\n        int m = Convert.ToInt32(tokens_d[1]);\n        int result = solve(n, s, d, m);\n        Console.WriteLine(result);\n    }\n}", 
        "has_started": true, 
        "erlang_template": "-module(solution).\n-export([main/0]).\n\nmain() ->\n\n    { ok, [N]} = io:fread(\"\", \"~d\"),\n    S = read_array(N,\"~d\"),\n    { ok, [D,M]} = io:fread(\"\", \"~d~d\"),\n    true.\n\nread_array(0,D) -> [];\nread_array(N,D) -> \n\t{ok, [X]} = io:fread(\"\", D),\n\t[X | read_array(N-1,D)].\n\nread_2darray(0,M,D) -> [];\nread_2darray(N,M,D) ->\n\tQ=read_array(M,D),\n\t[Q | read_2darray(N-1,M,D)].\n\n", 
        "judgebot": null, 
        "custom_checker_language": null, 
        "custom_case": true, 
        "scala_template_head": "", 
        "topics": [], 
        "updated_at": "2017-06-13T09:50:25.000Z", 
        "author_name": "adititayal9", 
        "onboarding": null, 
        "id": 35155, 
        "lua_template": "function solve(n, s, d, m)\n    -- Complete this function\n\nn = io.read(\"*number\", \"*l\")\ns = {}\ns_temp = io.read()\ns_i = 1;\nfor token in string.gmatch(s_temp, \"[^%s]+\") do\n\ts[s_i] = token\n\ts_i = s_i + 1\nend\nd,m = io.read(\"*number\", \"*number\", \"*l\")\n", 
        "has_ended": false, 
        "javascript_template": "process.stdin.resume();\nprocess.stdin.setEncoding('ascii');\n\nvar input_stdin = \"\";\nvar input_stdin_array = \"\";\nvar input_currentline = 0;\n\nprocess.stdin.on('data', function (data) {\n    input_stdin += data;\n});\n\nprocess.stdin.on('end', function () {\n    input_stdin_array = input_stdin.split(\"\\n\");\n    main();    \n});\n\nfunction readLine() {\n    return input_stdin_array[input_currentline++];\n}\n\n/////////////// ignore above this line ////////////////////\n\nfunction solve(n, s, d, m){\n    // Complete this function\n}\n\nfunction main() {\n    var n = parseInt(readLine());\n    s = readLine().split(' ');\n    s = s.map(Number);\n    var d_temp = readLine().split(' ');\n    var d = parseInt(d_temp[0]);\n    var m = parseInt(d_temp[1]);\n    var result = solve(n, s, d, m);\n    process.stdout.write(\"\"+result+\"\\n\");\n\n}\n", 
        "c_template": "#include <math.h>\n#include <stdio.h>\n#include <string.h>\n#include <stdlib.h>\n#include <assert.h>\n#include <limits.h>\n#include <stdbool.h>\n\nint solve(int n, int s_size, int* s, int d, int m){\n    // Complete this function\n}\n\nint main() {\n    int n; \n    scanf(\"%d\", &n);\n    int *s = malloc(sizeof(int) * n);\n    for(int s_i = 0; s_i < n; s_i++){\n    \tscanf(\"%d\",&s[s_i]);\n    }\n    int d; \n    int m; \n    scanf(\"%d %d\", &d, &m);\n    int result = solve(n, n, s, d, m);\n    printf(\"%d\\n\", result);\n    return 0;\n}", 
        "java8_template_tail": "", 
        "is_solution_unlocked": false, 
        "checker_program": null, 
        "scala_template_tail": "", 
        "status": null, 
        "hacker": {
            "username": "adititayal9", 
            "is_admin": true, 
            "id": 239732, 
            "avatar": "https://hrcdn.net/s3_pub/hr-avatars/be54612d-ec99-420b-8140-012bbb758a87/150x150.png"
        }, 
        "track": {
            "name": "Implementation", 
            "taxonomy": 1, 
            "track_slug": "algorithms", 
            "track_id": 3, 
            "track_name": "Algorithms", 
            "id": 108, 
            "rewards_system_enabled": true, 
            "slug": "implementation"
        }, 
        "csharp_template_head": "", 
        "body_html": "<div class='challenge_problem_statement'><div class='msB challenge_problem_statement_body'><div class='hackdown-content'><style id=\"MathJax_SVG_styles\">.MathJax_SVG_Display {text-align: center; margin: 1em 0em; position: relative; display: block!important; text-indent: 0; max-width: none; max-height: none; min-width: 0; min-height: 0; width: 100%}\n.MathJax_SVG .MJX-monospace {font-family: monospace}\n.MathJax_SVG .MJX-sans-serif {font-family: sans-serif}\n.MathJax_SVG {display: inline; font-style: normal; font-weight: normal; line-height: normal; font-size: 100%; font-size-adjust: none; text-indent: 0; text-align: left; text-transform: none; letter-spacing: normal; word-spacing: normal; word-wrap: normal; white-space: nowrap; float: none; direction: ltr; max-width: none; max-height: none; min-width: 0; min-height: 0; border: 0; padding: 0; margin: 0}\n.MathJax_SVG * {transition: none; -webkit-transition: none; -moz-transition: none; -ms-transition: none; -o-transition: none}\n.mjx-svg-href {fill: blue; stroke: blue}\n.MathJax_SVG_LineBox {display: table!important}\n.MathJax_SVG_LineBox span {display: table-cell!important; width: 10000em!important; min-width: 0; max-width: none; padding: 0; border: 0; margin: 0}\n</style><svg style=\"display: none;\"><defs id=\"MathJax_SVG_glyphs\"></defs></svg><p>Lily has a chocolate bar consisting of a row of <span style=\"font-size: 100%; display: inline-block;\" class=\"MathJax_SVG\" id=\"MathJax-Element-1-Frame\"><svg xmlns:xlink=\"http://www.w3.org/1999/xlink\" width=\"1.395ex\" height=\"1.676ex\" style=\"vertical-align: -0.338ex;\" viewBox=\"0 -576.1 600.5 721.6\" role=\"img\" focusable=\"false\"><g stroke=\"currentColor\" fill=\"currentColor\" stroke-width=\"0\" transform=\"matrix(1 0 0 -1 0 0)\"><path stroke-width=\"1\" d=\"M21 287Q22 293 24 303T36 341T56 388T89 425T135 442Q171 442 195 424T225 390T231 369Q231 367 232 367L243 378Q304 442 382 442Q436 442 469 415T503 336T465 179T427 52Q427 26 444 26Q450 26 453 27Q482 32 505 65T540 145Q542 153 560 153Q580 153 580 145Q580 144 576 130Q568 101 554 73T508 17T439 -10Q392 -10 371 17T350 73Q350 92 386 193T423 345Q423 404 379 404H374Q288 404 229 303L222 291L189 157Q156 26 151 16Q138 -11 108 -11Q95 -11 87 -5T76 7T74 17Q74 30 112 180T152 343Q153 348 153 366Q153 405 129 405Q91 405 66 305Q60 285 60 284Q58 278 41 278H27Q21 284 21 287Z\"></path></g></svg></span> squares where each square has an integer written on it. She wants to share it with Ron for his birthday, which falls on month <span style=\"font-size: 100%; display: inline-block;\" class=\"MathJax_SVG\" id=\"MathJax-Element-2-Frame\"><svg xmlns:xlink=\"http://www.w3.org/1999/xlink\" width=\"2.04ex\" height=\"1.676ex\" style=\"vertical-align: -0.338ex;\" viewBox=\"0 -576.1 878.5 721.6\" role=\"img\" focusable=\"false\"><g stroke=\"currentColor\" fill=\"currentColor\" stroke-width=\"0\" transform=\"matrix(1 0 0 -1 0 0)\"><path stroke-width=\"1\" d=\"M21 287Q22 293 24 303T36 341T56 388T88 425T132 442T175 435T205 417T221 395T229 376L231 369Q231 367 232 367L243 378Q303 442 384 442Q401 442 415 440T441 433T460 423T475 411T485 398T493 385T497 373T500 364T502 357L510 367Q573 442 659 442Q713 442 746 415T780 336Q780 285 742 178T704 50Q705 36 709 31T724 26Q752 26 776 56T815 138Q818 149 821 151T837 153Q857 153 857 145Q857 144 853 130Q845 101 831 73T785 17T716 -10Q669 -10 648 17T627 73Q627 92 663 193T700 345Q700 404 656 404H651Q565 404 506 303L499 291L466 157Q433 26 428 16Q415 -11 385 -11Q372 -11 364 -4T353 8T350 18Q350 29 384 161L420 307Q423 322 423 345Q423 404 379 404H374Q288 404 229 303L222 291L189 157Q156 26 151 16Q138 -11 108 -11Q95 -11 87 -5T76 7T74 17Q74 30 112 181Q151 335 151 342Q154 357 154 369Q154 405 129 405Q107 405 92 377T69 316T57 280Q55 278 41 278H27Q21 284 21 287Z\"></path></g></svg></span> and day <span style=\"font-size: 100%; display: inline-block;\" class=\"MathJax_SVG\" id=\"MathJax-Element-3-Frame\"><svg xmlns:xlink=\"http://www.w3.org/1999/xlink\" width=\"1.216ex\" height=\"2.176ex\" style=\"vertical-align: -0.338ex;\" viewBox=\"0 -791.3 523.5 936.9\" role=\"img\" focusable=\"false\"><g stroke=\"currentColor\" fill=\"currentColor\" stroke-width=\"0\" transform=\"matrix(1 0 0 -1 0 0)\"><path stroke-width=\"1\" d=\"M366 683Q367 683 438 688T511 694Q523 694 523 686Q523 679 450 384T375 83T374 68Q374 26 402 26Q411 27 422 35Q443 55 463 131Q469 151 473 152Q475 153 483 153H487H491Q506 153 506 145Q506 140 503 129Q490 79 473 48T445 8T417 -8Q409 -10 393 -10Q359 -10 336 5T306 36L300 51Q299 52 296 50Q294 48 292 46Q233 -10 172 -10Q117 -10 75 30T33 157Q33 205 53 255T101 341Q148 398 195 420T280 442Q336 442 364 400Q369 394 369 396Q370 400 396 505T424 616Q424 629 417 632T378 637H357Q351 643 351 645T353 664Q358 683 366 683ZM352 326Q329 405 277 405Q242 405 210 374T160 293Q131 214 119 129Q119 126 119 118T118 106Q118 61 136 44T179 26Q233 26 290 98L298 109L352 326Z\"></path></g></svg></span>. Lily wants to give Ron a piece of chocolate only if it contains <span style=\"font-size: 100%; display: inline-block;\" class=\"MathJax_SVG\" id=\"MathJax-Element-4-Frame\"><svg xmlns:xlink=\"http://www.w3.org/1999/xlink\" width=\"2.04ex\" height=\"1.676ex\" style=\"vertical-align: -0.338ex;\" viewBox=\"0 -576.1 878.5 721.6\" role=\"img\" focusable=\"false\"><g stroke=\"currentColor\" fill=\"currentColor\" stroke-width=\"0\" transform=\"matrix(1 0 0 -1 0 0)\"><path stroke-width=\"1\" d=\"M21 287Q22 293 24 303T36 341T56 388T88 425T132 442T175 435T205 417T221 395T229 376L231 369Q231 367 232 367L243 378Q303 442 384 442Q401 442 415 440T441 433T460 423T475 411T485 398T493 385T497 373T500 364T502 357L510 367Q573 442 659 442Q713 442 746 415T780 336Q780 285 742 178T704 50Q705 36 709 31T724 26Q752 26 776 56T815 138Q818 149 821 151T837 153Q857 153 857 145Q857 144 853 130Q845 101 831 73T785 17T716 -10Q669 -10 648 17T627 73Q627 92 663 193T700 345Q700 404 656 404H651Q565 404 506 303L499 291L466 157Q433 26 428 16Q415 -11 385 -11Q372 -11 364 -4T353 8T350 18Q350 29 384 161L420 307Q423 322 423 345Q423 404 379 404H374Q288 404 229 303L222 291L189 157Q156 26 151 16Q138 -11 108 -11Q95 -11 87 -5T76 7T74 17Q74 30 112 181Q151 335 151 342Q154 357 154 369Q154 405 129 405Q107 405 92 377T69 316T57 280Q55 278 41 278H27Q21 284 21 287Z\"></path></g></svg></span> consecutive squares whose integers sum to <span style=\"font-size: 100%; display: inline-block;\" class=\"MathJax_SVG\" id=\"MathJax-Element-5-Frame\"><svg xmlns:xlink=\"http://www.w3.org/1999/xlink\" width=\"1.216ex\" height=\"2.176ex\" style=\"vertical-align: -0.338ex;\" viewBox=\"0 -791.3 523.5 936.9\" role=\"img\" focusable=\"false\"><g stroke=\"currentColor\" fill=\"currentColor\" stroke-width=\"0\" transform=\"matrix(1 0 0 -1 0 0)\"><path stroke-width=\"1\" d=\"M366 683Q367 683 438 688T511 694Q523 694 523 686Q523 679 450 384T375 83T374 68Q374 26 402 26Q411 27 422 35Q443 55 463 131Q469 151 473 152Q475 153 483 153H487H491Q506 153 506 145Q506 140 503 129Q490 79 473 48T445 8T417 -8Q409 -10 393 -10Q359 -10 336 5T306 36L300 51Q299 52 296 50Q294 48 292 46Q233 -10 172 -10Q117 -10 75 30T33 157Q33 205 53 255T101 341Q148 398 195 420T280 442Q336 442 364 400Q369 394 369 396Q370 400 396 505T424 616Q424 629 417 632T378 637H357Q351 643 351 645T353 664Q358 683 366 683ZM352 326Q329 405 277 405Q242 405 210 374T160 293Q131 214 119 129Q119 126 119 118T118 106Q118 61 136 44T179 26Q233 26 290 98L298 109L352 326Z\"></path></g></svg></span>.</p>\n\n<p>Given <span style=\"font-size: 100%; display: inline-block;\" class=\"MathJax_SVG\" id=\"MathJax-Element-6-Frame\"><svg xmlns:xlink=\"http://www.w3.org/1999/xlink\" width=\"2.04ex\" height=\"1.676ex\" style=\"vertical-align: -0.338ex;\" viewBox=\"0 -576.1 878.5 721.6\" role=\"img\" focusable=\"false\"><g stroke=\"currentColor\" fill=\"currentColor\" stroke-width=\"0\" transform=\"matrix(1 0 0 -1 0 0)\"><path stroke-width=\"1\" d=\"M21 287Q22 293 24 303T36 341T56 388T88 425T132 442T175 435T205 417T221 395T229 376L231 369Q231 367 232 367L243 378Q303 442 384 442Q401 442 415 440T441 433T460 423T475 411T485 398T493 385T497 373T500 364T502 357L510 367Q573 442 659 442Q713 442 746 415T780 336Q780 285 742 178T704 50Q705 36 709 31T724 26Q752 26 776 56T815 138Q818 149 821 151T837 153Q857 153 857 145Q857 144 853 130Q845 101 831 73T785 17T716 -10Q669 -10 648 17T627 73Q627 92 663 193T700 345Q700 404 656 404H651Q565 404 506 303L499 291L466 157Q433 26 428 16Q415 -11 385 -11Q372 -11 364 -4T353 8T350 18Q350 29 384 161L420 307Q423 322 423 345Q423 404 379 404H374Q288 404 229 303L222 291L189 157Q156 26 151 16Q138 -11 108 -11Q95 -11 87 -5T76 7T74 17Q74 30 112 181Q151 335 151 342Q154 357 154 369Q154 405 129 405Q107 405 92 377T69 316T57 280Q55 278 41 278H27Q21 284 21 287Z\"></path></g></svg></span>, <span style=\"font-size: 100%; display: inline-block;\" class=\"MathJax_SVG\" id=\"MathJax-Element-7-Frame\"><svg xmlns:xlink=\"http://www.w3.org/1999/xlink\" width=\"1.216ex\" height=\"2.176ex\" style=\"vertical-align: -0.338ex;\" viewBox=\"0 -791.3 523.5 936.9\" role=\"img\" focusable=\"false\"><g stroke=\"currentColor\" fill=\"currentColor\" stroke-width=\"0\" transform=\"matrix(1 0 0 -1 0 0)\"><path stroke-width=\"1\" d=\"M366 683Q367 683 438 688T511 694Q523 694 523 686Q523 679 450 384T375 83T374 68Q374 26 402 26Q411 27 422 35Q443 55 463 131Q469 151 473 152Q475 153 483 153H487H491Q506 153 506 145Q506 140 503 129Q490 79 473 48T445 8T417 -8Q409 -10 393 -10Q359 -10 336 5T306 36L300 51Q299 52 296 50Q294 48 292 46Q233 -10 172 -10Q117 -10 75 30T33 157Q33 205 53 255T101 341Q148 398 195 420T280 442Q336 442 364 400Q369 394 369 396Q370 400 396 505T424 616Q424 629 417 632T378 637H357Q351 643 351 645T353 664Q358 683 366 683ZM352 326Q329 405 277 405Q242 405 210 374T160 293Q131 214 119 129Q119 126 119 118T118 106Q118 61 136 44T179 26Q233 26 290 98L298 109L352 326Z\"></path></g></svg></span>, and the sequence of integers written on each square of Lily's chocolate bar, how many different ways can Lily break off a piece of chocolate to give to Ron?</p>\n\n<p>For example, if <span style=\"font-size: 100%; display: inline-block;\" class=\"MathJax_SVG\" id=\"MathJax-Element-8-Frame\"><svg xmlns:xlink=\"http://www.w3.org/1999/xlink\" width=\"6.301ex\" height=\"2.176ex\" style=\"vertical-align: -0.338ex;\" viewBox=\"0 -791.3 2713.1 936.9\" role=\"img\" focusable=\"false\"><g stroke=\"currentColor\" fill=\"currentColor\" stroke-width=\"0\" transform=\"matrix(1 0 0 -1 0 0)\"><path stroke-width=\"1\" d=\"M21 287Q22 293 24 303T36 341T56 388T88 425T132 442T175 435T205 417T221 395T229 376L231 369Q231 367 232 367L243 378Q303 442 384 442Q401 442 415 440T441 433T460 423T475 411T485 398T493 385T497 373T500 364T502 357L510 367Q573 442 659 442Q713 442 746 415T780 336Q780 285 742 178T704 50Q705 36 709 31T724 26Q752 26 776 56T815 138Q818 149 821 151T837 153Q857 153 857 145Q857 144 853 130Q845 101 831 73T785 17T716 -10Q669 -10 648 17T627 73Q627 92 663 193T700 345Q700 404 656 404H651Q565 404 506 303L499 291L466 157Q433 26 428 16Q415 -11 385 -11Q372 -11 364 -4T353 8T350 18Q350 29 384 161L420 307Q423 322 423 345Q423 404 379 404H374Q288 404 229 303L222 291L189 157Q156 26 151 16Q138 -11 108 -11Q95 -11 87 -5T76 7T74 17Q74 30 112 181Q151 335 151 342Q154 357 154 369Q154 405 129 405Q107 405 92 377T69 316T57 280Q55 278 41 278H27Q21 284 21 287Z\"></path><g transform=\"translate(1156,0)\"><path stroke-width=\"1\" d=\"M56 347Q56 360 70 367H707Q722 359 722 347Q722 336 708 328L390 327H72Q56 332 56 347ZM56 153Q56 168 72 173H708Q722 163 722 153Q722 140 707 133H70Q56 140 56 153Z\"></path></g><g transform=\"translate(2212,0)\"><path stroke-width=\"1\" d=\"M109 429Q82 429 66 447T50 491Q50 562 103 614T235 666Q326 666 387 610T449 465Q449 422 429 383T381 315T301 241Q265 210 201 149L142 93L218 92Q375 92 385 97Q392 99 409 186V189H449V186Q448 183 436 95T421 3V0H50V19V31Q50 38 56 46T86 81Q115 113 136 137Q145 147 170 174T204 211T233 244T261 278T284 308T305 340T320 369T333 401T340 431T343 464Q343 527 309 573T212 619Q179 619 154 602T119 569T109 550Q109 549 114 549Q132 549 151 535T170 489Q170 464 154 447T109 429Z\"></path></g></g></svg></span>, <span style=\"font-size: 100%; display: inline-block;\" class=\"MathJax_SVG\" id=\"MathJax-Element-9-Frame\"><svg xmlns:xlink=\"http://www.w3.org/1999/xlink\" width=\"5.477ex\" height=\"2.176ex\" style=\"vertical-align: -0.338ex;\" viewBox=\"0 -791.3 2358.1 936.9\" role=\"img\" focusable=\"false\"><g stroke=\"currentColor\" fill=\"currentColor\" stroke-width=\"0\" transform=\"matrix(1 0 0 -1 0 0)\"><path stroke-width=\"1\" d=\"M366 683Q367 683 438 688T511 694Q523 694 523 686Q523 679 450 384T375 83T374 68Q374 26 402 26Q411 27 422 35Q443 55 463 131Q469 151 473 152Q475 153 483 153H487H491Q506 153 506 145Q506 140 503 129Q490 79 473 48T445 8T417 -8Q409 -10 393 -10Q359 -10 336 5T306 36L300 51Q299 52 296 50Q294 48 292 46Q233 -10 172 -10Q117 -10 75 30T33 157Q33 205 53 255T101 341Q148 398 195 420T280 442Q336 442 364 400Q369 394 369 396Q370 400 396 505T424 616Q424 629 417 632T378 637H357Q351 643 351 645T353 664Q358 683 366 683ZM352 326Q329 405 277 405Q242 405 210 374T160 293Q131 214 119 129Q119 126 119 118T118 106Q118 61 136 44T179 26Q233 26 290 98L298 109L352 326Z\"></path><g transform=\"translate(801,0)\"><path stroke-width=\"1\" d=\"M56 347Q56 360 70 367H707Q722 359 722 347Q722 336 708 328L390 327H72Q56 332 56 347ZM56 153Q56 168 72 173H708Q722 163 722 153Q722 140 707 133H70Q56 140 56 153Z\"></path></g><g transform=\"translate(1857,0)\"><path stroke-width=\"1\" d=\"M127 463Q100 463 85 480T69 524Q69 579 117 622T233 665Q268 665 277 664Q351 652 390 611T430 522Q430 470 396 421T302 350L299 348Q299 347 308 345T337 336T375 315Q457 262 457 175Q457 96 395 37T238 -22Q158 -22 100 21T42 130Q42 158 60 175T105 193Q133 193 151 175T169 130Q169 119 166 110T159 94T148 82T136 74T126 70T118 67L114 66Q165 21 238 21Q293 21 321 74Q338 107 338 175V195Q338 290 274 322Q259 328 213 329L171 330L168 332Q166 335 166 348Q166 366 174 366Q202 366 232 371Q266 376 294 413T322 525V533Q322 590 287 612Q265 626 240 626Q208 626 181 615T143 592T132 580H135Q138 579 143 578T153 573T165 566T175 555T183 540T186 520Q186 498 172 481T127 463Z\"></path></g></g></svg></span> and the chocolate bar contains <span style=\"font-size: 100%; display: inline-block;\" class=\"MathJax_SVG\" id=\"MathJax-Element-10-Frame\"><svg xmlns:xlink=\"http://www.w3.org/1999/xlink\" width=\"1.395ex\" height=\"1.676ex\" style=\"vertical-align: -0.338ex;\" viewBox=\"0 -576.1 600.5 721.6\" role=\"img\" focusable=\"false\"><g stroke=\"currentColor\" fill=\"currentColor\" stroke-width=\"0\" transform=\"matrix(1 0 0 -1 0 0)\"><path stroke-width=\"1\" d=\"M21 287Q22 293 24 303T36 341T56 388T89 425T135 442Q171 442 195 424T225 390T231 369Q231 367 232 367L243 378Q304 442 382 442Q436 442 469 415T503 336T465 179T427 52Q427 26 444 26Q450 26 453 27Q482 32 505 65T540 145Q542 153 560 153Q580 153 580 145Q580 144 576 130Q568 101 554 73T508 17T439 -10Q392 -10 371 17T350 73Q350 92 386 193T423 345Q423 404 379 404H374Q288 404 229 303L222 291L189 157Q156 26 151 16Q138 -11 108 -11Q95 -11 87 -5T76 7T74 17Q74 30 112 180T152 343Q153 348 153 366Q153 405 129 405Q91 405 66 305Q60 285 60 284Q58 278 41 278H27Q21 284 21 287Z\"></path></g></svg></span> rows of squares with the integers <span style=\"font-size: 100%; display: inline-block;\" class=\"MathJax_SVG\" id=\"MathJax-Element-11-Frame\"><svg xmlns:xlink=\"http://www.w3.org/1999/xlink\" width=\"11.242ex\" height=\"2.843ex\" style=\"vertical-align: -0.838ex;\" viewBox=\"0 -863.1 4840.2 1223.9\" role=\"img\" focusable=\"false\"><g stroke=\"currentColor\" fill=\"currentColor\" stroke-width=\"0\" transform=\"matrix(1 0 0 -1 0 0)\"><path stroke-width=\"1\" d=\"M118 -250V750H255V710H158V-210H255V-250H118Z\"></path><g transform=\"translate(278,0)\"><path stroke-width=\"1\" d=\"M213 578L200 573Q186 568 160 563T102 556H83V602H102Q149 604 189 617T245 641T273 663Q275 666 285 666Q294 666 302 660V361L303 61Q310 54 315 52T339 48T401 46H427V0H416Q395 3 257 3Q121 3 100 0H88V46H114Q136 46 152 46T177 47T193 50T201 52T207 57T213 61V578Z\"></path></g><g transform=\"translate(779,0)\"><path stroke-width=\"1\" d=\"M78 35T78 60T94 103T137 121Q165 121 187 96T210 8Q210 -27 201 -60T180 -117T154 -158T130 -185T117 -194Q113 -194 104 -185T95 -172Q95 -168 106 -156T131 -126T157 -76T173 -3V9L172 8Q170 7 167 6T161 3T152 1T140 0Q113 0 96 17Z\"></path></g><g transform=\"translate(1224,0)\"><path stroke-width=\"1\" d=\"M109 429Q82 429 66 447T50 491Q50 562 103 614T235 666Q326 666 387 610T449 465Q449 422 429 383T381 315T301 241Q265 210 201 149L142 93L218 92Q375 92 385 97Q392 99 409 186V189H449V186Q448 183 436 95T421 3V0H50V19V31Q50 38 56 46T86 81Q115 113 136 137Q145 147 170 174T204 211T233 244T261 278T284 308T305 340T320 369T333 401T340 431T343 464Q343 527 309 573T212 619Q179 619 154 602T119 569T109 550Q109 549 114 549Q132 549 151 535T170 489Q170 464 154 447T109 429Z\"></path></g><g transform=\"translate(1724,0)\"><path stroke-width=\"1\" d=\"M78 35T78 60T94 103T137 121Q165 121 187 96T210 8Q210 -27 201 -60T180 -117T154 -158T130 -185T117 -194Q113 -194 104 -185T95 -172Q95 -168 106 -156T131 -126T157 -76T173 -3V9L172 8Q170 7 167 6T161 3T152 1T140 0Q113 0 96 17Z\"></path></g><g transform=\"translate(2169,0)\"><path stroke-width=\"1\" d=\"M213 578L200 573Q186 568 160 563T102 556H83V602H102Q149 604 189 617T245 641T273 663Q275 666 285 666Q294 666 302 660V361L303 61Q310 54 315 52T339 48T401 46H427V0H416Q395 3 257 3Q121 3 100 0H88V46H114Q136 46 152 46T177 47T193 50T201 52T207 57T213 61V578Z\"></path></g><g transform=\"translate(2670,0)\"><path stroke-width=\"1\" d=\"M78 35T78 60T94 103T137 121Q165 121 187 96T210 8Q210 -27 201 -60T180 -117T154 -158T130 -185T117 -194Q113 -194 104 -185T95 -172Q95 -168 106 -156T131 -126T157 -76T173 -3V9L172 8Q170 7 167 6T161 3T152 1T140 0Q113 0 96 17Z\"></path></g><g transform=\"translate(3115,0)\"><path stroke-width=\"1\" d=\"M127 463Q100 463 85 480T69 524Q69 579 117 622T233 665Q268 665 277 664Q351 652 390 611T430 522Q430 470 396 421T302 350L299 348Q299 347 308 345T337 336T375 315Q457 262 457 175Q457 96 395 37T238 -22Q158 -22 100 21T42 130Q42 158 60 175T105 193Q133 193 151 175T169 130Q169 119 166 110T159 94T148 82T136 74T126 70T118 67L114 66Q165 21 238 21Q293 21 321 74Q338 107 338 175V195Q338 290 274 322Q259 328 213 329L171 330L168 332Q166 335 166 348Q166 366 174 366Q202 366 232 371Q266 376 294 413T322 525V533Q322 590 287 612Q265 626 240 626Q208 626 181 615T143 592T132 580H135Q138 579 143 578T153 573T165 566T175 555T183 540T186 520Q186 498 172 481T127 463Z\"></path></g><g transform=\"translate(3616,0)\"><path stroke-width=\"1\" d=\"M78 35T78 60T94 103T137 121Q165 121 187 96T210 8Q210 -27 201 -60T180 -117T154 -158T130 -185T117 -194Q113 -194 104 -185T95 -172Q95 -168 106 -156T131 -126T157 -76T173 -3V9L172 8Q170 7 167 6T161 3T152 1T140 0Q113 0 96 17Z\"></path></g><g transform=\"translate(4061,0)\"><path stroke-width=\"1\" d=\"M109 429Q82 429 66 447T50 491Q50 562 103 614T235 666Q326 666 387 610T449 465Q449 422 429 383T381 315T301 241Q265 210 201 149L142 93L218 92Q375 92 385 97Q392 99 409 186V189H449V186Q448 183 436 95T421 3V0H50V19V31Q50 38 56 46T86 81Q115 113 136 137Q145 147 170 174T204 211T233 244T261 278T284 308T305 340T320 369T333 401T340 431T343 464Q343 527 309 573T212 619Q179 619 154 602T119 569T109 550Q109 549 114 549Q132 549 151 535T170 489Q170 464 154 447T109 429Z\"></path></g><g transform=\"translate(4561,0)\"><path stroke-width=\"1\" d=\"M22 710V750H159V-250H22V-210H119V710H22Z\"></path></g></g></svg></span> written on them from left to right, the following diagram shows two ways to break off a piece:</p>\n\n<p><img src=\"https://s3.amazonaws.com/hr-assets/0/1489060874-a04ddb06cf-choco4.png\" alt=\"image\" title=\"\"></p></div></div></div><div class='challenge_input_format'><div class='msB challenge_input_format_title'><p><strong>Input Format</strong></p></div><div class='msB challenge_input_format_body'><div class='hackdown-content'><style id=\"MathJax_SVG_styles\">.MathJax_SVG_Display {text-align: center; margin: 1em 0em; position: relative; display: block!important; text-indent: 0; max-width: none; max-height: none; min-width: 0; min-height: 0; width: 100%}\n.MathJax_SVG .MJX-monospace {font-family: monospace}\n.MathJax_SVG .MJX-sans-serif {font-family: sans-serif}\n.MathJax_SVG {display: inline; font-style: normal; font-weight: normal; line-height: normal; font-size: 100%; font-size-adjust: none; text-indent: 0; text-align: left; text-transform: none; letter-spacing: normal; word-spacing: normal; word-wrap: normal; white-space: nowrap; float: none; direction: ltr; max-width: none; max-height: none; min-width: 0; min-height: 0; border: 0; padding: 0; margin: 0}\n.MathJax_SVG * {transition: none; -webkit-transition: none; -moz-transition: none; -ms-transition: none; -o-transition: none}\n.mjx-svg-href {fill: blue; stroke: blue}\n.MathJax_SVG_LineBox {display: table!important}\n.MathJax_SVG_LineBox span {display: table-cell!important; width: 10000em!important; min-width: 0; max-width: none; padding: 0; border: 0; margin: 0}\n</style><svg style=\"display: none;\"><defs id=\"MathJax_SVG_glyphs\"></defs></svg><p>The first line contains an integer denoting <span style=\"font-size: 100%; display: inline-block;\" class=\"MathJax_SVG\" id=\"MathJax-Element-1-Frame\"><svg xmlns:xlink=\"http://www.w3.org/1999/xlink\" width=\"1.395ex\" height=\"1.676ex\" style=\"vertical-align: -0.338ex;\" viewBox=\"0 -576.1 600.5 721.6\" role=\"img\" focusable=\"false\"><g stroke=\"currentColor\" fill=\"currentColor\" stroke-width=\"0\" transform=\"matrix(1 0 0 -1 0 0)\"><path stroke-width=\"1\" d=\"M21 287Q22 293 24 303T36 341T56 388T89 425T135 442Q171 442 195 424T225 390T231 369Q231 367 232 367L243 378Q304 442 382 442Q436 442 469 415T503 336T465 179T427 52Q427 26 444 26Q450 26 453 27Q482 32 505 65T540 145Q542 153 560 153Q580 153 580 145Q580 144 576 130Q568 101 554 73T508 17T439 -10Q392 -10 371 17T350 73Q350 92 386 193T423 345Q423 404 379 404H374Q288 404 229 303L222 291L189 157Q156 26 151 16Q138 -11 108 -11Q95 -11 87 -5T76 7T74 17Q74 30 112 180T152 343Q153 348 153 366Q153 405 129 405Q91 405 66 305Q60 285 60 284Q58 278 41 278H27Q21 284 21 287Z\"></path></g></svg></span> (the number of squares in the chocolate bar). <br>\nThe second line contains <span style=\"font-size: 100%; display: inline-block;\" class=\"MathJax_SVG\" id=\"MathJax-Element-2-Frame\"><svg xmlns:xlink=\"http://www.w3.org/1999/xlink\" width=\"1.395ex\" height=\"1.676ex\" style=\"vertical-align: -0.338ex;\" viewBox=\"0 -576.1 600.5 721.6\" role=\"img\" focusable=\"false\"><g stroke=\"currentColor\" fill=\"currentColor\" stroke-width=\"0\" transform=\"matrix(1 0 0 -1 0 0)\"><path stroke-width=\"1\" d=\"M21 287Q22 293 24 303T36 341T56 388T89 425T135 442Q171 442 195 424T225 390T231 369Q231 367 232 367L243 378Q304 442 382 442Q436 442 469 415T503 336T465 179T427 52Q427 26 444 26Q450 26 453 27Q482 32 505 65T540 145Q542 153 560 153Q580 153 580 145Q580 144 576 130Q568 101 554 73T508 17T439 -10Q392 -10 371 17T350 73Q350 92 386 193T423 345Q423 404 379 404H374Q288 404 229 303L222 291L189 157Q156 26 151 16Q138 -11 108 -11Q95 -11 87 -5T76 7T74 17Q74 30 112 180T152 343Q153 348 153 366Q153 405 129 405Q91 405 66 305Q60 285 60 284Q58 278 41 278H27Q21 284 21 287Z\"></path></g></svg></span> space-separated integers describing the respective values of <span style=\"font-size: 100%; display: inline-block;\" class=\"MathJax_SVG\" id=\"MathJax-Element-3-Frame\"><svg xmlns:xlink=\"http://www.w3.org/1999/xlink\" width=\"14.911ex\" height=\"2.009ex\" style=\"vertical-align: -0.671ex;\" viewBox=\"0 -576.1 6420 865.1\" role=\"img\" focusable=\"false\"><g stroke=\"currentColor\" fill=\"currentColor\" stroke-width=\"0\" transform=\"matrix(1 0 0 -1 0 0)\"><path stroke-width=\"1\" d=\"M131 289Q131 321 147 354T203 415T300 442Q362 442 390 415T419 355Q419 323 402 308T364 292Q351 292 340 300T328 326Q328 342 337 354T354 372T367 378Q368 378 368 379Q368 382 361 388T336 399T297 405Q249 405 227 379T204 326Q204 301 223 291T278 274T330 259Q396 230 396 163Q396 135 385 107T352 51T289 7T195 -10Q118 -10 86 19T53 87Q53 126 74 143T118 160Q133 160 146 151T160 120Q160 94 142 76T111 58Q109 57 108 57T107 55Q108 52 115 47T146 34T201 27Q237 27 263 38T301 66T318 97T323 122Q323 150 302 164T254 181T195 196T148 231Q131 256 131 289Z\"></path><g transform=\"translate(469,-150)\"><path stroke-width=\"1\" transform=\"scale(0.707)\" d=\"M96 585Q152 666 249 666Q297 666 345 640T423 548Q460 465 460 320Q460 165 417 83Q397 41 362 16T301 -15T250 -22Q224 -22 198 -16T137 16T82 83Q39 165 39 320Q39 494 96 585ZM321 597Q291 629 250 629Q208 629 178 597Q153 571 145 525T137 333Q137 175 145 125T181 46Q209 16 250 16Q290 16 318 46Q347 76 354 130T362 333Q362 478 354 524T321 597Z\"></path></g><g transform=\"translate(923,0)\"><path stroke-width=\"1\" d=\"M78 35T78 60T94 103T137 121Q165 121 187 96T210 8Q210 -27 201 -60T180 -117T154 -158T130 -185T117 -194Q113 -194 104 -185T95 -172Q95 -168 106 -156T131 -126T157 -76T173 -3V9L172 8Q170 7 167 6T161 3T152 1T140 0Q113 0 96 17Z\"></path></g><g transform=\"translate(1368,0)\"><path stroke-width=\"1\" d=\"M131 289Q131 321 147 354T203 415T300 442Q362 442 390 415T419 355Q419 323 402 308T364 292Q351 292 340 300T328 326Q328 342 337 354T354 372T367 378Q368 378 368 379Q368 382 361 388T336 399T297 405Q249 405 227 379T204 326Q204 301 223 291T278 274T330 259Q396 230 396 163Q396 135 385 107T352 51T289 7T195 -10Q118 -10 86 19T53 87Q53 126 74 143T118 160Q133 160 146 151T160 120Q160 94 142 76T111 58Q109 57 108 57T107 55Q108 52 115 47T146 34T201 27Q237 27 263 38T301 66T318 97T323 122Q323 150 302 164T254 181T195 196T148 231Q131 256 131 289Z\"></path><g transform=\"translate(469,-150)\"><path stroke-width=\"1\" transform=\"scale(0.707)\" d=\"M213 578L200 573Q186 568 160 563T102 556H83V602H102Q149 604 189 617T245 641T273 663Q275 666 285 666Q294 666 302 660V361L303 61Q310 54 315 52T339 48T401 46H427V0H416Q395 3 257 3Q121 3 100 0H88V46H114Q136 46 152 46T177 47T193 50T201 52T207 57T213 61V578Z\"></path></g></g><g transform=\"translate(2291,0)\"><path stroke-width=\"1\" d=\"M78 35T78 60T94 103T137 121Q165 121 187 96T210 8Q210 -27 201 -60T180 -117T154 -158T130 -185T117 -194Q113 -194 104 -185T95 -172Q95 -168 106 -156T131 -126T157 -76T173 -3V9L172 8Q170 7 167 6T161 3T152 1T140 0Q113 0 96 17Z\"></path></g><g transform=\"translate(2737,0)\"><path stroke-width=\"1\" d=\"M78 60Q78 84 95 102T138 120Q162 120 180 104T199 61Q199 36 182 18T139 0T96 17T78 60ZM525 60Q525 84 542 102T585 120Q609 120 627 104T646 61Q646 36 629 18T586 0T543 17T525 60ZM972 60Q972 84 989 102T1032 120Q1056 120 1074 104T1093 61Q1093 36 1076 18T1033 0T990 17T972 60Z\"></path></g><g transform=\"translate(4076,0)\"><path stroke-width=\"1\" d=\"M78 35T78 60T94 103T137 121Q165 121 187 96T210 8Q210 -27 201 -60T180 -117T154 -158T130 -185T117 -194Q113 -194 104 -185T95 -172Q95 -168 106 -156T131 -126T157 -76T173 -3V9L172 8Q170 7 167 6T161 3T152 1T140 0Q113 0 96 17Z\"></path></g><g transform=\"translate(4521,0)\"><path stroke-width=\"1\" d=\"M131 289Q131 321 147 354T203 415T300 442Q362 442 390 415T419 355Q419 323 402 308T364 292Q351 292 340 300T328 326Q328 342 337 354T354 372T367 378Q368 378 368 379Q368 382 361 388T336 399T297 405Q249 405 227 379T204 326Q204 301 223 291T278 274T330 259Q396 230 396 163Q396 135 385 107T352 51T289 7T195 -10Q118 -10 86 19T53 87Q53 126 74 143T118 160Q133 160 146 151T160 120Q160 94 142 76T111 58Q109 57 108 57T107 55Q108 52 115 47T146 34T201 27Q237 27 263 38T301 66T318 97T323 122Q323 150 302 164T254 181T195 196T148 231Q131 256 131 289Z\"></path><g transform=\"translate(469,-150)\"><path stroke-width=\"1\" transform=\"scale(0.707)\" d=\"M21 287Q22 293 24 303T36 341T56 388T89 425T135 442Q171 442 195 424T225 390T231 369Q231 367 232 367L243 378Q304 442 382 442Q436 442 469 415T503 336T465 179T427 52Q427 26 444 26Q450 26 453 27Q482 32 505 65T540 145Q542 153 560 153Q580 153 580 145Q580 144 576 130Q568 101 554 73T508 17T439 -10Q392 -10 371 17T350 73Q350 92 386 193T423 345Q423 404 379 404H374Q288 404 229 303L222 291L189 157Q156 26 151 16Q138 -11 108 -11Q95 -11 87 -5T76 7T74 17Q74 30 112 180T152 343Q153 348 153 366Q153 405 129 405Q91 405 66 305Q60 285 60 284Q58 278 41 278H27Q21 284 21 287Z\"></path><g transform=\"translate(424,0)\"><path stroke-width=\"1\" transform=\"scale(0.707)\" d=\"M84 237T84 250T98 270H679Q694 262 694 250T679 230H98Q84 237 84 250Z\"></path></g><g transform=\"translate(975,0)\"><path stroke-width=\"1\" transform=\"scale(0.707)\" d=\"M213 578L200 573Q186 568 160 563T102 556H83V602H102Q149 604 189 617T245 641T273 663Q275 666 285 666Q294 666 302 660V361L303 61Q310 54 315 52T339 48T401 46H427V0H416Q395 3 257 3Q121 3 100 0H88V46H114Q136 46 152 46T177 47T193 50T201 52T207 57T213 61V578Z\"></path></g></g></g></g></svg></span> (the numbers written on each consecutive square of chocolate). <br>\nThe third line contains two space-separated integers describing the respective values of <span style=\"font-size: 100%; display: inline-block;\" class=\"MathJax_SVG\" id=\"MathJax-Element-4-Frame\"><svg xmlns:xlink=\"http://www.w3.org/1999/xlink\" width=\"1.216ex\" height=\"2.176ex\" style=\"vertical-align: -0.338ex;\" viewBox=\"0 -791.3 523.5 936.9\" role=\"img\" focusable=\"false\"><g stroke=\"currentColor\" fill=\"currentColor\" stroke-width=\"0\" transform=\"matrix(1 0 0 -1 0 0)\"><path stroke-width=\"1\" d=\"M366 683Q367 683 438 688T511 694Q523 694 523 686Q523 679 450 384T375 83T374 68Q374 26 402 26Q411 27 422 35Q443 55 463 131Q469 151 473 152Q475 153 483 153H487H491Q506 153 506 145Q506 140 503 129Q490 79 473 48T445 8T417 -8Q409 -10 393 -10Q359 -10 336 5T306 36L300 51Q299 52 296 50Q294 48 292 46Q233 -10 172 -10Q117 -10 75 30T33 157Q33 205 53 255T101 341Q148 398 195 420T280 442Q336 442 364 400Q369 394 369 396Q370 400 396 505T424 616Q424 629 417 632T378 637H357Q351 643 351 645T353 664Q358 683 366 683ZM352 326Q329 405 277 405Q242 405 210 374T160 293Q131 214 119 129Q119 126 119 118T118 106Q118 61 136 44T179 26Q233 26 290 98L298 109L352 326Z\"></path></g></svg></span> (Ron's birth <em>day</em>) and <span style=\"font-size: 100%; display: inline-block;\" class=\"MathJax_SVG\" id=\"MathJax-Element-5-Frame\"><svg xmlns:xlink=\"http://www.w3.org/1999/xlink\" width=\"2.04ex\" height=\"1.676ex\" style=\"vertical-align: -0.338ex;\" viewBox=\"0 -576.1 878.5 721.6\" role=\"img\" focusable=\"false\"><g stroke=\"currentColor\" fill=\"currentColor\" stroke-width=\"0\" transform=\"matrix(1 0 0 -1 0 0)\"><path stroke-width=\"1\" d=\"M21 287Q22 293 24 303T36 341T56 388T88 425T132 442T175 435T205 417T221 395T229 376L231 369Q231 367 232 367L243 378Q303 442 384 442Q401 442 415 440T441 433T460 423T475 411T485 398T493 385T497 373T500 364T502 357L510 367Q573 442 659 442Q713 442 746 415T780 336Q780 285 742 178T704 50Q705 36 709 31T724 26Q752 26 776 56T815 138Q818 149 821 151T837 153Q857 153 857 145Q857 144 853 130Q845 101 831 73T785 17T716 -10Q669 -10 648 17T627 73Q627 92 663 193T700 345Q700 404 656 404H651Q565 404 506 303L499 291L466 157Q433 26 428 16Q415 -11 385 -11Q372 -11 364 -4T353 8T350 18Q350 29 384 161L420 307Q423 322 423 345Q423 404 379 404H374Q288 404 229 303L222 291L189 157Q156 26 151 16Q138 -11 108 -11Q95 -11 87 -5T76 7T74 17Q74 30 112 181Q151 335 151 342Q154 357 154 369Q154 405 129 405Q107 405 92 377T69 316T57 280Q55 278 41 278H27Q21 284 21 287Z\"></path></g></svg></span> (Ron's birth <em>month</em>).</p></div></div></div><div class='challenge_constraints'><div class='msB challenge_constraints_title'><p><strong>Constraints</strong></p></div><div class='msB challenge_constraints_body'><div class='hackdown-content'><style id=\"MathJax_SVG_styles\">.MathJax_SVG_Display {text-align: center; margin: 1em 0em; position: relative; display: block!important; text-indent: 0; max-width: none; max-height: none; min-width: 0; min-height: 0; width: 100%}\n.MathJax_SVG .MJX-monospace {font-family: monospace}\n.MathJax_SVG .MJX-sans-serif {font-family: sans-serif}\n.MathJax_SVG {display: inline; font-style: normal; font-weight: normal; line-height: normal; font-size: 100%; font-size-adjust: none; text-indent: 0; text-align: left; text-transform: none; letter-spacing: normal; word-spacing: normal; word-wrap: normal; white-space: nowrap; float: none; direction: ltr; max-width: none; max-height: none; min-width: 0; min-height: 0; border: 0; padding: 0; margin: 0}\n.MathJax_SVG * {transition: none; -webkit-transition: none; -moz-transition: none; -ms-transition: none; -o-transition: none}\n.mjx-svg-href {fill: blue; stroke: blue}\n.MathJax_SVG_LineBox {display: table!important}\n.MathJax_SVG_LineBox span {display: table-cell!important; width: 10000em!important; min-width: 0; max-width: none; padding: 0; border: 0; margin: 0}\n</style><svg style=\"display: none;\"><defs id=\"MathJax_SVG_glyphs\"></defs></svg><ul>\n<li><span style=\"font-size: 100%; display: inline-block;\" class=\"MathJax_SVG\" id=\"MathJax-Element-1-Frame\"><svg xmlns:xlink=\"http://www.w3.org/1999/xlink\" width=\"12.241ex\" height=\"2.343ex\" style=\"vertical-align: -0.505ex;\" viewBox=\"0 -791.3 5270.6 1008.6\" role=\"img\" focusable=\"false\"><g stroke=\"currentColor\" fill=\"currentColor\" stroke-width=\"0\" transform=\"matrix(1 0 0 -1 0 0)\"><path stroke-width=\"1\" d=\"M213 578L200 573Q186 568 160 563T102 556H83V602H102Q149 604 189 617T245 641T273 663Q275 666 285 666Q294 666 302 660V361L303 61Q310 54 315 52T339 48T401 46H427V0H416Q395 3 257 3Q121 3 100 0H88V46H114Q136 46 152 46T177 47T193 50T201 52T207 57T213 61V578Z\"></path><g transform=\"translate(778,0)\"><path stroke-width=\"1\" d=\"M674 636Q682 636 688 630T694 615T687 601Q686 600 417 472L151 346L399 228Q687 92 691 87Q694 81 694 76Q694 58 676 56H670L382 192Q92 329 90 331Q83 336 83 348Q84 359 96 365Q104 369 382 500T665 634Q669 636 674 636ZM84 -118Q84 -108 99 -98H678Q694 -104 694 -118Q694 -130 679 -138H98Q84 -131 84 -118Z\"></path></g><g transform=\"translate(1834,0)\"><path stroke-width=\"1\" d=\"M21 287Q22 293 24 303T36 341T56 388T89 425T135 442Q171 442 195 424T225 390T231 369Q231 367 232 367L243 378Q304 442 382 442Q436 442 469 415T503 336T465 179T427 52Q427 26 444 26Q450 26 453 27Q482 32 505 65T540 145Q542 153 560 153Q580 153 580 145Q580 144 576 130Q568 101 554 73T508 17T439 -10Q392 -10 371 17T350 73Q350 92 386 193T423 345Q423 404 379 404H374Q288 404 229 303L222 291L189 157Q156 26 151 16Q138 -11 108 -11Q95 -11 87 -5T76 7T74 17Q74 30 112 180T152 343Q153 348 153 366Q153 405 129 405Q91 405 66 305Q60 285 60 284Q58 278 41 278H27Q21 284 21 287Z\"></path></g><g transform=\"translate(2712,0)\"><path stroke-width=\"1\" d=\"M674 636Q682 636 688 630T694 615T687 601Q686 600 417 472L151 346L399 228Q687 92 691 87Q694 81 694 76Q694 58 676 56H670L382 192Q92 329 90 331Q83 336 83 348Q84 359 96 365Q104 369 382 500T665 634Q669 636 674 636ZM84 -118Q84 -108 99 -98H678Q694 -104 694 -118Q694 -130 679 -138H98Q84 -131 84 -118Z\"></path></g><g transform=\"translate(3769,0)\"><path stroke-width=\"1\" d=\"M213 578L200 573Q186 568 160 563T102 556H83V602H102Q149 604 189 617T245 641T273 663Q275 666 285 666Q294 666 302 660V361L303 61Q310 54 315 52T339 48T401 46H427V0H416Q395 3 257 3Q121 3 100 0H88V46H114Q136 46 152 46T177 47T193 50T201 52T207 57T213 61V578Z\"></path><path stroke-width=\"1\" d=\"M96 585Q152 666 249 666Q297 666 345 640T423 548Q460 465 460 320Q460 165 417 83Q397 41 362 16T301 -15T250 -22Q224 -22 198 -16T137 16T82 83Q39 165 39 320Q39 494 96 585ZM321 597Q291 629 250 629Q208 629 178 597Q153 571 145 525T137 333Q137 175 145 125T181 46Q209 16 250 16Q290 16 318 46Q347 76 354 130T362 333Q362 478 354 524T321 597Z\" transform=\"translate(500,0)\"></path><path stroke-width=\"1\" d=\"M96 585Q152 666 249 666Q297 666 345 640T423 548Q460 465 460 320Q460 165 417 83Q397 41 362 16T301 -15T250 -22Q224 -22 198 -16T137 16T82 83Q39 165 39 320Q39 494 96 585ZM321 597Q291 629 250 629Q208 629 178 597Q153 571 145 525T137 333Q137 175 145 125T181 46Q209 16 250 16Q290 16 318 46Q347 76 354 130T362 333Q362 478 354 524T321 597Z\" transform=\"translate(1001,0)\"></path></g></g></svg></span>  </li>\n<li><span style=\"font-size: 100%; display: inline-block;\" class=\"MathJax_SVG\" id=\"MathJax-Element-2-Frame\"><svg xmlns:xlink=\"http://www.w3.org/1999/xlink\" width=\"10.412ex\" height=\"2.509ex\" style=\"vertical-align: -0.671ex;\" viewBox=\"0 -791.3 4482.9 1080.4\" role=\"img\" focusable=\"false\"><g stroke=\"currentColor\" fill=\"currentColor\" stroke-width=\"0\" transform=\"matrix(1 0 0 -1 0 0)\"><path stroke-width=\"1\" d=\"M213 578L200 573Q186 568 160 563T102 556H83V602H102Q149 604 189 617T245 641T273 663Q275 666 285 666Q294 666 302 660V361L303 61Q310 54 315 52T339 48T401 46H427V0H416Q395 3 257 3Q121 3 100 0H88V46H114Q136 46 152 46T177 47T193 50T201 52T207 57T213 61V578Z\"></path><g transform=\"translate(778,0)\"><path stroke-width=\"1\" d=\"M674 636Q682 636 688 630T694 615T687 601Q686 600 417 472L151 346L399 228Q687 92 691 87Q694 81 694 76Q694 58 676 56H670L382 192Q92 329 90 331Q83 336 83 348Q84 359 96 365Q104 369 382 500T665 634Q669 636 674 636ZM84 -118Q84 -108 99 -98H678Q694 -104 694 -118Q694 -130 679 -138H98Q84 -131 84 -118Z\"></path></g><g transform=\"translate(1834,0)\"><path stroke-width=\"1\" d=\"M131 289Q131 321 147 354T203 415T300 442Q362 442 390 415T419 355Q419 323 402 308T364 292Q351 292 340 300T328 326Q328 342 337 354T354 372T367 378Q368 378 368 379Q368 382 361 388T336 399T297 405Q249 405 227 379T204 326Q204 301 223 291T278 274T330 259Q396 230 396 163Q396 135 385 107T352 51T289 7T195 -10Q118 -10 86 19T53 87Q53 126 74 143T118 160Q133 160 146 151T160 120Q160 94 142 76T111 58Q109 57 108 57T107 55Q108 52 115 47T146 34T201 27Q237 27 263 38T301 66T318 97T323 122Q323 150 302 164T254 181T195 196T148 231Q131 256 131 289Z\"></path><g transform=\"translate(469,-150)\"><path stroke-width=\"1\" transform=\"scale(0.707)\" d=\"M184 600Q184 624 203 642T247 661Q265 661 277 649T290 619Q290 596 270 577T226 557Q211 557 198 567T184 600ZM21 287Q21 295 30 318T54 369T98 420T158 442Q197 442 223 419T250 357Q250 340 236 301T196 196T154 83Q149 61 149 51Q149 26 166 26Q175 26 185 29T208 43T235 78T260 137Q263 149 265 151T282 153Q302 153 302 143Q302 135 293 112T268 61T223 11T161 -11Q129 -11 102 10T74 74Q74 91 79 106T122 220Q160 321 166 341T173 380Q173 404 156 404H154Q124 404 99 371T61 287Q60 286 59 284T58 281T56 279T53 278T49 278T41 278H27Q21 284 21 287Z\"></path></g></g><g transform=\"translate(2926,0)\"><path stroke-width=\"1\" d=\"M674 636Q682 636 688 630T694 615T687 601Q686 600 417 472L151 346L399 228Q687 92 691 87Q694 81 694 76Q694 58 676 56H670L382 192Q92 329 90 331Q83 336 83 348Q84 359 96 365Q104 369 382 500T665 634Q669 636 674 636ZM84 -118Q84 -108 99 -98H678Q694 -104 694 -118Q694 -130 679 -138H98Q84 -131 84 -118Z\"></path></g><g transform=\"translate(3982,0)\"><path stroke-width=\"1\" d=\"M164 157Q164 133 148 117T109 101H102Q148 22 224 22Q294 22 326 82Q345 115 345 210Q345 313 318 349Q292 382 260 382H254Q176 382 136 314Q132 307 129 306T114 304Q97 304 95 310Q93 314 93 485V614Q93 664 98 664Q100 666 102 666Q103 666 123 658T178 642T253 634Q324 634 389 662Q397 666 402 666Q410 666 410 648V635Q328 538 205 538Q174 538 149 544L139 546V374Q158 388 169 396T205 412T256 420Q337 420 393 355T449 201Q449 109 385 44T229 -22Q148 -22 99 32T50 154Q50 178 61 192T84 210T107 214Q132 214 148 197T164 157Z\"></path></g></g></svg></span>, where (<span style=\"font-size: 100%; display: inline-block;\" class=\"MathJax_SVG\" id=\"MathJax-Element-3-Frame\"><svg xmlns:xlink=\"http://www.w3.org/1999/xlink\" width=\"9.557ex\" height=\"2.343ex\" style=\"vertical-align: -0.505ex;\" viewBox=\"0 -791.3 4114.6 1008.6\" role=\"img\" focusable=\"false\"><g stroke=\"currentColor\" fill=\"currentColor\" stroke-width=\"0\" transform=\"matrix(1 0 0 -1 0 0)\"><path stroke-width=\"1\" d=\"M96 585Q152 666 249 666Q297 666 345 640T423 548Q460 465 460 320Q460 165 417 83Q397 41 362 16T301 -15T250 -22Q224 -22 198 -16T137 16T82 83Q39 165 39 320Q39 494 96 585ZM321 597Q291 629 250 629Q208 629 178 597Q153 571 145 525T137 333Q137 175 145 125T181 46Q209 16 250 16Q290 16 318 46Q347 76 354 130T362 333Q362 478 354 524T321 597Z\"></path><g transform=\"translate(778,0)\"><path stroke-width=\"1\" d=\"M674 636Q682 636 688 630T694 615T687 601Q686 600 417 472L151 346L399 228Q687 92 691 87Q694 81 694 76Q694 58 676 56H670L382 192Q92 329 90 331Q83 336 83 348Q84 359 96 365Q104 369 382 500T665 634Q669 636 674 636ZM84 -118Q84 -108 99 -98H678Q694 -104 694 -118Q694 -130 679 -138H98Q84 -131 84 -118Z\"></path></g><g transform=\"translate(1834,0)\"><path stroke-width=\"1\" d=\"M184 600Q184 624 203 642T247 661Q265 661 277 649T290 619Q290 596 270 577T226 557Q211 557 198 567T184 600ZM21 287Q21 295 30 318T54 369T98 420T158 442Q197 442 223 419T250 357Q250 340 236 301T196 196T154 83Q149 61 149 51Q149 26 166 26Q175 26 185 29T208 43T235 78T260 137Q263 149 265 151T282 153Q302 153 302 143Q302 135 293 112T268 61T223 11T161 -11Q129 -11 102 10T74 74Q74 91 79 106T122 220Q160 321 166 341T173 380Q173 404 156 404H154Q124 404 99 371T61 287Q60 286 59 284T58 281T56 279T53 278T49 278T41 278H27Q21 284 21 287Z\"></path></g><g transform=\"translate(2457,0)\"><path stroke-width=\"1\" d=\"M694 -11T694 -19T688 -33T678 -40Q671 -40 524 29T234 166L90 235Q83 240 83 250Q83 261 91 266Q664 540 678 540Q681 540 687 534T694 519T687 505Q686 504 417 376L151 250L417 124Q686 -4 687 -5Q694 -11 694 -19Z\"></path></g><g transform=\"translate(3514,0)\"><path stroke-width=\"1\" d=\"M21 287Q22 293 24 303T36 341T56 388T89 425T135 442Q171 442 195 424T225 390T231 369Q231 367 232 367L243 378Q304 442 382 442Q436 442 469 415T503 336T465 179T427 52Q427 26 444 26Q450 26 453 27Q482 32 505 65T540 145Q542 153 560 153Q580 153 580 145Q580 144 576 130Q568 101 554 73T508 17T439 -10Q392 -10 371 17T350 73Q350 92 386 193T423 345Q423 404 379 404H374Q288 404 229 303L222 291L189 157Q156 26 151 16Q138 -11 108 -11Q95 -11 87 -5T76 7T74 17Q74 30 112 180T152 343Q153 348 153 366Q153 405 129 405Q91 405 66 305Q60 285 60 284Q58 278 41 278H27Q21 284 21 287Z\"></path></g></g></svg></span>)     </li>\n<li><span style=\"font-size: 100%; display: inline-block;\" class=\"MathJax_SVG\" id=\"MathJax-Element-4-Frame\"><svg xmlns:xlink=\"http://www.w3.org/1999/xlink\" width=\"10.9ex\" height=\"2.343ex\" style=\"vertical-align: -0.505ex;\" viewBox=\"0 -791.3 4693.1 1008.6\" role=\"img\" focusable=\"false\"><g stroke=\"currentColor\" fill=\"currentColor\" stroke-width=\"0\" transform=\"matrix(1 0 0 -1 0 0)\"><path stroke-width=\"1\" d=\"M213 578L200 573Q186 568 160 563T102 556H83V602H102Q149 604 189 617T245 641T273 663Q275 666 285 666Q294 666 302 660V361L303 61Q310 54 315 52T339 48T401 46H427V0H416Q395 3 257 3Q121 3 100 0H88V46H114Q136 46 152 46T177 47T193 50T201 52T207 57T213 61V578Z\"></path><g transform=\"translate(778,0)\"><path stroke-width=\"1\" d=\"M674 636Q682 636 688 630T694 615T687 601Q686 600 417 472L151 346L399 228Q687 92 691 87Q694 81 694 76Q694 58 676 56H670L382 192Q92 329 90 331Q83 336 83 348Q84 359 96 365Q104 369 382 500T665 634Q669 636 674 636ZM84 -118Q84 -108 99 -98H678Q694 -104 694 -118Q694 -130 679 -138H98Q84 -131 84 -118Z\"></path></g><g transform=\"translate(1834,0)\"><path stroke-width=\"1\" d=\"M366 683Q367 683 438 688T511 694Q523 694 523 686Q523 679 450 384T375 83T374 68Q374 26 402 26Q411 27 422 35Q443 55 463 131Q469 151 473 152Q475 153 483 153H487H491Q506 153 506 145Q506 140 503 129Q490 79 473 48T445 8T417 -8Q409 -10 393 -10Q359 -10 336 5T306 36L300 51Q299 52 296 50Q294 48 292 46Q233 -10 172 -10Q117 -10 75 30T33 157Q33 205 53 255T101 341Q148 398 195 420T280 442Q336 442 364 400Q369 394 369 396Q370 400 396 505T424 616Q424 629 417 632T378 637H357Q351 643 351 645T353 664Q358 683 366 683ZM352 326Q329 405 277 405Q242 405 210 374T160 293Q131 214 119 129Q119 126 119 118T118 106Q118 61 136 44T179 26Q233 26 290 98L298 109L352 326Z\"></path></g><g transform=\"translate(2635,0)\"><path stroke-width=\"1\" d=\"M674 636Q682 636 688 630T694 615T687 601Q686 600 417 472L151 346L399 228Q687 92 691 87Q694 81 694 76Q694 58 676 56H670L382 192Q92 329 90 331Q83 336 83 348Q84 359 96 365Q104 369 382 500T665 634Q669 636 674 636ZM84 -118Q84 -108 99 -98H678Q694 -104 694 -118Q694 -130 679 -138H98Q84 -131 84 -118Z\"></path></g><g transform=\"translate(3692,0)\"><path stroke-width=\"1\" d=\"M127 463Q100 463 85 480T69 524Q69 579 117 622T233 665Q268 665 277 664Q351 652 390 611T430 522Q430 470 396 421T302 350L299 348Q299 347 308 345T337 336T375 315Q457 262 457 175Q457 96 395 37T238 -22Q158 -22 100 21T42 130Q42 158 60 175T105 193Q133 193 151 175T169 130Q169 119 166 110T159 94T148 82T136 74T126 70T118 67L114 66Q165 21 238 21Q293 21 321 74Q338 107 338 175V195Q338 290 274 322Q259 328 213 329L171 330L168 332Q166 335 166 348Q166 366 174 366Q202 366 232 371Q266 376 294 413T322 525V533Q322 590 287 612Q265 626 240 626Q208 626 181 615T143 592T132 580H135Q138 579 143 578T153 573T165 566T175 555T183 540T186 520Q186 498 172 481T127 463Z\"></path><path stroke-width=\"1\" d=\"M213 578L200 573Q186 568 160 563T102 556H83V602H102Q149 604 189 617T245 641T273 663Q275 666 285 666Q294 666 302 660V361L303 61Q310 54 315 52T339 48T401 46H427V0H416Q395 3 257 3Q121 3 100 0H88V46H114Q136 46 152 46T177 47T193 50T201 52T207 57T213 61V578Z\" transform=\"translate(500,0)\"></path></g></g></svg></span>  </li>\n<li><span style=\"font-size: 100%; display: inline-block;\" class=\"MathJax_SVG\" id=\"MathJax-Element-5-Frame\"><svg xmlns:xlink=\"http://www.w3.org/1999/xlink\" width=\"11.725ex\" height=\"2.343ex\" style=\"vertical-align: -0.505ex;\" viewBox=\"0 -791.3 5048.1 1008.6\" role=\"img\" focusable=\"false\"><g stroke=\"currentColor\" fill=\"currentColor\" stroke-width=\"0\" transform=\"matrix(1 0 0 -1 0 0)\"><path stroke-width=\"1\" d=\"M213 578L200 573Q186 568 160 563T102 556H83V602H102Q149 604 189 617T245 641T273 663Q275 666 285 666Q294 666 302 660V361L303 61Q310 54 315 52T339 48T401 46H427V0H416Q395 3 257 3Q121 3 100 0H88V46H114Q136 46 152 46T177 47T193 50T201 52T207 57T213 61V578Z\"></path><g transform=\"translate(778,0)\"><path stroke-width=\"1\" d=\"M674 636Q682 636 688 630T694 615T687 601Q686 600 417 472L151 346L399 228Q687 92 691 87Q694 81 694 76Q694 58 676 56H670L382 192Q92 329 90 331Q83 336 83 348Q84 359 96 365Q104 369 382 500T665 634Q669 636 674 636ZM84 -118Q84 -108 99 -98H678Q694 -104 694 -118Q694 -130 679 -138H98Q84 -131 84 -118Z\"></path></g><g transform=\"translate(1834,0)\"><path stroke-width=\"1\" d=\"M21 287Q22 293 24 303T36 341T56 388T88 425T132 442T175 435T205 417T221 395T229 376L231 369Q231 367 232 367L243 378Q303 442 384 442Q401 442 415 440T441 433T460 423T475 411T485 398T493 385T497 373T500 364T502 357L510 367Q573 442 659 442Q713 442 746 415T780 336Q780 285 742 178T704 50Q705 36 709 31T724 26Q752 26 776 56T815 138Q818 149 821 151T837 153Q857 153 857 145Q857 144 853 130Q845 101 831 73T785 17T716 -10Q669 -10 648 17T627 73Q627 92 663 193T700 345Q700 404 656 404H651Q565 404 506 303L499 291L466 157Q433 26 428 16Q415 -11 385 -11Q372 -11 364 -4T353 8T350 18Q350 29 384 161L420 307Q423 322 423 345Q423 404 379 404H374Q288 404 229 303L222 291L189 157Q156 26 151 16Q138 -11 108 -11Q95 -11 87 -5T76 7T74 17Q74 30 112 181Q151 335 151 342Q154 357 154 369Q154 405 129 405Q107 405 92 377T69 316T57 280Q55 278 41 278H27Q21 284 21 287Z\"></path></g><g transform=\"translate(2990,0)\"><path stroke-width=\"1\" d=\"M674 636Q682 636 688 630T694 615T687 601Q686 600 417 472L151 346L399 228Q687 92 691 87Q694 81 694 76Q694 58 676 56H670L382 192Q92 329 90 331Q83 336 83 348Q84 359 96 365Q104 369 382 500T665 634Q669 636 674 636ZM84 -118Q84 -108 99 -98H678Q694 -104 694 -118Q694 -130 679 -138H98Q84 -131 84 -118Z\"></path></g><g transform=\"translate(4047,0)\"><path stroke-width=\"1\" d=\"M213 578L200 573Q186 568 160 563T102 556H83V602H102Q149 604 189 617T245 641T273 663Q275 666 285 666Q294 666 302 660V361L303 61Q310 54 315 52T339 48T401 46H427V0H416Q395 3 257 3Q121 3 100 0H88V46H114Q136 46 152 46T177 47T193 50T201 52T207 57T213 61V578Z\"></path><path stroke-width=\"1\" d=\"M109 429Q82 429 66 447T50 491Q50 562 103 614T235 666Q326 666 387 610T449 465Q449 422 429 383T381 315T301 241Q265 210 201 149L142 93L218 92Q375 92 385 97Q392 99 409 186V189H449V186Q448 183 436 95T421 3V0H50V19V31Q50 38 56 46T86 81Q115 113 136 137Q145 147 170 174T204 211T233 244T261 278T284 308T305 340T320 369T333 401T340 431T343 464Q343 527 309 573T212 619Q179 619 154 602T119 569T109 550Q109 549 114 549Q132 549 151 535T170 489Q170 464 154 447T109 429Z\" transform=\"translate(500,0)\"></path></g></g></svg></span></li>\n</ul></div></div></div><div class='challenge_output_format'><div class='msB challenge_output_format_title'><p><strong>Output Format</strong></p></div><div class='msB challenge_output_format_body'><div class='hackdown-content'><style id=\"MathJax_SVG_styles\">.MathJax_SVG_Display {text-align: center; margin: 1em 0em; position: relative; display: block!important; text-indent: 0; max-width: none; max-height: none; min-width: 0; min-height: 0; width: 100%}\n.MathJax_SVG .MJX-monospace {font-family: monospace}\n.MathJax_SVG .MJX-sans-serif {font-family: sans-serif}\n.MathJax_SVG {display: inline; font-style: normal; font-weight: normal; line-height: normal; font-size: 100%; font-size-adjust: none; text-indent: 0; text-align: left; text-transform: none; letter-spacing: normal; word-spacing: normal; word-wrap: normal; white-space: nowrap; float: none; direction: ltr; max-width: none; max-height: none; min-width: 0; min-height: 0; border: 0; padding: 0; margin: 0}\n.MathJax_SVG * {transition: none; -webkit-transition: none; -moz-transition: none; -ms-transition: none; -o-transition: none}\n.mjx-svg-href {fill: blue; stroke: blue}\n.MathJax_SVG_LineBox {display: table!important}\n.MathJax_SVG_LineBox span {display: table-cell!important; width: 10000em!important; min-width: 0; max-width: none; padding: 0; border: 0; margin: 0}\n</style><svg style=\"display: none;\"><defs id=\"MathJax_SVG_glyphs\"></defs></svg><p>Print an integer denoting the total number of ways that Lily can give a piece of chocolate to Ron.</p></div></div></div><div class='challenge_sample_input'><div class='msB challenge_sample_input_title'><p><strong>Sample Input 0</strong></p></div><div class='msB challenge_sample_input_body'><div class='hackdown-content'><style id=\"MathJax_SVG_styles\">.MathJax_SVG_Display {text-align: center; margin: 1em 0em; position: relative; display: block!important; text-indent: 0; max-width: none; max-height: none; min-width: 0; min-height: 0; width: 100%}\n.MathJax_SVG .MJX-monospace {font-family: monospace}\n.MathJax_SVG .MJX-sans-serif {font-family: sans-serif}\n.MathJax_SVG {display: inline; font-style: normal; font-weight: normal; line-height: normal; font-size: 100%; font-size-adjust: none; text-indent: 0; text-align: left; text-transform: none; letter-spacing: normal; word-spacing: normal; word-wrap: normal; white-space: nowrap; float: none; direction: ltr; max-width: none; max-height: none; min-width: 0; min-height: 0; border: 0; padding: 0; margin: 0}\n.MathJax_SVG * {transition: none; -webkit-transition: none; -moz-transition: none; -ms-transition: none; -o-transition: none}\n.mjx-svg-href {fill: blue; stroke: blue}\n.MathJax_SVG_LineBox {display: table!important}\n.MathJax_SVG_LineBox span {display: table-cell!important; width: 10000em!important; min-width: 0; max-width: none; padding: 0; border: 0; margin: 0}\n</style><svg style=\"display: none;\"><defs id=\"MathJax_SVG_glyphs\"></defs></svg><div class=\"highlight\"><pre><span></span><span class=\"err\">5</span>\n<span class=\"err\">1 2 1 3 2 </span>\n<span class=\"err\">3 2</span>\n</pre></div>\n</div></div></div><div class='challenge_sample_output'><div class='msB challenge_sample_output_title'><p><strong>Sample Output 0</strong></p></div><div class='msB challenge_sample_output_body'><div class='hackdown-content'><style id=\"MathJax_SVG_styles\">.MathJax_SVG_Display {text-align: center; margin: 1em 0em; position: relative; display: block!important; text-indent: 0; max-width: none; max-height: none; min-width: 0; min-height: 0; width: 100%}\n.MathJax_SVG .MJX-monospace {font-family: monospace}\n.MathJax_SVG .MJX-sans-serif {font-family: sans-serif}\n.MathJax_SVG {display: inline; font-style: normal; font-weight: normal; line-height: normal; font-size: 100%; font-size-adjust: none; text-indent: 0; text-align: left; text-transform: none; letter-spacing: normal; word-spacing: normal; word-wrap: normal; white-space: nowrap; float: none; direction: ltr; max-width: none; max-height: none; min-width: 0; min-height: 0; border: 0; padding: 0; margin: 0}\n.MathJax_SVG * {transition: none; -webkit-transition: none; -moz-transition: none; -ms-transition: none; -o-transition: none}\n.mjx-svg-href {fill: blue; stroke: blue}\n</style><svg style=\"display: none;\"><defs id=\"MathJax_SVG_glyphs\"></defs></svg><div class=\"highlight\"><pre><span class=\"err\">2</span>\n</pre></div>\n</div></div></div><div class='challenge_explanation'><div class='msB challenge_explanation_title'><p><strong>Explanation 0</strong></p></div><div class='msB challenge_explanation_body'><div class='hackdown-content'><style id=\"MathJax_SVG_styles\">.MathJax_SVG_Display {text-align: center; margin: 1em 0em; position: relative; display: block!important; text-indent: 0; max-width: none; max-height: none; min-width: 0; min-height: 0; width: 100%}\n.MathJax_SVG .MJX-monospace {font-family: monospace}\n.MathJax_SVG .MJX-sans-serif {font-family: sans-serif}\n.MathJax_SVG {display: inline; font-style: normal; font-weight: normal; line-height: normal; font-size: 100%; font-size-adjust: none; text-indent: 0; text-align: left; text-transform: none; letter-spacing: normal; word-spacing: normal; word-wrap: normal; white-space: nowrap; float: none; direction: ltr; max-width: none; max-height: none; min-width: 0; min-height: 0; border: 0; padding: 0; margin: 0}\n.MathJax_SVG * {transition: none; -webkit-transition: none; -moz-transition: none; -ms-transition: none; -o-transition: none}\n.mjx-svg-href {fill: blue; stroke: blue}\n.MathJax_SVG_LineBox {display: table!important}\n.MathJax_SVG_LineBox span {display: table-cell!important; width: 10000em!important; min-width: 0; max-width: none; padding: 0; border: 0; margin: 0}\n</style><svg style=\"display: none;\"><defs id=\"MathJax_SVG_glyphs\"></defs></svg><p>This sample is already explained in the problem statement.</p></div></div></div><div class='challenge_sample_input'><div class='msB challenge_sample_input_title'><p><strong>Sample Input 1</strong></p></div><div class='msB challenge_sample_input_body'><div class='hackdown-content'><style id=\"MathJax_SVG_styles\">.MathJax_SVG_Display {text-align: center; margin: 1em 0em; position: relative; display: block!important; text-indent: 0; max-width: none; max-height: none; min-width: 0; min-height: 0; width: 100%}\n.MathJax_SVG .MJX-monospace {font-family: monospace}\n.MathJax_SVG .MJX-sans-serif {font-family: sans-serif}\n.MathJax_SVG {display: inline; font-style: normal; font-weight: normal; line-height: normal; font-size: 100%; font-size-adjust: none; text-indent: 0; text-align: left; text-transform: none; letter-spacing: normal; word-spacing: normal; word-wrap: normal; white-space: nowrap; float: none; direction: ltr; max-width: none; max-height: none; min-width: 0; min-height: 0; border: 0; padding: 0; margin: 0}\n.MathJax_SVG * {transition: none; -webkit-transition: none; -moz-transition: none; -ms-transition: none; -o-transition: none}\n.mjx-svg-href {fill: blue; stroke: blue}\n.MathJax_SVG_LineBox {display: table!important}\n.MathJax_SVG_LineBox span {display: table-cell!important; width: 10000em!important; min-width: 0; max-width: none; padding: 0; border: 0; margin: 0}\n</style><svg style=\"display: none;\"><defs id=\"MathJax_SVG_glyphs\"></defs></svg><div class=\"highlight\"><pre><span></span><span class=\"err\">6</span>\n<span class=\"err\">1 1 1 1 1 1</span>\n<span class=\"err\">3 2</span>\n</pre></div>\n</div></div></div><div class='challenge_sample_output'><div class='msB challenge_sample_output_title'><p><strong>Sample Output 1</strong></p></div><div class='msB challenge_sample_output_body'><div class='hackdown-content'><style id=\"MathJax_SVG_styles\">.MathJax_SVG_Display {text-align: center; margin: 1em 0em; position: relative; display: block!important; text-indent: 0; max-width: none; max-height: none; min-width: 0; min-height: 0; width: 100%}\n.MathJax_SVG .MJX-monospace {font-family: monospace}\n.MathJax_SVG .MJX-sans-serif {font-family: sans-serif}\n.MathJax_SVG {display: inline; font-style: normal; font-weight: normal; line-height: normal; font-size: 100%; font-size-adjust: none; text-indent: 0; text-align: left; text-transform: none; letter-spacing: normal; word-spacing: normal; word-wrap: normal; white-space: nowrap; float: none; direction: ltr; max-width: none; max-height: none; min-width: 0; min-height: 0; border: 0; padding: 0; margin: 0}\n.MathJax_SVG * {transition: none; -webkit-transition: none; -moz-transition: none; -ms-transition: none; -o-transition: none}\n.mjx-svg-href {fill: blue; stroke: blue}\n</style><svg style=\"display: none;\"><defs id=\"MathJax_SVG_glyphs\"></defs></svg><div class=\"highlight\"><pre><span class=\"err\">0</span>\n</pre></div>\n</div></div></div><div class='challenge_explanation'><div class='msB challenge_explanation_title'><p><strong>Explanation 1</strong></p></div><div class='msB challenge_explanation_body'><div class='hackdown-content'><style id=\"MathJax_SVG_styles\">.MathJax_SVG_Display {text-align: center; margin: 1em 0em; position: relative; display: block!important; text-indent: 0; max-width: none; max-height: none; min-width: 0; min-height: 0; width: 100%}\n.MathJax_SVG .MJX-monospace {font-family: monospace}\n.MathJax_SVG .MJX-sans-serif {font-family: sans-serif}\n.MathJax_SVG {display: inline; font-style: normal; font-weight: normal; line-height: normal; font-size: 100%; font-size-adjust: none; text-indent: 0; text-align: left; text-transform: none; letter-spacing: normal; word-spacing: normal; word-wrap: normal; white-space: nowrap; float: none; direction: ltr; max-width: none; max-height: none; min-width: 0; min-height: 0; border: 0; padding: 0; margin: 0}\n.MathJax_SVG * {transition: none; -webkit-transition: none; -moz-transition: none; -ms-transition: none; -o-transition: none}\n.mjx-svg-href {fill: blue; stroke: blue}\n.MathJax_SVG_LineBox {display: table!important}\n.MathJax_SVG_LineBox span {display: table-cell!important; width: 10000em!important; min-width: 0; max-width: none; padding: 0; border: 0; margin: 0}\n</style><svg style=\"display: none;\"><defs id=\"MathJax_SVG_glyphs\"></defs></svg><p>Lily only wants to give Ron <span style=\"font-size: 100%; display: inline-block;\" class=\"MathJax_SVG\" id=\"MathJax-Element-1-Frame\"><svg xmlns:xlink=\"http://www.w3.org/1999/xlink\" width=\"6.301ex\" height=\"2.176ex\" style=\"vertical-align: -0.338ex;\" viewBox=\"0 -791.3 2713.1 936.9\" role=\"img\" focusable=\"false\"><g stroke=\"currentColor\" fill=\"currentColor\" stroke-width=\"0\" transform=\"matrix(1 0 0 -1 0 0)\"><path stroke-width=\"1\" d=\"M21 287Q22 293 24 303T36 341T56 388T88 425T132 442T175 435T205 417T221 395T229 376L231 369Q231 367 232 367L243 378Q303 442 384 442Q401 442 415 440T441 433T460 423T475 411T485 398T493 385T497 373T500 364T502 357L510 367Q573 442 659 442Q713 442 746 415T780 336Q780 285 742 178T704 50Q705 36 709 31T724 26Q752 26 776 56T815 138Q818 149 821 151T837 153Q857 153 857 145Q857 144 853 130Q845 101 831 73T785 17T716 -10Q669 -10 648 17T627 73Q627 92 663 193T700 345Q700 404 656 404H651Q565 404 506 303L499 291L466 157Q433 26 428 16Q415 -11 385 -11Q372 -11 364 -4T353 8T350 18Q350 29 384 161L420 307Q423 322 423 345Q423 404 379 404H374Q288 404 229 303L222 291L189 157Q156 26 151 16Q138 -11 108 -11Q95 -11 87 -5T76 7T74 17Q74 30 112 181Q151 335 151 342Q154 357 154 369Q154 405 129 405Q107 405 92 377T69 316T57 280Q55 278 41 278H27Q21 284 21 287Z\"></path><g transform=\"translate(1156,0)\"><path stroke-width=\"1\" d=\"M56 347Q56 360 70 367H707Q722 359 722 347Q722 336 708 328L390 327H72Q56 332 56 347ZM56 153Q56 168 72 173H708Q722 163 722 153Q722 140 707 133H70Q56 140 56 153Z\"></path></g><g transform=\"translate(2212,0)\"><path stroke-width=\"1\" d=\"M109 429Q82 429 66 447T50 491Q50 562 103 614T235 666Q326 666 387 610T449 465Q449 422 429 383T381 315T301 241Q265 210 201 149L142 93L218 92Q375 92 385 97Q392 99 409 186V189H449V186Q448 183 436 95T421 3V0H50V19V31Q50 38 56 46T86 81Q115 113 136 137Q145 147 170 174T204 211T233 244T261 278T284 308T305 340T320 369T333 401T340 431T343 464Q343 527 309 573T212 619Q179 619 154 602T119 569T109 550Q109 549 114 549Q132 549 151 535T170 489Q170 464 154 447T109 429Z\"></path></g></g></svg></span> consecutive squares of chocolate whose integers sum to <span style=\"font-size: 100%; display: inline-block;\" class=\"MathJax_SVG\" id=\"MathJax-Element-2-Frame\"><svg xmlns:xlink=\"http://www.w3.org/1999/xlink\" width=\"5.477ex\" height=\"2.176ex\" style=\"vertical-align: -0.338ex;\" viewBox=\"0 -791.3 2358.1 936.9\" role=\"img\" focusable=\"false\"><g stroke=\"currentColor\" fill=\"currentColor\" stroke-width=\"0\" transform=\"matrix(1 0 0 -1 0 0)\"><path stroke-width=\"1\" d=\"M366 683Q367 683 438 688T511 694Q523 694 523 686Q523 679 450 384T375 83T374 68Q374 26 402 26Q411 27 422 35Q443 55 463 131Q469 151 473 152Q475 153 483 153H487H491Q506 153 506 145Q506 140 503 129Q490 79 473 48T445 8T417 -8Q409 -10 393 -10Q359 -10 336 5T306 36L300 51Q299 52 296 50Q294 48 292 46Q233 -10 172 -10Q117 -10 75 30T33 157Q33 205 53 255T101 341Q148 398 195 420T280 442Q336 442 364 400Q369 394 369 396Q370 400 396 505T424 616Q424 629 417 632T378 637H357Q351 643 351 645T353 664Q358 683 366 683ZM352 326Q329 405 277 405Q242 405 210 374T160 293Q131 214 119 129Q119 126 119 118T118 106Q118 61 136 44T179 26Q233 26 290 98L298 109L352 326Z\"></path><g transform=\"translate(801,0)\"><path stroke-width=\"1\" d=\"M56 347Q56 360 70 367H707Q722 359 722 347Q722 336 708 328L390 327H72Q56 332 56 347ZM56 153Q56 168 72 173H708Q722 163 722 153Q722 140 707 133H70Q56 140 56 153Z\"></path></g><g transform=\"translate(1857,0)\"><path stroke-width=\"1\" d=\"M127 463Q100 463 85 480T69 524Q69 579 117 622T233 665Q268 665 277 664Q351 652 390 611T430 522Q430 470 396 421T302 350L299 348Q299 347 308 345T337 336T375 315Q457 262 457 175Q457 96 395 37T238 -22Q158 -22 100 21T42 130Q42 158 60 175T105 193Q133 193 151 175T169 130Q169 119 166 110T159 94T148 82T136 74T126 70T118 67L114 66Q165 21 238 21Q293 21 321 74Q338 107 338 175V195Q338 290 274 322Q259 328 213 329L171 330L168 332Q166 335 166 348Q166 366 174 366Q202 366 232 371Q266 376 294 413T322 525V533Q322 590 287 612Q265 626 240 626Q208 626 181 615T143 592T132 580H135Q138 579 143 578T153 573T165 566T175 555T183 540T186 520Q186 498 172 481T127 463Z\"></path></g></g></svg></span>. There are no possible pieces satisfying these constraints:</p>\n\n<p><img src=\"https://s3.amazonaws.com/hr-assets/0/1489060978-e33d905668-choco5.png\" alt=\"image\" title=\"\"></p>\n\n<p>Thus, we print <span style=\"font-size: 100%; display: inline-block;\" class=\"MathJax_SVG\" id=\"MathJax-Element-3-Frame\"><svg xmlns:xlink=\"http://www.w3.org/1999/xlink\" width=\"1.162ex\" height=\"2.176ex\" style=\"vertical-align: -0.338ex;\" viewBox=\"0 -791.3 500.5 936.9\" role=\"img\" focusable=\"false\"><g stroke=\"currentColor\" fill=\"currentColor\" stroke-width=\"0\" transform=\"matrix(1 0 0 -1 0 0)\"><path stroke-width=\"1\" d=\"M96 585Q152 666 249 666Q297 666 345 640T423 548Q460 465 460 320Q460 165 417 83Q397 41 362 16T301 -15T250 -22Q224 -22 198 -16T137 16T82 83Q39 165 39 320Q39 494 96 585ZM321 597Q291 629 250 629Q208 629 178 597Q153 571 145 525T137 333Q137 175 145 125T181 46Q209 16 250 16Q290 16 318 46Q347 76 354 130T362 333Q362 478 354 524T321 597Z\"></path></g></svg></span> as our answer.</p></div></div></div><div class='challenge_sample_input'><div class='msB challenge_sample_input_title'><p><strong>Sample Input 2</strong></p></div><div class='msB challenge_sample_input_body'><div class='hackdown-content'><style id=\"MathJax_SVG_styles\">.MathJax_SVG_Display {text-align: center; margin: 1em 0em; position: relative; display: block!important; text-indent: 0; max-width: none; max-height: none; min-width: 0; min-height: 0; width: 100%}\n.MathJax_SVG .MJX-monospace {font-family: monospace}\n.MathJax_SVG .MJX-sans-serif {font-family: sans-serif}\n.MathJax_SVG {display: inline; font-style: normal; font-weight: normal; line-height: normal; font-size: 100%; font-size-adjust: none; text-indent: 0; text-align: left; text-transform: none; letter-spacing: normal; word-spacing: normal; word-wrap: normal; white-space: nowrap; float: none; direction: ltr; max-width: none; max-height: none; min-width: 0; min-height: 0; border: 0; padding: 0; margin: 0}\n.MathJax_SVG * {transition: none; -webkit-transition: none; -moz-transition: none; -ms-transition: none; -o-transition: none}\n.mjx-svg-href {fill: blue; stroke: blue}\n.MathJax_SVG_LineBox {display: table!important}\n.MathJax_SVG_LineBox span {display: table-cell!important; width: 10000em!important; min-width: 0; max-width: none; padding: 0; border: 0; margin: 0}\n</style><svg style=\"display: none;\"><defs id=\"MathJax_SVG_glyphs\"></defs></svg><div class=\"highlight\"><pre><span></span><span class=\"err\">1</span>\n<span class=\"err\">4</span>\n<span class=\"err\">4 1</span>\n</pre></div>\n</div></div></div><div class='challenge_sample_output'><div class='msB challenge_sample_output_title'><p><strong>Sample Output 2</strong></p></div><div class='msB challenge_sample_output_body'><div class='hackdown-content'><style id=\"MathJax_SVG_styles\">.MathJax_SVG_Display {text-align: center; margin: 1em 0em; position: relative; display: block!important; text-indent: 0; max-width: none; max-height: none; min-width: 0; min-height: 0; width: 100%}\n.MathJax_SVG .MJX-monospace {font-family: monospace}\n.MathJax_SVG .MJX-sans-serif {font-family: sans-serif}\n.MathJax_SVG {display: inline; font-style: normal; font-weight: normal; line-height: normal; font-size: 100%; font-size-adjust: none; text-indent: 0; text-align: left; text-transform: none; letter-spacing: normal; word-spacing: normal; word-wrap: normal; white-space: nowrap; float: none; direction: ltr; max-width: none; max-height: none; min-width: 0; min-height: 0; border: 0; padding: 0; margin: 0}\n.MathJax_SVG * {transition: none; -webkit-transition: none; -moz-transition: none; -ms-transition: none; -o-transition: none}\n.mjx-svg-href {fill: blue; stroke: blue}\n</style><svg style=\"display: none;\"><defs id=\"MathJax_SVG_glyphs\"></defs></svg><div class=\"highlight\"><pre><span class=\"err\">1</span>\n</pre></div>\n</div></div></div><div class='challenge_explanation'><div class='msB challenge_explanation_title'><p><strong>Explanation 2</strong></p></div><div class='msB challenge_explanation_body'><div class='hackdown-content'><style id=\"MathJax_SVG_styles\">.MathJax_SVG_Display {text-align: center; margin: 1em 0em; position: relative; display: block!important; text-indent: 0; max-width: none; max-height: none; min-width: 0; min-height: 0; width: 100%}\n.MathJax_SVG .MJX-monospace {font-family: monospace}\n.MathJax_SVG .MJX-sans-serif {font-family: sans-serif}\n.MathJax_SVG {display: inline; font-style: normal; font-weight: normal; line-height: normal; font-size: 100%; font-size-adjust: none; text-indent: 0; text-align: left; text-transform: none; letter-spacing: normal; word-spacing: normal; word-wrap: normal; white-space: nowrap; float: none; direction: ltr; max-width: none; max-height: none; min-width: 0; min-height: 0; border: 0; padding: 0; margin: 0}\n.MathJax_SVG * {transition: none; -webkit-transition: none; -moz-transition: none; -ms-transition: none; -o-transition: none}\n.mjx-svg-href {fill: blue; stroke: blue}\n.MathJax_SVG_LineBox {display: table!important}\n.MathJax_SVG_LineBox span {display: table-cell!important; width: 10000em!important; min-width: 0; max-width: none; padding: 0; border: 0; margin: 0}\n</style><svg style=\"display: none;\"><defs id=\"MathJax_SVG_glyphs\"></defs></svg><p>Lily only wants to give Ron <span style=\"font-size: 100%; display: inline-block;\" class=\"MathJax_SVG\" id=\"MathJax-Element-1-Frame\"><svg xmlns:xlink=\"http://www.w3.org/1999/xlink\" width=\"6.301ex\" height=\"2.176ex\" style=\"vertical-align: -0.338ex;\" viewBox=\"0 -791.3 2713.1 936.9\" role=\"img\" focusable=\"false\"><g stroke=\"currentColor\" fill=\"currentColor\" stroke-width=\"0\" transform=\"matrix(1 0 0 -1 0 0)\"><path stroke-width=\"1\" d=\"M21 287Q22 293 24 303T36 341T56 388T88 425T132 442T175 435T205 417T221 395T229 376L231 369Q231 367 232 367L243 378Q303 442 384 442Q401 442 415 440T441 433T460 423T475 411T485 398T493 385T497 373T500 364T502 357L510 367Q573 442 659 442Q713 442 746 415T780 336Q780 285 742 178T704 50Q705 36 709 31T724 26Q752 26 776 56T815 138Q818 149 821 151T837 153Q857 153 857 145Q857 144 853 130Q845 101 831 73T785 17T716 -10Q669 -10 648 17T627 73Q627 92 663 193T700 345Q700 404 656 404H651Q565 404 506 303L499 291L466 157Q433 26 428 16Q415 -11 385 -11Q372 -11 364 -4T353 8T350 18Q350 29 384 161L420 307Q423 322 423 345Q423 404 379 404H374Q288 404 229 303L222 291L189 157Q156 26 151 16Q138 -11 108 -11Q95 -11 87 -5T76 7T74 17Q74 30 112 181Q151 335 151 342Q154 357 154 369Q154 405 129 405Q107 405 92 377T69 316T57 280Q55 278 41 278H27Q21 284 21 287Z\"></path><g transform=\"translate(1156,0)\"><path stroke-width=\"1\" d=\"M56 347Q56 360 70 367H707Q722 359 722 347Q722 336 708 328L390 327H72Q56 332 56 347ZM56 153Q56 168 72 173H708Q722 163 722 153Q722 140 707 133H70Q56 140 56 153Z\"></path></g><g transform=\"translate(2212,0)\"><path stroke-width=\"1\" d=\"M213 578L200 573Q186 568 160 563T102 556H83V602H102Q149 604 189 617T245 641T273 663Q275 666 285 666Q294 666 302 660V361L303 61Q310 54 315 52T339 48T401 46H427V0H416Q395 3 257 3Q121 3 100 0H88V46H114Q136 46 152 46T177 47T193 50T201 52T207 57T213 61V578Z\"></path></g></g></svg></span> square of chocolate with an integer value of <span style=\"font-size: 100%; display: inline-block;\" class=\"MathJax_SVG\" id=\"MathJax-Element-2-Frame\"><svg xmlns:xlink=\"http://www.w3.org/1999/xlink\" width=\"5.477ex\" height=\"2.176ex\" style=\"vertical-align: -0.338ex;\" viewBox=\"0 -791.3 2358.1 936.9\" role=\"img\" focusable=\"false\"><g stroke=\"currentColor\" fill=\"currentColor\" stroke-width=\"0\" transform=\"matrix(1 0 0 -1 0 0)\"><path stroke-width=\"1\" d=\"M366 683Q367 683 438 688T511 694Q523 694 523 686Q523 679 450 384T375 83T374 68Q374 26 402 26Q411 27 422 35Q443 55 463 131Q469 151 473 152Q475 153 483 153H487H491Q506 153 506 145Q506 140 503 129Q490 79 473 48T445 8T417 -8Q409 -10 393 -10Q359 -10 336 5T306 36L300 51Q299 52 296 50Q294 48 292 46Q233 -10 172 -10Q117 -10 75 30T33 157Q33 205 53 255T101 341Q148 398 195 420T280 442Q336 442 364 400Q369 394 369 396Q370 400 396 505T424 616Q424 629 417 632T378 637H357Q351 643 351 645T353 664Q358 683 366 683ZM352 326Q329 405 277 405Q242 405 210 374T160 293Q131 214 119 129Q119 126 119 118T118 106Q118 61 136 44T179 26Q233 26 290 98L298 109L352 326Z\"></path><g transform=\"translate(801,0)\"><path stroke-width=\"1\" d=\"M56 347Q56 360 70 367H707Q722 359 722 347Q722 336 708 328L390 327H72Q56 332 56 347ZM56 153Q56 168 72 173H708Q722 163 722 153Q722 140 707 133H70Q56 140 56 153Z\"></path></g><g transform=\"translate(1857,0)\"><path stroke-width=\"1\" d=\"M462 0Q444 3 333 3Q217 3 199 0H190V46H221Q241 46 248 46T265 48T279 53T286 61Q287 63 287 115V165H28V211L179 442Q332 674 334 675Q336 677 355 677H373L379 671V211H471V165H379V114Q379 73 379 66T385 54Q393 47 442 46H471V0H462ZM293 211V545L74 212L183 211H293Z\"></path></g></g></svg></span>. Because the only square of chocolate in the bar satisfies this constraint, we print <span style=\"font-size: 100%; display: inline-block;\" class=\"MathJax_SVG\" id=\"MathJax-Element-3-Frame\"><svg xmlns:xlink=\"http://www.w3.org/1999/xlink\" width=\"1.162ex\" height=\"2.176ex\" style=\"vertical-align: -0.338ex;\" viewBox=\"0 -791.3 500.5 936.9\" role=\"img\" focusable=\"false\"><g stroke=\"currentColor\" fill=\"currentColor\" stroke-width=\"0\" transform=\"matrix(1 0 0 -1 0 0)\"><path stroke-width=\"1\" d=\"M213 578L200 573Q186 568 160 563T102 556H83V602H102Q149 604 189 617T245 641T273 663Q275 666 285 666Q294 666 302 660V361L303 61Q310 54 315 52T339 48T401 46H427V0H416Q395 3 257 3Q121 3 100 0H88V46H114Q136 46 152 46T177 47T193 50T201 52T207 57T213 61V578Z\"></path></g></svg></span> as our answer.</p></div></div></div>", 
        "haskell_template_head": "", 
        "max_score": 10, 
        "user_score": 0, 
        "requirements_description": null, 
        "created_at": "2017-02-27T13:46:40.000Z", 
        "countdown_time": 0, 
        "objectivec_template": "#import <Foundation/Foundation.h>\n\n\nint main(int argc, const char * argv[]) {\n    NSAutoreleasePool *pool = [[NSAutoreleasePool alloc] init];\n    int n;\n    scanf(\"%i\",&n);\n    int s[n];\n    for(int s_i = 0; s_i < n; s_i++){\n    \tscanf(\"%d\",&s[s_i]);\n    }\n    int d;\n    int m;\n    scanf(\"%i %i\",&d,&m);\n    [pool drain];\n    return 0;\n}\n\n", 
        "csharp_template_tail": "", 
        "lua_template_tail": "", 
        "perl_template_head": ""
    }
}