{
    "status": true, 
    "model": {
        "onboarding": null, 
        "tagAncestry": [], 
        "solved_count": 173, 
        "leaderboard_out_of_sync_message": null, 
        "public_test_cases": true, 
        "checker_program": null, 
        "topics": [], 
        "time_left": null, 
        "updated_at": "2017-07-11T15:46:15.000Z", 
        "author_name": "sentinel45", 
        "has_started": true, 
        "epoch_starttime": null, 
        "has_all_test_cases_public": false, 
        "difficulty_name": "Hard", 
        "require_unlock": true, 
        "body_html": "<div class='challenge_problem_statement'><div class='msB challenge_problem_statement_body'><div class='hackdown-content'><style id=\"MathJax_SVG_styles\">.MathJax_SVG_Display {text-align: center; margin: 1em 0em; position: relative; display: block!important; text-indent: 0; max-width: none; max-height: none; min-width: 0; min-height: 0; width: 100%}\n.MathJax_SVG .MJX-monospace {font-family: monospace}\n.MathJax_SVG .MJX-sans-serif {font-family: sans-serif}\n.MathJax_SVG {display: inline; font-style: normal; font-weight: normal; line-height: normal; font-size: 100%; font-size-adjust: none; text-indent: 0; text-align: left; text-transform: none; letter-spacing: normal; word-spacing: normal; word-wrap: normal; white-space: nowrap; float: none; direction: ltr; max-width: none; max-height: none; min-width: 0; min-height: 0; border: 0; padding: 0; margin: 0}\n.MathJax_SVG * {transition: none; -webkit-transition: none; -moz-transition: none; -ms-transition: none; -o-transition: none}\n.mjx-svg-href {fill: blue; stroke: blue}\n</style><svg style=\"display: none;\"><defs id=\"MathJax_SVG_glyphs\"></defs></svg><p><a href=\"https://hr-filepicker.s3.amazonaws.com/w4/russian/2413-roy-and-alpha-beta-trees.pdf\">Russian</a><br></p>\n\n<p>Roy has taken a liking to the <a href=\"https://en.wikipedia.org/wiki/Binary_search_tree\">Binary Search Trees</a>(<em>BST</em>). He is interested in knowing the number of ways an array <span style=\"font-size: 100%; display: inline-block;\" class=\"MathJax_SVG\" id=\"MathJax-Element-1-Frame\"><svg xmlns:xlink=\"http://www.w3.org/1999/xlink\" width=\"1.743ex\" height=\"2.176ex\" style=\"vertical-align: -0.338ex;\" viewBox=\"0 -791.3 750.5 936.9\" role=\"img\" focusable=\"false\"><g stroke=\"currentColor\" fill=\"currentColor\" stroke-width=\"0\" transform=\"matrix(1 0 0 -1 0 0)\"><path stroke-width=\"1\" d=\"M208 74Q208 50 254 46Q272 46 272 35Q272 34 270 22Q267 8 264 4T251 0Q249 0 239 0T205 1T141 2Q70 2 50 0H42Q35 7 35 11Q37 38 48 46H62Q132 49 164 96Q170 102 345 401T523 704Q530 716 547 716H555H572Q578 707 578 706L606 383Q634 60 636 57Q641 46 701 46Q726 46 726 36Q726 34 723 22Q720 7 718 4T704 0Q701 0 690 0T651 1T578 2Q484 2 455 0H443Q437 6 437 9T439 27Q443 40 445 43L449 46H469Q523 49 533 63L521 213H283L249 155Q208 86 208 74ZM516 260Q516 271 504 416T490 562L463 519Q447 492 400 412L310 260L413 259Q516 259 516 260Z\"></path></g></svg></span> of <span style=\"font-size: 100%; display: inline-block;\" class=\"MathJax_SVG\" id=\"MathJax-Element-2-Frame\"><svg xmlns:xlink=\"http://www.w3.org/1999/xlink\" width=\"2.064ex\" height=\"2.176ex\" style=\"vertical-align: -0.338ex;\" viewBox=\"0 -791.3 888.5 936.9\" role=\"img\" focusable=\"false\"><g stroke=\"currentColor\" fill=\"currentColor\" stroke-width=\"0\" transform=\"matrix(1 0 0 -1 0 0)\"><path stroke-width=\"1\" d=\"M234 637Q231 637 226 637Q201 637 196 638T191 649Q191 676 202 682Q204 683 299 683Q376 683 387 683T401 677Q612 181 616 168L670 381Q723 592 723 606Q723 633 659 637Q635 637 635 648Q635 650 637 660Q641 676 643 679T653 683Q656 683 684 682T767 680Q817 680 843 681T873 682Q888 682 888 672Q888 650 880 642Q878 637 858 637Q787 633 769 597L620 7Q618 0 599 0Q585 0 582 2Q579 5 453 305L326 604L261 344Q196 88 196 79Q201 46 268 46H278Q284 41 284 38T282 19Q278 6 272 0H259Q228 2 151 2Q123 2 100 2T63 2T46 1Q31 1 31 10Q31 14 34 26T39 40Q41 46 62 46Q130 49 150 85Q154 91 221 362L289 634Q287 635 234 637Z\"></path></g></svg></span> integers can be arranged to form a <em>BST</em>. Thus, he tries a few combinations, and notes down the numbers at the odd levels and the numbers at the even levels. </p>\n\n<p>You're given two values, <em>alpha</em> and <em>beta</em>. Can you calculate the sum of <em>Liking</em> of all possible <em>BST's</em> that can be formed from an array of <span style=\"font-size: 100%; display: inline-block;\" class=\"MathJax_SVG\" id=\"MathJax-Element-3-Frame\"><svg xmlns:xlink=\"http://www.w3.org/1999/xlink\" width=\"2.064ex\" height=\"2.176ex\" style=\"vertical-align: -0.338ex;\" viewBox=\"0 -791.3 888.5 936.9\" role=\"img\" focusable=\"false\"><g stroke=\"currentColor\" fill=\"currentColor\" stroke-width=\"0\" transform=\"matrix(1 0 0 -1 0 0)\"><path stroke-width=\"1\" d=\"M234 637Q231 637 226 637Q201 637 196 638T191 649Q191 676 202 682Q204 683 299 683Q376 683 387 683T401 677Q612 181 616 168L670 381Q723 592 723 606Q723 633 659 637Q635 637 635 648Q635 650 637 660Q641 676 643 679T653 683Q656 683 684 682T767 680Q817 680 843 681T873 682Q888 682 888 672Q888 650 880 642Q878 637 858 637Q787 633 769 597L620 7Q618 0 599 0Q585 0 582 2Q579 5 453 305L326 604L261 344Q196 88 196 79Q201 46 268 46H278Q284 41 284 38T282 19Q278 6 272 0H259Q228 2 151 2Q123 2 100 2T63 2T46 1Q31 1 31 10Q31 14 34 26T39 40Q41 46 62 46Q130 49 150 85Q154 91 221 362L289 634Q287 635 234 637Z\"></path></g></svg></span> integers? <em>Liking</em> of each <em>BST</em> is defined as follows </p>\n\n<pre><code>(sum of numbers on even levels * alpha) - (sum of numbers on odd levels * beta)\n</code></pre>\n\n<p><strong>Note</strong> </p>\n\n<ul>\n<li>The root element is at level <span style=\"font-size: 100%; display: inline-block;\" class=\"MathJax_SVG\" id=\"MathJax-Element-4-Frame\"><svg xmlns:xlink=\"http://www.w3.org/1999/xlink\" width=\"1.162ex\" height=\"2.176ex\" style=\"vertical-align: -0.338ex;\" viewBox=\"0 -791.3 500.5 936.9\" role=\"img\" focusable=\"false\"><g stroke=\"currentColor\" fill=\"currentColor\" stroke-width=\"0\" transform=\"matrix(1 0 0 -1 0 0)\"><path stroke-width=\"1\" d=\"M96 585Q152 666 249 666Q297 666 345 640T423 548Q460 465 460 320Q460 165 417 83Q397 41 362 16T301 -15T250 -22Q224 -22 198 -16T137 16T82 83Q39 165 39 320Q39 494 96 585ZM321 597Q291 629 250 629Q208 629 178 597Q153 571 145 525T137 333Q137 175 145 125T181 46Q209 16 250 16Q290 16 318 46Q347 76 354 130T362 333Q362 478 354 524T321 597Z\"></path></g></svg></span> ( Even )</li>\n<li>The elements smaller or equal to the parent element are present in the left subtree, elements greater than or equal to the parent element are present in the right subtree.  Explained <a href=\"https://www.hackerrank.com/contests/w4/challenges/roy-and-alpha-beta-trees/forum/questions/6070\">here</a></li>\n</ul>\n\n<p>If the answer is no less than <span style=\"font-size: 100%; display: inline-block;\" class=\"MathJax_SVG\" id=\"MathJax-Element-5-Frame\"><svg xmlns:xlink=\"http://www.w3.org/1999/xlink\" width=\"7.382ex\" height=\"2.843ex\" style=\"vertical-align: -0.505ex;\" viewBox=\"0 -1006.6 3178.4 1223.9\" role=\"img\" focusable=\"false\"><g stroke=\"currentColor\" fill=\"currentColor\" stroke-width=\"0\" transform=\"matrix(1 0 0 -1 0 0)\"><path stroke-width=\"1\" d=\"M213 578L200 573Q186 568 160 563T102 556H83V602H102Q149 604 189 617T245 641T273 663Q275 666 285 666Q294 666 302 660V361L303 61Q310 54 315 52T339 48T401 46H427V0H416Q395 3 257 3Q121 3 100 0H88V46H114Q136 46 152 46T177 47T193 50T201 52T207 57T213 61V578Z\"></path><path stroke-width=\"1\" d=\"M96 585Q152 666 249 666Q297 666 345 640T423 548Q460 465 460 320Q460 165 417 83Q397 41 362 16T301 -15T250 -22Q224 -22 198 -16T137 16T82 83Q39 165 39 320Q39 494 96 585ZM321 597Q291 629 250 629Q208 629 178 597Q153 571 145 525T137 333Q137 175 145 125T181 46Q209 16 250 16Q290 16 318 46Q347 76 354 130T362 333Q362 478 354 524T321 597Z\" transform=\"translate(500,0)\"></path><g transform=\"translate(1001,393)\"><path stroke-width=\"1\" transform=\"scale(0.707)\" d=\"M352 287Q304 211 232 211Q154 211 104 270T44 396Q42 412 42 436V444Q42 537 111 606Q171 666 243 666Q245 666 249 666T257 665H261Q273 665 286 663T323 651T370 619T413 560Q456 472 456 334Q456 194 396 97Q361 41 312 10T208 -22Q147 -22 108 7T68 93T121 149Q143 149 158 135T173 96Q173 78 164 65T148 49T135 44L131 43Q131 41 138 37T164 27T206 22H212Q272 22 313 86Q352 142 352 280V287ZM244 248Q292 248 321 297T351 430Q351 508 343 542Q341 552 337 562T323 588T293 615T246 625Q208 625 181 598Q160 576 154 546T147 441Q147 358 152 329T172 282Q197 248 244 248Z\"></path></g><g transform=\"translate(1677,0)\"><path stroke-width=\"1\" d=\"M56 237T56 250T70 270H369V420L370 570Q380 583 389 583Q402 583 409 568V270H707Q722 262 722 250T707 230H409V-68Q401 -82 391 -82H389H387Q375 -82 369 -68V230H70Q56 237 56 250Z\"></path></g><g transform=\"translate(2677,0)\"><path stroke-width=\"1\" d=\"M352 287Q304 211 232 211Q154 211 104 270T44 396Q42 412 42 436V444Q42 537 111 606Q171 666 243 666Q245 666 249 666T257 665H261Q273 665 286 663T323 651T370 619T413 560Q456 472 456 334Q456 194 396 97Q361 41 312 10T208 -22Q147 -22 108 7T68 93T121 149Q143 149 158 135T173 96Q173 78 164 65T148 49T135 44L131 43Q131 41 138 37T164 27T206 22H212Q272 22 313 86Q352 142 352 280V287ZM244 248Q292 248 321 297T351 430Q351 508 343 542Q341 552 337 562T323 588T293 615T246 625Q208 625 181 598Q160 576 154 546T147 441Q147 358 152 329T172 282Q197 248 244 248Z\"></path></g></g></svg></span>, output the answer % <span style=\"font-size: 100%; display: inline-block;\" class=\"MathJax_SVG\" id=\"MathJax-Element-6-Frame\"><svg xmlns:xlink=\"http://www.w3.org/1999/xlink\" width=\"7.382ex\" height=\"2.843ex\" style=\"vertical-align: -0.505ex;\" viewBox=\"0 -1006.6 3178.4 1223.9\" role=\"img\" focusable=\"false\"><g stroke=\"currentColor\" fill=\"currentColor\" stroke-width=\"0\" transform=\"matrix(1 0 0 -1 0 0)\"><path stroke-width=\"1\" d=\"M213 578L200 573Q186 568 160 563T102 556H83V602H102Q149 604 189 617T245 641T273 663Q275 666 285 666Q294 666 302 660V361L303 61Q310 54 315 52T339 48T401 46H427V0H416Q395 3 257 3Q121 3 100 0H88V46H114Q136 46 152 46T177 47T193 50T201 52T207 57T213 61V578Z\"></path><path stroke-width=\"1\" d=\"M96 585Q152 666 249 666Q297 666 345 640T423 548Q460 465 460 320Q460 165 417 83Q397 41 362 16T301 -15T250 -22Q224 -22 198 -16T137 16T82 83Q39 165 39 320Q39 494 96 585ZM321 597Q291 629 250 629Q208 629 178 597Q153 571 145 525T137 333Q137 175 145 125T181 46Q209 16 250 16Q290 16 318 46Q347 76 354 130T362 333Q362 478 354 524T321 597Z\" transform=\"translate(500,0)\"></path><g transform=\"translate(1001,393)\"><path stroke-width=\"1\" transform=\"scale(0.707)\" d=\"M352 287Q304 211 232 211Q154 211 104 270T44 396Q42 412 42 436V444Q42 537 111 606Q171 666 243 666Q245 666 249 666T257 665H261Q273 665 286 663T323 651T370 619T413 560Q456 472 456 334Q456 194 396 97Q361 41 312 10T208 -22Q147 -22 108 7T68 93T121 149Q143 149 158 135T173 96Q173 78 164 65T148 49T135 44L131 43Q131 41 138 37T164 27T206 22H212Q272 22 313 86Q352 142 352 280V287ZM244 248Q292 248 321 297T351 430Q351 508 343 542Q341 552 337 562T323 588T293 615T246 625Q208 625 181 598Q160 576 154 546T147 441Q147 358 152 329T172 282Q197 248 244 248Z\"></path></g><g transform=\"translate(1677,0)\"><path stroke-width=\"1\" d=\"M56 237T56 250T70 270H369V420L370 570Q380 583 389 583Q402 583 409 568V270H707Q722 262 722 250T707 230H409V-68Q401 -82 391 -82H389H387Q375 -82 369 -68V230H70Q56 237 56 250Z\"></path></g><g transform=\"translate(2677,0)\"><path stroke-width=\"1\" d=\"M352 287Q304 211 232 211Q154 211 104 270T44 396Q42 412 42 436V444Q42 537 111 606Q171 666 243 666Q245 666 249 666T257 665H261Q273 665 286 663T323 651T370 619T413 560Q456 472 456 334Q456 194 396 97Q361 41 312 10T208 -22Q147 -22 108 7T68 93T121 149Q143 149 158 135T173 96Q173 78 164 65T148 49T135 44L131 43Q131 41 138 37T164 27T206 22H212Q272 22 313 86Q352 142 352 280V287ZM244 248Q292 248 321 297T351 430Q351 508 343 542Q341 552 337 562T323 588T293 615T246 625Q208 625 181 598Q160 576 154 546T147 441Q147 358 152 329T172 282Q197 248 244 248Z\"></path></g></g></svg></span>. </p>\n\n<p>(If the answer is less than <span style=\"font-size: 100%; display: inline-block;\" class=\"MathJax_SVG\" id=\"MathJax-Element-7-Frame\"><svg xmlns:xlink=\"http://www.w3.org/1999/xlink\" width=\"1.162ex\" height=\"2.176ex\" style=\"vertical-align: -0.338ex;\" viewBox=\"0 -791.3 500.5 936.9\" role=\"img\" focusable=\"false\"><g stroke=\"currentColor\" fill=\"currentColor\" stroke-width=\"0\" transform=\"matrix(1 0 0 -1 0 0)\"><path stroke-width=\"1\" d=\"M96 585Q152 666 249 666Q297 666 345 640T423 548Q460 465 460 320Q460 165 417 83Q397 41 362 16T301 -15T250 -22Q224 -22 198 -16T137 16T82 83Q39 165 39 320Q39 494 96 585ZM321 597Q291 629 250 629Q208 629 178 597Q153 571 145 525T137 333Q137 175 145 125T181 46Q209 16 250 16Q290 16 318 46Q347 76 354 130T362 333Q362 478 354 524T321 597Z\"></path></g></svg></span>, keep adding <span style=\"font-size: 100%; display: inline-block;\" class=\"MathJax_SVG\" id=\"MathJax-Element-8-Frame\"><svg xmlns:xlink=\"http://www.w3.org/1999/xlink\" width=\"7.382ex\" height=\"2.843ex\" style=\"vertical-align: -0.505ex;\" viewBox=\"0 -1006.6 3178.4 1223.9\" role=\"img\" focusable=\"false\"><g stroke=\"currentColor\" fill=\"currentColor\" stroke-width=\"0\" transform=\"matrix(1 0 0 -1 0 0)\"><path stroke-width=\"1\" d=\"M213 578L200 573Q186 568 160 563T102 556H83V602H102Q149 604 189 617T245 641T273 663Q275 666 285 666Q294 666 302 660V361L303 61Q310 54 315 52T339 48T401 46H427V0H416Q395 3 257 3Q121 3 100 0H88V46H114Q136 46 152 46T177 47T193 50T201 52T207 57T213 61V578Z\"></path><path stroke-width=\"1\" d=\"M96 585Q152 666 249 666Q297 666 345 640T423 548Q460 465 460 320Q460 165 417 83Q397 41 362 16T301 -15T250 -22Q224 -22 198 -16T137 16T82 83Q39 165 39 320Q39 494 96 585ZM321 597Q291 629 250 629Q208 629 178 597Q153 571 145 525T137 333Q137 175 145 125T181 46Q209 16 250 16Q290 16 318 46Q347 76 354 130T362 333Q362 478 354 524T321 597Z\" transform=\"translate(500,0)\"></path><g transform=\"translate(1001,393)\"><path stroke-width=\"1\" transform=\"scale(0.707)\" d=\"M352 287Q304 211 232 211Q154 211 104 270T44 396Q42 412 42 436V444Q42 537 111 606Q171 666 243 666Q245 666 249 666T257 665H261Q273 665 286 663T323 651T370 619T413 560Q456 472 456 334Q456 194 396 97Q361 41 312 10T208 -22Q147 -22 108 7T68 93T121 149Q143 149 158 135T173 96Q173 78 164 65T148 49T135 44L131 43Q131 41 138 37T164 27T206 22H212Q272 22 313 86Q352 142 352 280V287ZM244 248Q292 248 321 297T351 430Q351 508 343 542Q341 552 337 562T323 588T293 615T246 625Q208 625 181 598Q160 576 154 546T147 441Q147 358 152 329T172 282Q197 248 244 248Z\"></path></g><g transform=\"translate(1677,0)\"><path stroke-width=\"1\" d=\"M56 237T56 250T70 270H369V420L370 570Q380 583 389 583Q402 583 409 568V270H707Q722 262 722 250T707 230H409V-68Q401 -82 391 -82H389H387Q375 -82 369 -68V230H70Q56 237 56 250Z\"></path></g><g transform=\"translate(2677,0)\"><path stroke-width=\"1\" d=\"M352 287Q304 211 232 211Q154 211 104 270T44 396Q42 412 42 436V444Q42 537 111 606Q171 666 243 666Q245 666 249 666T257 665H261Q273 665 286 663T323 651T370 619T413 560Q456 472 456 334Q456 194 396 97Q361 41 312 10T208 -22Q147 -22 108 7T68 93T121 149Q143 149 158 135T173 96Q173 78 164 65T148 49T135 44L131 43Q131 41 138 37T164 27T206 22H212Q272 22 313 86Q352 142 352 280V287ZM244 248Q292 248 321 297T351 430Q351 508 343 542Q341 552 337 562T323 588T293 615T246 625Q208 625 181 598Q160 576 154 546T147 441Q147 358 152 329T172 282Q197 248 244 248Z\"></path></g></g></svg></span> until the value turns non negative.)</p>\n\n<p><strong>Input Format</strong> <br>\nThe first line of input file contains an integer, <span style=\"font-size: 100%; display: inline-block;\" class=\"MathJax_SVG\" id=\"MathJax-Element-9-Frame\"><svg xmlns:xlink=\"http://www.w3.org/1999/xlink\" width=\"1.636ex\" height=\"2.176ex\" style=\"vertical-align: -0.338ex;\" viewBox=\"0 -791.3 704.5 936.9\" role=\"img\" focusable=\"false\"><g stroke=\"currentColor\" fill=\"currentColor\" stroke-width=\"0\" transform=\"matrix(1 0 0 -1 0 0)\"><path stroke-width=\"1\" d=\"M40 437Q21 437 21 445Q21 450 37 501T71 602L88 651Q93 669 101 677H569H659Q691 677 697 676T704 667Q704 661 687 553T668 444Q668 437 649 437Q640 437 637 437T631 442L629 445Q629 451 635 490T641 551Q641 586 628 604T573 629Q568 630 515 631Q469 631 457 630T439 622Q438 621 368 343T298 60Q298 48 386 46Q418 46 427 45T436 36Q436 31 433 22Q429 4 424 1L422 0Q419 0 415 0Q410 0 363 1T228 2Q99 2 64 0H49Q43 6 43 9T45 27Q49 40 55 46H83H94Q174 46 189 55Q190 56 191 56Q196 59 201 76T241 233Q258 301 269 344Q339 619 339 625Q339 630 310 630H279Q212 630 191 624Q146 614 121 583T67 467Q60 445 57 441T43 437H40Z\"></path></g></svg></span>, denoting the number of test cases to follow. <br>\nEach testcase comprises of <span style=\"font-size: 100%; display: inline-block;\" class=\"MathJax_SVG\" id=\"MathJax-Element-10-Frame\"><svg xmlns:xlink=\"http://www.w3.org/1999/xlink\" width=\"1.162ex\" height=\"2.176ex\" style=\"vertical-align: -0.338ex;\" viewBox=\"0 -791.3 500.5 936.9\" role=\"img\" focusable=\"false\"><g stroke=\"currentColor\" fill=\"currentColor\" stroke-width=\"0\" transform=\"matrix(1 0 0 -1 0 0)\"><path stroke-width=\"1\" d=\"M127 463Q100 463 85 480T69 524Q69 579 117 622T233 665Q268 665 277 664Q351 652 390 611T430 522Q430 470 396 421T302 350L299 348Q299 347 308 345T337 336T375 315Q457 262 457 175Q457 96 395 37T238 -22Q158 -22 100 21T42 130Q42 158 60 175T105 193Q133 193 151 175T169 130Q169 119 166 110T159 94T148 82T136 74T126 70T118 67L114 66Q165 21 238 21Q293 21 321 74Q338 107 338 175V195Q338 290 274 322Q259 328 213 329L171 330L168 332Q166 335 166 348Q166 366 174 366Q202 366 232 371Q266 376 294 413T322 525V533Q322 590 287 612Q265 626 240 626Q208 626 181 615T143 592T132 580H135Q138 579 143 578T153 573T165 566T175 555T183 540T186 520Q186 498 172 481T127 463Z\"></path></g></svg></span> lines. <br>\nThe first line contains <span style=\"font-size: 100%; display: inline-block;\" class=\"MathJax_SVG\" id=\"MathJax-Element-11-Frame\"><svg xmlns:xlink=\"http://www.w3.org/1999/xlink\" width=\"2.064ex\" height=\"2.176ex\" style=\"vertical-align: -0.338ex;\" viewBox=\"0 -791.3 888.5 936.9\" role=\"img\" focusable=\"false\"><g stroke=\"currentColor\" fill=\"currentColor\" stroke-width=\"0\" transform=\"matrix(1 0 0 -1 0 0)\"><path stroke-width=\"1\" d=\"M234 637Q231 637 226 637Q201 637 196 638T191 649Q191 676 202 682Q204 683 299 683Q376 683 387 683T401 677Q612 181 616 168L670 381Q723 592 723 606Q723 633 659 637Q635 637 635 648Q635 650 637 660Q641 676 643 679T653 683Q656 683 684 682T767 680Q817 680 843 681T873 682Q888 682 888 672Q888 650 880 642Q878 637 858 637Q787 633 769 597L620 7Q618 0 599 0Q585 0 582 2Q579 5 453 305L326 604L261 344Q196 88 196 79Q201 46 268 46H278Q284 41 284 38T282 19Q278 6 272 0H259Q228 2 151 2Q123 2 100 2T63 2T46 1Q31 1 31 10Q31 14 34 26T39 40Q41 46 62 46Q130 49 150 85Q154 91 221 362L289 634Q287 635 234 637Z\"></path></g></svg></span>, the number of integers. <br>\nThe second line contains two space separated integers, <em>alpha</em> and <em>beta</em>. <br>\nThe third line contains space separated <span style=\"font-size: 100%; display: inline-block;\" class=\"MathJax_SVG\" id=\"MathJax-Element-12-Frame\"><svg xmlns:xlink=\"http://www.w3.org/1999/xlink\" width=\"2.064ex\" height=\"2.176ex\" style=\"vertical-align: -0.338ex;\" viewBox=\"0 -791.3 888.5 936.9\" role=\"img\" focusable=\"false\"><g stroke=\"currentColor\" fill=\"currentColor\" stroke-width=\"0\" transform=\"matrix(1 0 0 -1 0 0)\"><path stroke-width=\"1\" d=\"M234 637Q231 637 226 637Q201 637 196 638T191 649Q191 676 202 682Q204 683 299 683Q376 683 387 683T401 677Q612 181 616 168L670 381Q723 592 723 606Q723 633 659 637Q635 637 635 648Q635 650 637 660Q641 676 643 679T653 683Q656 683 684 682T767 680Q817 680 843 681T873 682Q888 682 888 672Q888 650 880 642Q878 637 858 637Q787 633 769 597L620 7Q618 0 599 0Q585 0 582 2Q579 5 453 305L326 604L261 344Q196 88 196 79Q201 46 268 46H278Q284 41 284 38T282 19Q278 6 272 0H259Q228 2 151 2Q123 2 100 2T63 2T46 1Q31 1 31 10Q31 14 34 26T39 40Q41 46 62 46Q130 49 150 85Q154 91 221 362L289 634Q287 635 234 637Z\"></path></g></svg></span> integers_, denoting the <span style=\"font-size: 100%; display: inline-block;\" class=\"MathJax_SVG\" id=\"MathJax-Element-13-Frame\"><svg xmlns:xlink=\"http://www.w3.org/1999/xlink\" width=\"2.575ex\" height=\"2.509ex\" style=\"vertical-align: -0.338ex;\" viewBox=\"0 -934.9 1108.8 1080.4\" role=\"img\" focusable=\"false\"><g stroke=\"currentColor\" fill=\"currentColor\" stroke-width=\"0\" transform=\"matrix(1 0 0 -1 0 0)\"><path stroke-width=\"1\" d=\"M184 600Q184 624 203 642T247 661Q265 661 277 649T290 619Q290 596 270 577T226 557Q211 557 198 567T184 600ZM21 287Q21 295 30 318T54 369T98 420T158 442Q197 442 223 419T250 357Q250 340 236 301T196 196T154 83Q149 61 149 51Q149 26 166 26Q175 26 185 29T208 43T235 78T260 137Q263 149 265 151T282 153Q302 153 302 143Q302 135 293 112T268 61T223 11T161 -11Q129 -11 102 10T74 74Q74 91 79 106T122 220Q160 321 166 341T173 380Q173 404 156 404H154Q124 404 99 371T61 287Q60 286 59 284T58 281T56 279T53 278T49 278T41 278H27Q21 284 21 287Z\"></path><g transform=\"translate(345,362)\"><path stroke-width=\"1\" transform=\"scale(0.707)\" d=\"M26 385Q19 392 19 395Q19 399 22 411T27 425Q29 430 36 430T87 431H140L159 511Q162 522 166 540T173 566T179 586T187 603T197 615T211 624T229 626Q247 625 254 615T261 596Q261 589 252 549T232 470L222 433Q222 431 272 431H323Q330 424 330 420Q330 398 317 385H210L174 240Q135 80 135 68Q135 26 162 26Q197 26 230 60T283 144Q285 150 288 151T303 153H307Q322 153 322 145Q322 142 319 133Q314 117 301 95T267 48T216 6T155 -11Q125 -11 98 4T59 56Q57 64 57 83V101L92 241Q127 382 128 383Q128 385 77 385H26Z\"></path><g transform=\"translate(255,0)\"><path stroke-width=\"1\" transform=\"scale(0.707)\" d=\"M137 683Q138 683 209 688T282 694Q294 694 294 685Q294 674 258 534Q220 386 220 383Q220 381 227 388Q288 442 357 442Q411 442 444 415T478 336Q478 285 440 178T402 50Q403 36 407 31T422 26Q450 26 474 56T513 138Q516 149 519 151T535 153Q555 153 555 145Q555 144 551 130Q535 71 500 33Q466 -10 419 -10H414Q367 -10 346 17T325 74Q325 90 361 192T398 345Q398 404 354 404H349Q266 404 205 306L198 293L164 158Q132 28 127 16Q114 -11 83 -11Q69 -11 59 -2T48 16Q48 30 121 320L195 616Q195 629 188 632T149 637H128Q122 643 122 645T124 664Q129 683 137 683Z\"></path></g></g></g></svg></span> integer in array <span style=\"font-size: 100%; display: inline-block;\" class=\"MathJax_SVG\" id=\"MathJax-Element-14-Frame\"><svg xmlns:xlink=\"http://www.w3.org/1999/xlink\" width=\"3.839ex\" height=\"2.843ex\" style=\"vertical-align: -0.838ex;\" viewBox=\"0 -863.1 1653 1223.9\" role=\"img\" focusable=\"false\"><g stroke=\"currentColor\" fill=\"currentColor\" stroke-width=\"0\" transform=\"matrix(1 0 0 -1 0 0)\"><path stroke-width=\"1\" d=\"M208 74Q208 50 254 46Q272 46 272 35Q272 34 270 22Q267 8 264 4T251 0Q249 0 239 0T205 1T141 2Q70 2 50 0H42Q35 7 35 11Q37 38 48 46H62Q132 49 164 96Q170 102 345 401T523 704Q530 716 547 716H555H572Q578 707 578 706L606 383Q634 60 636 57Q641 46 701 46Q726 46 726 36Q726 34 723 22Q720 7 718 4T704 0Q701 0 690 0T651 1T578 2Q484 2 455 0H443Q437 6 437 9T439 27Q443 40 445 43L449 46H469Q523 49 533 63L521 213H283L249 155Q208 86 208 74ZM516 260Q516 271 504 416T490 562L463 519Q447 492 400 412L310 260L413 259Q516 259 516 260Z\"></path><g transform=\"translate(750,0)\"><path stroke-width=\"1\" d=\"M118 -250V750H255V710H158V-210H255V-250H118Z\"></path></g><g transform=\"translate(1029,0)\"><path stroke-width=\"1\" d=\"M184 600Q184 624 203 642T247 661Q265 661 277 649T290 619Q290 596 270 577T226 557Q211 557 198 567T184 600ZM21 287Q21 295 30 318T54 369T98 420T158 442Q197 442 223 419T250 357Q250 340 236 301T196 196T154 83Q149 61 149 51Q149 26 166 26Q175 26 185 29T208 43T235 78T260 137Q263 149 265 151T282 153Q302 153 302 143Q302 135 293 112T268 61T223 11T161 -11Q129 -11 102 10T74 74Q74 91 79 106T122 220Q160 321 166 341T173 380Q173 404 156 404H154Q124 404 99 371T61 287Q60 286 59 284T58 281T56 279T53 278T49 278T41 278H27Q21 284 21 287Z\"></path></g><g transform=\"translate(1374,0)\"><path stroke-width=\"1\" d=\"M22 710V750H159V-250H22V-210H119V710H22Z\"></path></g></g></svg></span>.  </p>\n\n<p><strong>Output Format</strong> <br>\nOutput <span style=\"font-size: 100%; display: inline-block;\" class=\"MathJax_SVG\" id=\"MathJax-Element-15-Frame\"><svg xmlns:xlink=\"http://www.w3.org/1999/xlink\" width=\"1.636ex\" height=\"2.176ex\" style=\"vertical-align: -0.338ex;\" viewBox=\"0 -791.3 704.5 936.9\" role=\"img\" focusable=\"false\"><g stroke=\"currentColor\" fill=\"currentColor\" stroke-width=\"0\" transform=\"matrix(1 0 0 -1 0 0)\"><path stroke-width=\"1\" d=\"M40 437Q21 437 21 445Q21 450 37 501T71 602L88 651Q93 669 101 677H569H659Q691 677 697 676T704 667Q704 661 687 553T668 444Q668 437 649 437Q640 437 637 437T631 442L629 445Q629 451 635 490T641 551Q641 586 628 604T573 629Q568 630 515 631Q469 631 457 630T439 622Q438 621 368 343T298 60Q298 48 386 46Q418 46 427 45T436 36Q436 31 433 22Q429 4 424 1L422 0Q419 0 415 0Q410 0 363 1T228 2Q99 2 64 0H49Q43 6 43 9T45 27Q49 40 55 46H83H94Q174 46 189 55Q190 56 191 56Q196 59 201 76T241 233Q258 301 269 344Q339 619 339 625Q339 630 310 630H279Q212 630 191 624Q146 614 121 583T67 467Q60 445 57 441T43 437H40Z\"></path></g></svg></span> lines. Each line contains the answer to its respective test case. </p>\n\n<p><strong>Constraints</strong>  </p>\n\n<p><span style=\"font-size: 100%; display: inline-block;\" class=\"MathJax_SVG\" id=\"MathJax-Element-16-Frame\"><svg xmlns:xlink=\"http://www.w3.org/1999/xlink\" width=\"11.321ex\" height=\"2.343ex\" style=\"vertical-align: -0.505ex;\" viewBox=\"0 -791.3 4874.1 1008.6\" role=\"img\" focusable=\"false\"><g stroke=\"currentColor\" fill=\"currentColor\" stroke-width=\"0\" transform=\"matrix(1 0 0 -1 0 0)\"><path stroke-width=\"1\" d=\"M213 578L200 573Q186 568 160 563T102 556H83V602H102Q149 604 189 617T245 641T273 663Q275 666 285 666Q294 666 302 660V361L303 61Q310 54 315 52T339 48T401 46H427V0H416Q395 3 257 3Q121 3 100 0H88V46H114Q136 46 152 46T177 47T193 50T201 52T207 57T213 61V578Z\"></path><g transform=\"translate(778,0)\"><path stroke-width=\"1\" d=\"M674 636Q682 636 688 630T694 615T687 601Q686 600 417 472L151 346L399 228Q687 92 691 87Q694 81 694 76Q694 58 676 56H670L382 192Q92 329 90 331Q83 336 83 348Q84 359 96 365Q104 369 382 500T665 634Q669 636 674 636ZM84 -118Q84 -108 99 -98H678Q694 -104 694 -118Q694 -130 679 -138H98Q84 -131 84 -118Z\"></path></g><g transform=\"translate(1834,0)\"><path stroke-width=\"1\" d=\"M40 437Q21 437 21 445Q21 450 37 501T71 602L88 651Q93 669 101 677H569H659Q691 677 697 676T704 667Q704 661 687 553T668 444Q668 437 649 437Q640 437 637 437T631 442L629 445Q629 451 635 490T641 551Q641 586 628 604T573 629Q568 630 515 631Q469 631 457 630T439 622Q438 621 368 343T298 60Q298 48 386 46Q418 46 427 45T436 36Q436 31 433 22Q429 4 424 1L422 0Q419 0 415 0Q410 0 363 1T228 2Q99 2 64 0H49Q43 6 43 9T45 27Q49 40 55 46H83H94Q174 46 189 55Q190 56 191 56Q196 59 201 76T241 233Q258 301 269 344Q339 619 339 625Q339 630 310 630H279Q212 630 191 624Q146 614 121 583T67 467Q60 445 57 441T43 437H40Z\"></path></g><g transform=\"translate(2816,0)\"><path stroke-width=\"1\" d=\"M674 636Q682 636 688 630T694 615T687 601Q686 600 417 472L151 346L399 228Q687 92 691 87Q694 81 694 76Q694 58 676 56H670L382 192Q92 329 90 331Q83 336 83 348Q84 359 96 365Q104 369 382 500T665 634Q669 636 674 636ZM84 -118Q84 -108 99 -98H678Q694 -104 694 -118Q694 -130 679 -138H98Q84 -131 84 -118Z\"></path></g><g transform=\"translate(3873,0)\"><path stroke-width=\"1\" d=\"M213 578L200 573Q186 568 160 563T102 556H83V602H102Q149 604 189 617T245 641T273 663Q275 666 285 666Q294 666 302 660V361L303 61Q310 54 315 52T339 48T401 46H427V0H416Q395 3 257 3Q121 3 100 0H88V46H114Q136 46 152 46T177 47T193 50T201 52T207 57T213 61V578Z\"></path><path stroke-width=\"1\" d=\"M96 585Q152 666 249 666Q297 666 345 640T423 548Q460 465 460 320Q460 165 417 83Q397 41 362 16T301 -15T250 -22Q224 -22 198 -16T137 16T82 83Q39 165 39 320Q39 494 96 585ZM321 597Q291 629 250 629Q208 629 178 597Q153 571 145 525T137 333Q137 175 145 125T181 46Q209 16 250 16Q290 16 318 46Q347 76 354 130T362 333Q362 478 354 524T321 597Z\" transform=\"translate(500,0)\"></path></g></g></svg></span> <br>\n<span style=\"font-size: 100%; display: inline-block;\" class=\"MathJax_SVG\" id=\"MathJax-Element-17-Frame\"><svg xmlns:xlink=\"http://www.w3.org/1999/xlink\" width=\"12.91ex\" height=\"2.343ex\" style=\"vertical-align: -0.505ex;\" viewBox=\"0 -791.3 5558.6 1008.6\" role=\"img\" focusable=\"false\"><g stroke=\"currentColor\" fill=\"currentColor\" stroke-width=\"0\" transform=\"matrix(1 0 0 -1 0 0)\"><path stroke-width=\"1\" d=\"M213 578L200 573Q186 568 160 563T102 556H83V602H102Q149 604 189 617T245 641T273 663Q275 666 285 666Q294 666 302 660V361L303 61Q310 54 315 52T339 48T401 46H427V0H416Q395 3 257 3Q121 3 100 0H88V46H114Q136 46 152 46T177 47T193 50T201 52T207 57T213 61V578Z\"></path><g transform=\"translate(778,0)\"><path stroke-width=\"1\" d=\"M674 636Q682 636 688 630T694 615T687 601Q686 600 417 472L151 346L399 228Q687 92 691 87Q694 81 694 76Q694 58 676 56H670L382 192Q92 329 90 331Q83 336 83 348Q84 359 96 365Q104 369 382 500T665 634Q669 636 674 636ZM84 -118Q84 -108 99 -98H678Q694 -104 694 -118Q694 -130 679 -138H98Q84 -131 84 -118Z\"></path></g><g transform=\"translate(1834,0)\"><path stroke-width=\"1\" d=\"M234 637Q231 637 226 637Q201 637 196 638T191 649Q191 676 202 682Q204 683 299 683Q376 683 387 683T401 677Q612 181 616 168L670 381Q723 592 723 606Q723 633 659 637Q635 637 635 648Q635 650 637 660Q641 676 643 679T653 683Q656 683 684 682T767 680Q817 680 843 681T873 682Q888 682 888 672Q888 650 880 642Q878 637 858 637Q787 633 769 597L620 7Q618 0 599 0Q585 0 582 2Q579 5 453 305L326 604L261 344Q196 88 196 79Q201 46 268 46H278Q284 41 284 38T282 19Q278 6 272 0H259Q228 2 151 2Q123 2 100 2T63 2T46 1Q31 1 31 10Q31 14 34 26T39 40Q41 46 62 46Q130 49 150 85Q154 91 221 362L289 634Q287 635 234 637Z\"></path></g><g transform=\"translate(3000,0)\"><path stroke-width=\"1\" d=\"M674 636Q682 636 688 630T694 615T687 601Q686 600 417 472L151 346L399 228Q687 92 691 87Q694 81 694 76Q694 58 676 56H670L382 192Q92 329 90 331Q83 336 83 348Q84 359 96 365Q104 369 382 500T665 634Q669 636 674 636ZM84 -118Q84 -108 99 -98H678Q694 -104 694 -118Q694 -130 679 -138H98Q84 -131 84 -118Z\"></path></g><g transform=\"translate(4057,0)\"><path stroke-width=\"1\" d=\"M213 578L200 573Q186 568 160 563T102 556H83V602H102Q149 604 189 617T245 641T273 663Q275 666 285 666Q294 666 302 660V361L303 61Q310 54 315 52T339 48T401 46H427V0H416Q395 3 257 3Q121 3 100 0H88V46H114Q136 46 152 46T177 47T193 50T201 52T207 57T213 61V578Z\"></path><path stroke-width=\"1\" d=\"M164 157Q164 133 148 117T109 101H102Q148 22 224 22Q294 22 326 82Q345 115 345 210Q345 313 318 349Q292 382 260 382H254Q176 382 136 314Q132 307 129 306T114 304Q97 304 95 310Q93 314 93 485V614Q93 664 98 664Q100 666 102 666Q103 666 123 658T178 642T253 634Q324 634 389 662Q397 666 402 666Q410 666 410 648V635Q328 538 205 538Q174 538 149 544L139 546V374Q158 388 169 396T205 412T256 420Q337 420 393 355T449 201Q449 109 385 44T229 -22Q148 -22 99 32T50 154Q50 178 61 192T84 210T107 214Q132 214 148 197T164 157Z\" transform=\"translate(500,0)\"></path><path stroke-width=\"1\" d=\"M96 585Q152 666 249 666Q297 666 345 640T423 548Q460 465 460 320Q460 165 417 83Q397 41 362 16T301 -15T250 -22Q224 -22 198 -16T137 16T82 83Q39 165 39 320Q39 494 96 585ZM321 597Q291 629 250 629Q208 629 178 597Q153 571 145 525T137 333Q137 175 145 125T181 46Q209 16 250 16Q290 16 318 46Q347 76 354 130T362 333Q362 478 354 524T321 597Z\" transform=\"translate(1001,0)\"></path></g></g></svg></span> <br>\n<span style=\"font-size: 100%; display: inline-block;\" class=\"MathJax_SVG\" id=\"MathJax-Element-18-Frame\"><svg xmlns:xlink=\"http://www.w3.org/1999/xlink\" width=\"14.578ex\" height=\"3.176ex\" style=\"vertical-align: -0.838ex;\" viewBox=\"0 -1006.6 6276.5 1367.4\" role=\"img\" focusable=\"false\"><g stroke=\"currentColor\" fill=\"currentColor\" stroke-width=\"0\" transform=\"matrix(1 0 0 -1 0 0)\"><path stroke-width=\"1\" d=\"M213 578L200 573Q186 568 160 563T102 556H83V602H102Q149 604 189 617T245 641T273 663Q275 666 285 666Q294 666 302 660V361L303 61Q310 54 315 52T339 48T401 46H427V0H416Q395 3 257 3Q121 3 100 0H88V46H114Q136 46 152 46T177 47T193 50T201 52T207 57T213 61V578Z\"></path><g transform=\"translate(778,0)\"><path stroke-width=\"1\" d=\"M674 636Q682 636 688 630T694 615T687 601Q686 600 417 472L151 346L399 228Q687 92 691 87Q694 81 694 76Q694 58 676 56H670L382 192Q92 329 90 331Q83 336 83 348Q84 359 96 365Q104 369 382 500T665 634Q669 636 674 636ZM84 -118Q84 -108 99 -98H678Q694 -104 694 -118Q694 -130 679 -138H98Q84 -131 84 -118Z\"></path></g><g transform=\"translate(1834,0)\"><path stroke-width=\"1\" d=\"M208 74Q208 50 254 46Q272 46 272 35Q272 34 270 22Q267 8 264 4T251 0Q249 0 239 0T205 1T141 2Q70 2 50 0H42Q35 7 35 11Q37 38 48 46H62Q132 49 164 96Q170 102 345 401T523 704Q530 716 547 716H555H572Q578 707 578 706L606 383Q634 60 636 57Q641 46 701 46Q726 46 726 36Q726 34 723 22Q720 7 718 4T704 0Q701 0 690 0T651 1T578 2Q484 2 455 0H443Q437 6 437 9T439 27Q443 40 445 43L449 46H469Q523 49 533 63L521 213H283L249 155Q208 86 208 74ZM516 260Q516 271 504 416T490 562L463 519Q447 492 400 412L310 260L413 259Q516 259 516 260Z\"></path></g><g transform=\"translate(2585,0)\"><path stroke-width=\"1\" d=\"M118 -250V750H255V710H158V-210H255V-250H118Z\"></path></g><g transform=\"translate(2863,0)\"><path stroke-width=\"1\" d=\"M184 600Q184 624 203 642T247 661Q265 661 277 649T290 619Q290 596 270 577T226 557Q211 557 198 567T184 600ZM21 287Q21 295 30 318T54 369T98 420T158 442Q197 442 223 419T250 357Q250 340 236 301T196 196T154 83Q149 61 149 51Q149 26 166 26Q175 26 185 29T208 43T235 78T260 137Q263 149 265 151T282 153Q302 153 302 143Q302 135 293 112T268 61T223 11T161 -11Q129 -11 102 10T74 74Q74 91 79 106T122 220Q160 321 166 341T173 380Q173 404 156 404H154Q124 404 99 371T61 287Q60 286 59 284T58 281T56 279T53 278T49 278T41 278H27Q21 284 21 287Z\"></path></g><g transform=\"translate(3209,0)\"><path stroke-width=\"1\" d=\"M22 710V750H159V-250H22V-210H119V710H22Z\"></path></g><g transform=\"translate(3765,0)\"><path stroke-width=\"1\" d=\"M674 636Q682 636 688 630T694 615T687 601Q686 600 417 472L151 346L399 228Q687 92 691 87Q694 81 694 76Q694 58 676 56H670L382 192Q92 329 90 331Q83 336 83 348Q84 359 96 365Q104 369 382 500T665 634Q669 636 674 636ZM84 -118Q84 -108 99 -98H678Q694 -104 694 -118Q694 -130 679 -138H98Q84 -131 84 -118Z\"></path></g><g transform=\"translate(4821,0)\"><path stroke-width=\"1\" d=\"M213 578L200 573Q186 568 160 563T102 556H83V602H102Q149 604 189 617T245 641T273 663Q275 666 285 666Q294 666 302 660V361L303 61Q310 54 315 52T339 48T401 46H427V0H416Q395 3 257 3Q121 3 100 0H88V46H114Q136 46 152 46T177 47T193 50T201 52T207 57T213 61V578Z\"></path><path stroke-width=\"1\" d=\"M96 585Q152 666 249 666Q297 666 345 640T423 548Q460 465 460 320Q460 165 417 83Q397 41 362 16T301 -15T250 -22Q224 -22 198 -16T137 16T82 83Q39 165 39 320Q39 494 96 585ZM321 597Q291 629 250 629Q208 629 178 597Q153 571 145 525T137 333Q137 175 145 125T181 46Q209 16 250 16Q290 16 318 46Q347 76 354 130T362 333Q362 478 354 524T321 597Z\" transform=\"translate(500,0)\"></path><g transform=\"translate(1001,393)\"><path stroke-width=\"1\" transform=\"scale(0.707)\" d=\"M352 287Q304 211 232 211Q154 211 104 270T44 396Q42 412 42 436V444Q42 537 111 606Q171 666 243 666Q245 666 249 666T257 665H261Q273 665 286 663T323 651T370 619T413 560Q456 472 456 334Q456 194 396 97Q361 41 312 10T208 -22Q147 -22 108 7T68 93T121 149Q143 149 158 135T173 96Q173 78 164 65T148 49T135 44L131 43Q131 41 138 37T164 27T206 22H212Q272 22 313 86Q352 142 352 280V287ZM244 248Q292 248 321 297T351 430Q351 508 343 542Q341 552 337 562T323 588T293 615T246 625Q208 625 181 598Q160 576 154 546T147 441Q147 358 152 329T172 282Q197 248 244 248Z\"></path></g></g></g></svg></span> <br>\n<span style=\"font-size: 100%; display: inline-block;\" class=\"MathJax_SVG\" id=\"MathJax-Element-19-Frame\"><svg xmlns:xlink=\"http://www.w3.org/1999/xlink\" width=\"21.584ex\" height=\"3.009ex\" style=\"vertical-align: -0.671ex;\" viewBox=\"0 -1006.6 9293.2 1295.7\" role=\"img\" focusable=\"false\"><g stroke=\"currentColor\" fill=\"currentColor\" stroke-width=\"0\" transform=\"matrix(1 0 0 -1 0 0)\"><path stroke-width=\"1\" d=\"M213 578L200 573Q186 568 160 563T102 556H83V602H102Q149 604 189 617T245 641T273 663Q275 666 285 666Q294 666 302 660V361L303 61Q310 54 315 52T339 48T401 46H427V0H416Q395 3 257 3Q121 3 100 0H88V46H114Q136 46 152 46T177 47T193 50T201 52T207 57T213 61V578Z\"></path><g transform=\"translate(778,0)\"><path stroke-width=\"1\" d=\"M674 636Q682 636 688 630T694 615T687 601Q686 600 417 472L151 346L399 228Q687 92 691 87Q694 81 694 76Q694 58 676 56H670L382 192Q92 329 90 331Q83 336 83 348Q84 359 96 365Q104 369 382 500T665 634Q669 636 674 636ZM84 -118Q84 -108 99 -98H678Q694 -104 694 -118Q694 -130 679 -138H98Q84 -131 84 -118Z\"></path></g><g transform=\"translate(1834,0)\"><path stroke-width=\"1\" d=\"M33 157Q33 258 109 349T280 441Q331 441 370 392Q386 422 416 422Q429 422 439 414T449 394Q449 381 412 234T374 68Q374 43 381 35T402 26Q411 27 422 35Q443 55 463 131Q469 151 473 152Q475 153 483 153H487Q506 153 506 144Q506 138 501 117T481 63T449 13Q436 0 417 -8Q409 -10 393 -10Q359 -10 336 5T306 36L300 51Q299 52 296 50Q294 48 292 46Q233 -10 172 -10Q117 -10 75 30T33 157ZM351 328Q351 334 346 350T323 385T277 405Q242 405 210 374T160 293Q131 214 119 129Q119 126 119 118T118 106Q118 61 136 44T179 26Q217 26 254 59T298 110Q300 114 325 217T351 328Z\"></path></g><g transform=\"translate(2364,0)\"><path stroke-width=\"1\" d=\"M117 59Q117 26 142 26Q179 26 205 131Q211 151 215 152Q217 153 225 153H229Q238 153 241 153T246 151T248 144Q247 138 245 128T234 90T214 43T183 6T137 -11Q101 -11 70 11T38 85Q38 97 39 102L104 360Q167 615 167 623Q167 626 166 628T162 632T157 634T149 635T141 636T132 637T122 637Q112 637 109 637T101 638T95 641T94 647Q94 649 96 661Q101 680 107 682T179 688Q194 689 213 690T243 693T254 694Q266 694 266 686Q266 675 193 386T118 83Q118 81 118 75T117 65V59Z\"></path></g><g transform=\"translate(2662,0)\"><path stroke-width=\"1\" d=\"M23 287Q24 290 25 295T30 317T40 348T55 381T75 411T101 433T134 442Q209 442 230 378L240 387Q302 442 358 442Q423 442 460 395T497 281Q497 173 421 82T249 -10Q227 -10 210 -4Q199 1 187 11T168 28L161 36Q160 35 139 -51T118 -138Q118 -144 126 -145T163 -148H188Q194 -155 194 -157T191 -175Q188 -187 185 -190T172 -194Q170 -194 161 -194T127 -193T65 -192Q-5 -192 -24 -194H-32Q-39 -187 -39 -183Q-37 -156 -26 -148H-6Q28 -147 33 -136Q36 -130 94 103T155 350Q156 355 156 364Q156 405 131 405Q109 405 94 377T71 316T59 280Q57 278 43 278H29Q23 284 23 287ZM178 102Q200 26 252 26Q282 26 310 49T356 107Q374 141 392 215T411 325V331Q411 405 350 405Q339 405 328 402T306 393T286 380T269 365T254 350T243 336T235 326L232 322Q232 321 229 308T218 264T204 212Q178 106 178 102Z\"></path></g><g transform=\"translate(3166,0)\"><path stroke-width=\"1\" d=\"M137 683Q138 683 209 688T282 694Q294 694 294 685Q294 674 258 534Q220 386 220 383Q220 381 227 388Q288 442 357 442Q411 442 444 415T478 336Q478 285 440 178T402 50Q403 36 407 31T422 26Q450 26 474 56T513 138Q516 149 519 151T535 153Q555 153 555 145Q555 144 551 130Q535 71 500 33Q466 -10 419 -10H414Q367 -10 346 17T325 74Q325 90 361 192T398 345Q398 404 354 404H349Q266 404 205 306L198 293L164 158Q132 28 127 16Q114 -11 83 -11Q69 -11 59 -2T48 16Q48 30 121 320L195 616Q195 629 188 632T149 637H128Q122 643 122 645T124 664Q129 683 137 683Z\"></path></g><g transform=\"translate(3742,0)\"><path stroke-width=\"1\" d=\"M33 157Q33 258 109 349T280 441Q331 441 370 392Q386 422 416 422Q429 422 439 414T449 394Q449 381 412 234T374 68Q374 43 381 35T402 26Q411 27 422 35Q443 55 463 131Q469 151 473 152Q475 153 483 153H487Q506 153 506 144Q506 138 501 117T481 63T449 13Q436 0 417 -8Q409 -10 393 -10Q359 -10 336 5T306 36L300 51Q299 52 296 50Q294 48 292 46Q233 -10 172 -10Q117 -10 75 30T33 157ZM351 328Q351 334 346 350T323 385T277 405Q242 405 210 374T160 293Q131 214 119 129Q119 126 119 118T118 106Q118 61 136 44T179 26Q217 26 254 59T298 110Q300 114 325 217T351 328Z\"></path></g><g transform=\"translate(4272,0)\"><path stroke-width=\"1\" d=\"M78 35T78 60T94 103T137 121Q165 121 187 96T210 8Q210 -27 201 -60T180 -117T154 -158T130 -185T117 -194Q113 -194 104 -185T95 -172Q95 -168 106 -156T131 -126T157 -76T173 -3V9L172 8Q170 7 167 6T161 3T152 1T140 0Q113 0 96 17Z\"></path></g><g transform=\"translate(4717,0)\"><path stroke-width=\"1\" d=\"M73 647Q73 657 77 670T89 683Q90 683 161 688T234 694Q246 694 246 685T212 542Q204 508 195 472T180 418L176 399Q176 396 182 402Q231 442 283 442Q345 442 383 396T422 280Q422 169 343 79T173 -11Q123 -11 82 27T40 150V159Q40 180 48 217T97 414Q147 611 147 623T109 637Q104 637 101 637H96Q86 637 83 637T76 640T73 647ZM336 325V331Q336 405 275 405Q258 405 240 397T207 376T181 352T163 330L157 322L136 236Q114 150 114 114Q114 66 138 42Q154 26 178 26Q211 26 245 58Q270 81 285 114T318 219Q336 291 336 325Z\"></path></g><g transform=\"translate(5146,0)\"><path stroke-width=\"1\" d=\"M39 168Q39 225 58 272T107 350T174 402T244 433T307 442H310Q355 442 388 420T421 355Q421 265 310 237Q261 224 176 223Q139 223 138 221Q138 219 132 186T125 128Q125 81 146 54T209 26T302 45T394 111Q403 121 406 121Q410 121 419 112T429 98T420 82T390 55T344 24T281 -1T205 -11Q126 -11 83 42T39 168ZM373 353Q367 405 305 405Q272 405 244 391T199 357T170 316T154 280T149 261Q149 260 169 260Q282 260 327 284T373 353Z\"></path></g><g transform=\"translate(5613,0)\"><path stroke-width=\"1\" d=\"M26 385Q19 392 19 395Q19 399 22 411T27 425Q29 430 36 430T87 431H140L159 511Q162 522 166 540T173 566T179 586T187 603T197 615T211 624T229 626Q247 625 254 615T261 596Q261 589 252 549T232 470L222 433Q222 431 272 431H323Q330 424 330 420Q330 398 317 385H210L174 240Q135 80 135 68Q135 26 162 26Q197 26 230 60T283 144Q285 150 288 151T303 153H307Q322 153 322 145Q322 142 319 133Q314 117 301 95T267 48T216 6T155 -11Q125 -11 98 4T59 56Q57 64 57 83V101L92 241Q127 382 128 383Q128 385 77 385H26Z\"></path></g><g transform=\"translate(5974,0)\"><path stroke-width=\"1\" d=\"M33 157Q33 258 109 349T280 441Q331 441 370 392Q386 422 416 422Q429 422 439 414T449 394Q449 381 412 234T374 68Q374 43 381 35T402 26Q411 27 422 35Q443 55 463 131Q469 151 473 152Q475 153 483 153H487Q506 153 506 144Q506 138 501 117T481 63T449 13Q436 0 417 -8Q409 -10 393 -10Q359 -10 336 5T306 36L300 51Q299 52 296 50Q294 48 292 46Q233 -10 172 -10Q117 -10 75 30T33 157ZM351 328Q351 334 346 350T323 385T277 405Q242 405 210 374T160 293Q131 214 119 129Q119 126 119 118T118 106Q118 61 136 44T179 26Q217 26 254 59T298 110Q300 114 325 217T351 328Z\"></path></g><g transform=\"translate(6782,0)\"><path stroke-width=\"1\" d=\"M674 636Q682 636 688 630T694 615T687 601Q686 600 417 472L151 346L399 228Q687 92 691 87Q694 81 694 76Q694 58 676 56H670L382 192Q92 329 90 331Q83 336 83 348Q84 359 96 365Q104 369 382 500T665 634Q669 636 674 636ZM84 -118Q84 -108 99 -98H678Q694 -104 694 -118Q694 -130 679 -138H98Q84 -131 84 -118Z\"></path></g><g transform=\"translate(7838,0)\"><path stroke-width=\"1\" d=\"M213 578L200 573Q186 568 160 563T102 556H83V602H102Q149 604 189 617T245 641T273 663Q275 666 285 666Q294 666 302 660V361L303 61Q310 54 315 52T339 48T401 46H427V0H416Q395 3 257 3Q121 3 100 0H88V46H114Q136 46 152 46T177 47T193 50T201 52T207 57T213 61V578Z\"></path><path stroke-width=\"1\" d=\"M96 585Q152 666 249 666Q297 666 345 640T423 548Q460 465 460 320Q460 165 417 83Q397 41 362 16T301 -15T250 -22Q224 -22 198 -16T137 16T82 83Q39 165 39 320Q39 494 96 585ZM321 597Q291 629 250 629Q208 629 178 597Q153 571 145 525T137 333Q137 175 145 125T181 46Q209 16 250 16Q290 16 318 46Q347 76 354 130T362 333Q362 478 354 524T321 597Z\" transform=\"translate(500,0)\"></path><g transform=\"translate(1001,393)\"><path stroke-width=\"1\" transform=\"scale(0.707)\" d=\"M352 287Q304 211 232 211Q154 211 104 270T44 396Q42 412 42 436V444Q42 537 111 606Q171 666 243 666Q245 666 249 666T257 665H261Q273 665 286 663T323 651T370 619T413 560Q456 472 456 334Q456 194 396 97Q361 41 312 10T208 -22Q147 -22 108 7T68 93T121 149Q143 149 158 135T173 96Q173 78 164 65T148 49T135 44L131 43Q131 41 138 37T164 27T206 22H212Q272 22 313 86Q352 142 352 280V287ZM244 248Q292 248 321 297T351 430Q351 508 343 542Q341 552 337 562T323 588T293 615T246 625Q208 625 181 598Q160 576 154 546T147 441Q147 358 152 329T172 282Q197 248 244 248Z\"></path></g></g></g></svg></span>  </p>\n\n<p><strong>Sample Input</strong></p>\n\n<pre>4\n1\n1 1\n1\n2\n1 1\n1 2\n3\n1 1\n1 2 3\n5\n1 1\n1 2 3 4 5\n</pre>\n\n<p><strong>Sample Output</strong></p>\n\n<pre>1\n0\n6\n54\n</pre>\n\n<p><strong>Explanation</strong></p>\n\n<p>There are <span style=\"font-size: 100%; display: inline-block;\" class=\"MathJax_SVG\" id=\"MathJax-Element-20-Frame\"><svg xmlns:xlink=\"http://www.w3.org/1999/xlink\" width=\"1.162ex\" height=\"2.176ex\" style=\"vertical-align: -0.338ex;\" viewBox=\"0 -791.3 500.5 936.9\" role=\"img\" focusable=\"false\"><g stroke=\"currentColor\" fill=\"currentColor\" stroke-width=\"0\" transform=\"matrix(1 0 0 -1 0 0)\"><path stroke-width=\"1\" d=\"M462 0Q444 3 333 3Q217 3 199 0H190V46H221Q241 46 248 46T265 48T279 53T286 61Q287 63 287 115V165H28V211L179 442Q332 674 334 675Q336 677 355 677H373L379 671V211H471V165H379V114Q379 73 379 66T385 54Q393 47 442 46H471V0H462ZM293 211V545L74 212L183 211H293Z\"></path></g></svg></span> test cases in total. </p>\n\n<ul>\n<li><p>For the first test case, only <span style=\"font-size: 100%; display: inline-block;\" class=\"MathJax_SVG\" id=\"MathJax-Element-21-Frame\"><svg xmlns:xlink=\"http://www.w3.org/1999/xlink\" width=\"1.162ex\" height=\"2.176ex\" style=\"vertical-align: -0.338ex;\" viewBox=\"0 -791.3 500.5 936.9\" role=\"img\" focusable=\"false\"><g stroke=\"currentColor\" fill=\"currentColor\" stroke-width=\"0\" transform=\"matrix(1 0 0 -1 0 0)\"><path stroke-width=\"1\" d=\"M213 578L200 573Q186 568 160 563T102 556H83V602H102Q149 604 189 617T245 641T273 663Q275 666 285 666Q294 666 302 660V361L303 61Q310 54 315 52T339 48T401 46H427V0H416Q395 3 257 3Q121 3 100 0H88V46H114Q136 46 152 46T177 47T193 50T201 52T207 57T213 61V578Z\"></path></g></svg></span> BST can be formed with <code>1</code> as the root node. Hence the <em>Liking</em> / sum is <span style=\"font-size: 100%; display: inline-block;\" class=\"MathJax_SVG\" id=\"MathJax-Element-22-Frame\"><svg xmlns:xlink=\"http://www.w3.org/1999/xlink\" width=\"1.162ex\" height=\"2.176ex\" style=\"vertical-align: -0.338ex;\" viewBox=\"0 -791.3 500.5 936.9\" role=\"img\" focusable=\"false\"><g stroke=\"currentColor\" fill=\"currentColor\" stroke-width=\"0\" transform=\"matrix(1 0 0 -1 0 0)\"><path stroke-width=\"1\" d=\"M213 578L200 573Q186 568 160 563T102 556H83V602H102Q149 604 189 617T245 641T273 663Q275 666 285 666Q294 666 302 660V361L303 61Q310 54 315 52T339 48T401 46H427V0H416Q395 3 257 3Q121 3 100 0H88V46H114Q136 46 152 46T177 47T193 50T201 52T207 57T213 61V578Z\"></path></g></svg></span>. </p></li>\n<li><p>For the second test case, we get 2 BSTs of the form, the <em>Liking</em> of the first tree is <span style=\"font-size: 100%; display: inline-block;\" class=\"MathJax_SVG\" id=\"MathJax-Element-23-Frame\"><svg xmlns:xlink=\"http://www.w3.org/1999/xlink\" width=\"17.949ex\" height=\"2.176ex\" style=\"vertical-align: -0.338ex;\" viewBox=\"0 -791.3 7727.9 936.9\" role=\"img\" focusable=\"false\"><g stroke=\"currentColor\" fill=\"currentColor\" stroke-width=\"0\" transform=\"matrix(1 0 0 -1 0 0)\"><path stroke-width=\"1\" d=\"M213 578L200 573Q186 568 160 563T102 556H83V602H102Q149 604 189 617T245 641T273 663Q275 666 285 666Q294 666 302 660V361L303 61Q310 54 315 52T339 48T401 46H427V0H416Q395 3 257 3Q121 3 100 0H88V46H114Q136 46 152 46T177 47T193 50T201 52T207 57T213 61V578Z\"></path><g transform=\"translate(722,0)\"><path stroke-width=\"1\" d=\"M229 286Q216 420 216 436Q216 454 240 464Q241 464 245 464T251 465Q263 464 273 456T283 436Q283 419 277 356T270 286L328 328Q384 369 389 372T399 375Q412 375 423 365T435 338Q435 325 425 315Q420 312 357 282T289 250L355 219L425 184Q434 175 434 161Q434 146 425 136T401 125Q393 125 383 131T328 171L270 213Q283 79 283 63Q283 53 276 44T250 35Q231 35 224 44T216 63Q216 80 222 143T229 213L171 171Q115 130 110 127Q106 124 100 124Q87 124 76 134T64 161Q64 166 64 169T67 175T72 181T81 188T94 195T113 204T138 215T170 230T210 250L74 315Q65 324 65 338Q65 353 74 363T98 374Q106 374 116 368T171 328L229 286Z\"></path></g><g transform=\"translate(1445,0)\"><path stroke-width=\"1\" d=\"M213 578L200 573Q186 568 160 563T102 556H83V602H102Q149 604 189 617T245 641T273 663Q275 666 285 666Q294 666 302 660V361L303 61Q310 54 315 52T339 48T401 46H427V0H416Q395 3 257 3Q121 3 100 0H88V46H114Q136 46 152 46T177 47T193 50T201 52T207 57T213 61V578Z\"></path></g><g transform=\"translate(2168,0)\"><path stroke-width=\"1\" d=\"M84 237T84 250T98 270H679Q694 262 694 250T679 230H98Q84 237 84 250Z\"></path></g><g transform=\"translate(3168,0)\"><path stroke-width=\"1\" d=\"M109 429Q82 429 66 447T50 491Q50 562 103 614T235 666Q326 666 387 610T449 465Q449 422 429 383T381 315T301 241Q265 210 201 149L142 93L218 92Q375 92 385 97Q392 99 409 186V189H449V186Q448 183 436 95T421 3V0H50V19V31Q50 38 56 46T86 81Q115 113 136 137Q145 147 170 174T204 211T233 244T261 278T284 308T305 340T320 369T333 401T340 431T343 464Q343 527 309 573T212 619Q179 619 154 602T119 569T109 550Q109 549 114 549Q132 549 151 535T170 489Q170 464 154 447T109 429Z\"></path></g><g transform=\"translate(3891,0)\"><path stroke-width=\"1\" d=\"M229 286Q216 420 216 436Q216 454 240 464Q241 464 245 464T251 465Q263 464 273 456T283 436Q283 419 277 356T270 286L328 328Q384 369 389 372T399 375Q412 375 423 365T435 338Q435 325 425 315Q420 312 357 282T289 250L355 219L425 184Q434 175 434 161Q434 146 425 136T401 125Q393 125 383 131T328 171L270 213Q283 79 283 63Q283 53 276 44T250 35Q231 35 224 44T216 63Q216 80 222 143T229 213L171 171Q115 130 110 127Q106 124 100 124Q87 124 76 134T64 161Q64 166 64 169T67 175T72 181T81 188T94 195T113 204T138 215T170 230T210 250L74 315Q65 324 65 338Q65 353 74 363T98 374Q106 374 116 368T171 328L229 286Z\"></path></g><g transform=\"translate(4614,0)\"><path stroke-width=\"1\" d=\"M213 578L200 573Q186 568 160 563T102 556H83V602H102Q149 604 189 617T245 641T273 663Q275 666 285 666Q294 666 302 660V361L303 61Q310 54 315 52T339 48T401 46H427V0H416Q395 3 257 3Q121 3 100 0H88V46H114Q136 46 152 46T177 47T193 50T201 52T207 57T213 61V578Z\"></path></g><g transform=\"translate(5392,0)\"><path stroke-width=\"1\" d=\"M56 347Q56 360 70 367H707Q722 359 722 347Q722 336 708 328L390 327H72Q56 332 56 347ZM56 153Q56 168 72 173H708Q722 163 722 153Q722 140 707 133H70Q56 140 56 153Z\"></path></g><g transform=\"translate(6448,0)\"><path stroke-width=\"1\" d=\"M84 237T84 250T98 270H679Q694 262 694 250T679 230H98Q84 237 84 250Z\"></path></g><g transform=\"translate(7227,0)\"><path stroke-width=\"1\" d=\"M213 578L200 573Q186 568 160 563T102 556H83V602H102Q149 604 189 617T245 641T273 663Q275 666 285 666Q294 666 302 660V361L303 61Q310 54 315 52T339 48T401 46H427V0H416Q395 3 257 3Q121 3 100 0H88V46H114Q136 46 152 46T177 47T193 50T201 52T207 57T213 61V578Z\"></path></g></g></svg></span> and <span style=\"font-size: 100%; display: inline-block;\" class=\"MathJax_SVG\" id=\"MathJax-Element-24-Frame\"><svg xmlns:xlink=\"http://www.w3.org/1999/xlink\" width=\"16.141ex\" height=\"2.176ex\" style=\"vertical-align: -0.338ex;\" viewBox=\"0 -791.3 6949.4 936.9\" role=\"img\" focusable=\"false\"><g stroke=\"currentColor\" fill=\"currentColor\" stroke-width=\"0\" transform=\"matrix(1 0 0 -1 0 0)\"><path stroke-width=\"1\" d=\"M109 429Q82 429 66 447T50 491Q50 562 103 614T235 666Q326 666 387 610T449 465Q449 422 429 383T381 315T301 241Q265 210 201 149L142 93L218 92Q375 92 385 97Q392 99 409 186V189H449V186Q448 183 436 95T421 3V0H50V19V31Q50 38 56 46T86 81Q115 113 136 137Q145 147 170 174T204 211T233 244T261 278T284 308T305 340T320 369T333 401T340 431T343 464Q343 527 309 573T212 619Q179 619 154 602T119 569T109 550Q109 549 114 549Q132 549 151 535T170 489Q170 464 154 447T109 429Z\"></path><g transform=\"translate(722,0)\"><path stroke-width=\"1\" d=\"M229 286Q216 420 216 436Q216 454 240 464Q241 464 245 464T251 465Q263 464 273 456T283 436Q283 419 277 356T270 286L328 328Q384 369 389 372T399 375Q412 375 423 365T435 338Q435 325 425 315Q420 312 357 282T289 250L355 219L425 184Q434 175 434 161Q434 146 425 136T401 125Q393 125 383 131T328 171L270 213Q283 79 283 63Q283 53 276 44T250 35Q231 35 224 44T216 63Q216 80 222 143T229 213L171 171Q115 130 110 127Q106 124 100 124Q87 124 76 134T64 161Q64 166 64 169T67 175T72 181T81 188T94 195T113 204T138 215T170 230T210 250L74 315Q65 324 65 338Q65 353 74 363T98 374Q106 374 116 368T171 328L229 286Z\"></path></g><g transform=\"translate(1445,0)\"><path stroke-width=\"1\" d=\"M213 578L200 573Q186 568 160 563T102 556H83V602H102Q149 604 189 617T245 641T273 663Q275 666 285 666Q294 666 302 660V361L303 61Q310 54 315 52T339 48T401 46H427V0H416Q395 3 257 3Q121 3 100 0H88V46H114Q136 46 152 46T177 47T193 50T201 52T207 57T213 61V578Z\"></path></g><g transform=\"translate(2168,0)\"><path stroke-width=\"1\" d=\"M84 237T84 250T98 270H679Q694 262 694 250T679 230H98Q84 237 84 250Z\"></path></g><g transform=\"translate(3168,0)\"><path stroke-width=\"1\" d=\"M213 578L200 573Q186 568 160 563T102 556H83V602H102Q149 604 189 617T245 641T273 663Q275 666 285 666Q294 666 302 660V361L303 61Q310 54 315 52T339 48T401 46H427V0H416Q395 3 257 3Q121 3 100 0H88V46H114Q136 46 152 46T177 47T193 50T201 52T207 57T213 61V578Z\"></path></g><g transform=\"translate(3891,0)\"><path stroke-width=\"1\" d=\"M229 286Q216 420 216 436Q216 454 240 464Q241 464 245 464T251 465Q263 464 273 456T283 436Q283 419 277 356T270 286L328 328Q384 369 389 372T399 375Q412 375 423 365T435 338Q435 325 425 315Q420 312 357 282T289 250L355 219L425 184Q434 175 434 161Q434 146 425 136T401 125Q393 125 383 131T328 171L270 213Q283 79 283 63Q283 53 276 44T250 35Q231 35 224 44T216 63Q216 80 222 143T229 213L171 171Q115 130 110 127Q106 124 100 124Q87 124 76 134T64 161Q64 166 64 169T67 175T72 181T81 188T94 195T113 204T138 215T170 230T210 250L74 315Q65 324 65 338Q65 353 74 363T98 374Q106 374 116 368T171 328L229 286Z\"></path></g><g transform=\"translate(4614,0)\"><path stroke-width=\"1\" d=\"M213 578L200 573Q186 568 160 563T102 556H83V602H102Q149 604 189 617T245 641T273 663Q275 666 285 666Q294 666 302 660V361L303 61Q310 54 315 52T339 48T401 46H427V0H416Q395 3 257 3Q121 3 100 0H88V46H114Q136 46 152 46T177 47T193 50T201 52T207 57T213 61V578Z\"></path></g><g transform=\"translate(5392,0)\"><path stroke-width=\"1\" d=\"M56 347Q56 360 70 367H707Q722 359 722 347Q722 336 708 328L390 327H72Q56 332 56 347ZM56 153Q56 168 72 173H708Q722 163 722 153Q722 140 707 133H70Q56 140 56 153Z\"></path></g><g transform=\"translate(6448,0)\"><path stroke-width=\"1\" d=\"M213 578L200 573Q186 568 160 563T102 556H83V602H102Q149 604 189 617T245 641T273 663Q275 666 285 666Q294 666 302 660V361L303 61Q310 54 315 52T339 48T401 46H427V0H416Q395 3 257 3Q121 3 100 0H88V46H114Q136 46 152 46T177 47T193 50T201 52T207 57T213 61V578Z\"></path></g></g></svg></span>, this sums to <span style=\"font-size: 100%; display: inline-block;\" class=\"MathJax_SVG\" id=\"MathJax-Element-25-Frame\"><svg xmlns:xlink=\"http://www.w3.org/1999/xlink\" width=\"1.162ex\" height=\"2.176ex\" style=\"vertical-align: -0.338ex;\" viewBox=\"0 -791.3 500.5 936.9\" role=\"img\" focusable=\"false\"><g stroke=\"currentColor\" fill=\"currentColor\" stroke-width=\"0\" transform=\"matrix(1 0 0 -1 0 0)\"><path stroke-width=\"1\" d=\"M96 585Q152 666 249 666Q297 666 345 640T423 548Q460 465 460 320Q460 165 417 83Q397 41 362 16T301 -15T250 -22Q224 -22 198 -16T137 16T82 83Q39 165 39 320Q39 494 96 585ZM321 597Q291 629 250 629Q208 629 178 597Q153 571 145 525T137 333Q137 175 145 125T181 46Q209 16 250 16Q290 16 318 46Q347 76 354 130T362 333Q362 478 354 524T321 597Z\"></path></g></svg></span>, hence the answer. </p></li>\n</ul>\n\n<pre>1                  2 \n \\                /\n  2              1\n</pre>\n\n<ul>\n<li>For the third test case, we get <span style=\"font-size: 100%; display: inline-block;\" class=\"MathJax_SVG\" id=\"MathJax-Element-26-Frame\"><svg xmlns:xlink=\"http://www.w3.org/1999/xlink\" width=\"1.162ex\" height=\"2.176ex\" style=\"vertical-align: -0.338ex;\" viewBox=\"0 -791.3 500.5 936.9\" role=\"img\" focusable=\"false\"><g stroke=\"currentColor\" fill=\"currentColor\" stroke-width=\"0\" transform=\"matrix(1 0 0 -1 0 0)\"><path stroke-width=\"1\" d=\"M164 157Q164 133 148 117T109 101H102Q148 22 224 22Q294 22 326 82Q345 115 345 210Q345 313 318 349Q292 382 260 382H254Q176 382 136 314Q132 307 129 306T114 304Q97 304 95 310Q93 314 93 485V614Q93 664 98 664Q100 666 102 666Q103 666 123 658T178 642T253 634Q324 634 389 662Q397 666 402 666Q410 666 410 648V635Q328 538 205 538Q174 538 149 544L139 546V374Q158 388 169 396T205 412T256 420Q337 420 393 355T449 201Q449 109 385 44T229 -22Q148 -22 99 32T50 154Q50 178 61 192T84 210T107 214Q132 214 148 197T164 157Z\"></path></g></svg></span> BSTs. The <em>Liking</em> of each of the BST from left  to right are <span style=\"font-size: 100%; display: inline-block;\" class=\"MathJax_SVG\" id=\"MathJax-Element-27-Frame\"><svg xmlns:xlink=\"http://www.w3.org/1999/xlink\" width=\"11.756ex\" height=\"2.509ex\" style=\"vertical-align: -0.671ex;\" viewBox=\"0 -791.3 5061.7 1080.4\" role=\"img\" focusable=\"false\"><g stroke=\"currentColor\" fill=\"currentColor\" stroke-width=\"0\" transform=\"matrix(1 0 0 -1 0 0)\"><path stroke-width=\"1\" d=\"M109 429Q82 429 66 447T50 491Q50 562 103 614T235 666Q326 666 387 610T449 465Q449 422 429 383T381 315T301 241Q265 210 201 149L142 93L218 92Q375 92 385 97Q392 99 409 186V189H449V186Q448 183 436 95T421 3V0H50V19V31Q50 38 56 46T86 81Q115 113 136 137Q145 147 170 174T204 211T233 244T261 278T284 308T305 340T320 369T333 401T340 431T343 464Q343 527 309 573T212 619Q179 619 154 602T119 569T109 550Q109 549 114 549Q132 549 151 535T170 489Q170 464 154 447T109 429Z\"></path><g transform=\"translate(500,0)\"><path stroke-width=\"1\" d=\"M78 35T78 60T94 103T137 121Q165 121 187 96T210 8Q210 -27 201 -60T180 -117T154 -158T130 -185T117 -194Q113 -194 104 -185T95 -172Q95 -168 106 -156T131 -126T157 -76T173 -3V9L172 8Q170 7 167 6T161 3T152 1T140 0Q113 0 96 17Z\"></path></g><g transform=\"translate(945,0)\"><path stroke-width=\"1\" d=\"M84 237T84 250T98 270H679Q694 262 694 250T679 230H98Q84 237 84 250Z\"></path></g><g transform=\"translate(1724,0)\"><path stroke-width=\"1\" d=\"M109 429Q82 429 66 447T50 491Q50 562 103 614T235 666Q326 666 387 610T449 465Q449 422 429 383T381 315T301 241Q265 210 201 149L142 93L218 92Q375 92 385 97Q392 99 409 186V189H449V186Q448 183 436 95T421 3V0H50V19V31Q50 38 56 46T86 81Q115 113 136 137Q145 147 170 174T204 211T233 244T261 278T284 308T305 340T320 369T333 401T340 431T343 464Q343 527 309 573T212 619Q179 619 154 602T119 569T109 550Q109 549 114 549Q132 549 151 535T170 489Q170 464 154 447T109 429Z\"></path></g><g transform=\"translate(2224,0)\"><path stroke-width=\"1\" d=\"M78 35T78 60T94 103T137 121Q165 121 187 96T210 8Q210 -27 201 -60T180 -117T154 -158T130 -185T117 -194Q113 -194 104 -185T95 -172Q95 -168 106 -156T131 -126T157 -76T173 -3V9L172 8Q170 7 167 6T161 3T152 1T140 0Q113 0 96 17Z\"></path></g><g transform=\"translate(2669,0)\"><path stroke-width=\"1\" d=\"M462 0Q444 3 333 3Q217 3 199 0H190V46H221Q241 46 248 46T265 48T279 53T286 61Q287 63 287 115V165H28V211L179 442Q332 674 334 675Q336 677 355 677H373L379 671V211H471V165H379V114Q379 73 379 66T385 54Q393 47 442 46H471V0H462ZM293 211V545L74 212L183 211H293Z\"></path></g><g transform=\"translate(3170,0)\"><path stroke-width=\"1\" d=\"M78 35T78 60T94 103T137 121Q165 121 187 96T210 8Q210 -27 201 -60T180 -117T154 -158T130 -185T117 -194Q113 -194 104 -185T95 -172Q95 -168 106 -156T131 -126T157 -76T173 -3V9L172 8Q170 7 167 6T161 3T152 1T140 0Q113 0 96 17Z\"></path></g><g transform=\"translate(3615,0)\"><path stroke-width=\"1\" d=\"M109 429Q82 429 66 447T50 491Q50 562 103 614T235 666Q326 666 387 610T449 465Q449 422 429 383T381 315T301 241Q265 210 201 149L142 93L218 92Q375 92 385 97Q392 99 409 186V189H449V186Q448 183 436 95T421 3V0H50V19V31Q50 38 56 46T86 81Q115 113 136 137Q145 147 170 174T204 211T233 244T261 278T284 308T305 340T320 369T333 401T340 431T343 464Q343 527 309 573T212 619Q179 619 154 602T119 569T109 550Q109 549 114 549Q132 549 151 535T170 489Q170 464 154 447T109 429Z\"></path></g><g transform=\"translate(4116,0)\"><path stroke-width=\"1\" d=\"M78 35T78 60T94 103T137 121Q165 121 187 96T210 8Q210 -27 201 -60T180 -117T154 -158T130 -185T117 -194Q113 -194 104 -185T95 -172Q95 -168 106 -156T131 -126T157 -76T173 -3V9L172 8Q170 7 167 6T161 3T152 1T140 0Q113 0 96 17Z\"></path></g><g transform=\"translate(4561,0)\"><path stroke-width=\"1\" d=\"M96 585Q152 666 249 666Q297 666 345 640T423 548Q460 465 460 320Q460 165 417 83Q397 41 362 16T301 -15T250 -22Q224 -22 198 -16T137 16T82 83Q39 165 39 320Q39 494 96 585ZM321 597Q291 629 250 629Q208 629 178 597Q153 571 145 525T137 333Q137 175 145 125T181 46Q209 16 250 16Q290 16 318 46Q347 76 354 130T362 333Q362 478 354 524T321 597Z\"></path></g></g></svg></span> which sums to <span style=\"font-size: 100%; display: inline-block;\" class=\"MathJax_SVG\" id=\"MathJax-Element-28-Frame\"><svg xmlns:xlink=\"http://www.w3.org/1999/xlink\" width=\"1.162ex\" height=\"2.176ex\" style=\"vertical-align: -0.338ex;\" viewBox=\"0 -791.3 500.5 936.9\" role=\"img\" focusable=\"false\"><g stroke=\"currentColor\" fill=\"currentColor\" stroke-width=\"0\" transform=\"matrix(1 0 0 -1 0 0)\"><path stroke-width=\"1\" d=\"M42 313Q42 476 123 571T303 666Q372 666 402 630T432 550Q432 525 418 510T379 495Q356 495 341 509T326 548Q326 592 373 601Q351 623 311 626Q240 626 194 566Q147 500 147 364L148 360Q153 366 156 373Q197 433 263 433H267Q313 433 348 414Q372 400 396 374T435 317Q456 268 456 210V192Q456 169 451 149Q440 90 387 34T253 -22Q225 -22 199 -14T143 16T92 75T56 172T42 313ZM257 397Q227 397 205 380T171 335T154 278T148 216Q148 133 160 97T198 39Q222 21 251 21Q302 21 329 59Q342 77 347 104T352 209Q352 289 347 316T329 361Q302 397 257 397Z\"></path></g></svg></span> and hence the answer.  </li>\n</ul>\n\n<pre>1            2                 3          3      1\n \\          / \\               /          /        \\\n  2        1   3             1          2          3\n   \\                          \\        /          /\n    3                          2      1          2\n</pre>\n\n<ul>\n<li>Similarly, for the fourth test case, the answer is <span style=\"font-size: 100%; display: inline-block;\" class=\"MathJax_SVG\" id=\"MathJax-Element-29-Frame\"><svg xmlns:xlink=\"http://www.w3.org/1999/xlink\" width=\"2.325ex\" height=\"2.176ex\" style=\"vertical-align: -0.338ex;\" viewBox=\"0 -791.3 1001 936.9\" role=\"img\" focusable=\"false\"><g stroke=\"currentColor\" fill=\"currentColor\" stroke-width=\"0\" transform=\"matrix(1 0 0 -1 0 0)\"><path stroke-width=\"1\" d=\"M164 157Q164 133 148 117T109 101H102Q148 22 224 22Q294 22 326 82Q345 115 345 210Q345 313 318 349Q292 382 260 382H254Q176 382 136 314Q132 307 129 306T114 304Q97 304 95 310Q93 314 93 485V614Q93 664 98 664Q100 666 102 666Q103 666 123 658T178 642T253 634Q324 634 389 662Q397 666 402 666Q410 666 410 648V635Q328 538 205 538Q174 538 149 544L139 546V374Q158 388 169 396T205 412T256 420Q337 420 393 355T449 201Q449 109 385 44T229 -22Q148 -22 99 32T50 154Q50 178 61 192T84 210T107 214Q132 214 148 197T164 157Z\"></path><path stroke-width=\"1\" d=\"M462 0Q444 3 333 3Q217 3 199 0H190V46H221Q241 46 248 46T265 48T279 53T286 61Q287 63 287 115V165H28V211L179 442Q332 674 334 675Q336 677 355 677H373L379 671V211H471V165H379V114Q379 73 379 66T385 54Q393 47 442 46H471V0H462ZM293 211V545L74 212L183 211H293Z\" transform=\"translate(500,0)\"></path></g></svg></span>.  </li>\n</ul></div></div></div>", 
        "hacker": {
            "username": "HackerRank", 
            "is_admin": true, 
            "id": 15055, 
            "avatar": "https://hrcdn.net/s3_pub/hr-avatars/4c95f96b-1ff9-46ed-98f8-cb3cb4ed8834/150x150.png"
        }, 
        "id": 2413, 
        "leaderboard_out_of_sync": null, 
        "has_ended": false, 
        "languages": [
            "c", 
            "cpp", 
            "java", 
            "csharp", 
            "php", 
            "ruby", 
            "python", 
            "perl", 
            "haskell", 
            "clojure", 
            "scala", 
            "lua", 
            "go", 
            "javascript", 
            "erlang", 
            "d", 
            "ocaml", 
            "pascal", 
            "python3", 
            "groovy", 
            "objectivec", 
            "fsharp", 
            "visualbasic", 
            "lolcode", 
            "smalltalk", 
            "tcl", 
            "whitespace", 
            "sbcl", 
            "java8", 
            "octave", 
            "racket", 
            "rust", 
            "bash", 
            "r", 
            "swift", 
            "fortran", 
            "cpp14", 
            "coffeescript", 
            "ada", 
            "pypy", 
            "pypy3", 
            "elixir", 
            "kotlin", 
            "julia"
        ], 
        "is_custom": false, 
        "compile_and_test": true, 
        "default_language": null, 
        "migrated_resource": null, 
        "submit_disabled": false, 
        "expert_solution_status": false, 
        "can_solve": true, 
        "company_id": null, 
        "custom": false, 
        "can_be_viewed": true, 
        "track": {
            "name": "Advanced", 
            "taxonomy": 1, 
            "track_slug": "data-structures", 
            "track_id": 17, 
            "track_name": "Data Structures", 
            "id": 32, 
            "rewards_system_enabled": null, 
            "slug": "data-structures"
        }, 
        "primary_contest": {
            "migration_status": null, 
            "contest_broadcast": null, 
            "hacker_timelimit": null, 
            "notification": null, 
            "qualification_rule_value": null, 
            "leaderboard_backend": null, 
            "expose_stats": null, 
            "updated_at": "2016-08-07T15:02:49.000Z", 
            "custom_leaderboard_column_name": null, 
            "organization_type": null, 
            "ended": true, 
            "epoch_starttime": 1401724800, 
            "timezone": "PST", 
            "disable_forum": null, 
            "id": 932, 
            "primary_track_id": 3, 
            "limited_participants": null, 
            "school_leaderboard_enabled": false, 
            "time_limited_contest": false, 
            "archived": true, 
            "rated": null, 
            "parent_contest_id": null, 
            "leaderboard_out_of_sync_message": null, 
            "leaderboard_type": "country", 
            "tagline": "1 challenge every day!", 
            "effective_epoch_endtime": 1402329600, 
            "show_participants_info": null, 
            "homepage_background_color": "", 
            "organization_name": null, 
            "track": {
                "name": "Algorithms", 
                "id": 3, 
                "priority": 14, 
                "descriptions": "The true test of problem solving: when one realizes that time and memory aren't infinite.\n", 
                "rewards_system_enabled": true, 
                "slug": "algorithms"
            }, 
            "primary_tag_id": 3081, 
            "hide_navigation": null, 
            "show_penalty": null, 
            "effective_time_left": -101026147.48078434, 
            "hidden": null, 
            "homepage": "", 
            "public": true, 
            "testers_contest": null, 
            "description": "Welcome to the Week 4 of our daily challenges! Each day you'll get to solve a challenge whose difficulty level increases as the week progresses! <br />\n\nTo solve the final challenge, you're given an entire weekend . <br />\n\nThere are 5 challenges in total!!  <br /> <br />\n\nTie-breaking rule is little different for this contest. For each challenge, we calculate your <em>solved time, t</em>  <br />\n\n<em> t = submit - open </em> <br />\n\nwhere <i>submit</i> is the time you submitted the solution, and <i>open</i> is the time you opened the challenge. This way, you do not have to worry about solving the challenge as soon as it becomes available. <br />\n\nRead more about this contest  <a href=\"/blog/daily-challenge\">here</a>.", 
            "hide_difficulty": null, 
            "started": true, 
            "time_left": -101026147.47752886, 
            "challenges_count": 5, 
            "qualification_rule_msg": null, 
            "leaderboard_out_of_sync": null, 
            "team_event": false, 
            "disable_fsi": null, 
            "hide_submissions": null, 
            "leaderboard_format": "", 
            "leaderboard_broadcast_message": null, 
            "has_tracks": null, 
            "college_public": null, 
            "endtime": "2014-06-09T16:00:00.000Z", 
            "qualification_rule_type": null, 
            "slug": "w4", 
            "hide_leaderboard": null, 
            "kind": "weekly", 
            "comment_live_sync": null, 
            "name": "Weekly Challenges - Week 4", 
            "is_multi_round": false, 
            "created_at": "2014-05-15T09:19:51.000Z", 
            "epoch_endtime": 1402329600, 
            "company_associated_contest": null, 
            "rating_category": "Algorithms", 
            "has_codesprint_reg_page": null, 
            "starttime": "2014-06-02T16:00:00.000Z", 
            "is_rating_updated": true, 
            "leaderboard_freeze_time": null, 
            "migration_disabled": null, 
            "template_id": 103
        }, 
        "factor": 120, 
        "is_solution_unlocked": false, 
        "preview": "Can you calculate the sum of Liking of all possible BST's that can be formed from an array of N integers.", 
        "is_editorial_available": true, 
        "status": null, 
        "category": "ai", 
        "public_solutions": true, 
        "color": null, 
        "deleted": false, 
        "dynamic": true, 
        "company": null, 
        "moderator_or_support": false, 
        "is_text": false, 
        "solved_score": 1.0, 
        "difficulty_score": "0.423", 
        "difficulty": 0.5784313725490197, 
        "active": true, 
        "show_skeliton": null, 
        "max_score": 120, 
        "slug": "roy-and-alpha-beta-trees", 
        "contest_slug": "master", 
        "user_score": 0, 
        "real_dynamic": false, 
        "kind": "code", 
        "player_count": 2, 
        "submitted_hackers_count": 259, 
        "name": "Roy and alpha-beta trees", 
        "is_preview_contest": false, 
        "level": 84, 
        "success_ratio": 0.667953667953668, 
        "total_count": 259, 
        "created_at": "2014-04-21T11:02:40.000Z", 
        "epoch_endtime": null, 
        "judgebot": null, 
        "available_translations": [
            {
                "body": "Roy\u5bf9[\u4e8c\u53c9\u641c\u7d22\u6811](https://en.wikipedia.org/wiki/Binary_search_tree)(*BST*)\u4ea7\u751f\u4e86\u5174\u8da3\u3002 \u4ed6\u6709\u5174\u8da3\u77e5\u9053\u6709\u591a\u5c11\u79cd\u65b9\u6cd5\u53ef\u4ee5\u628a\u4e00\u4e2a\u5305\u542b\u6709*N*\u4e2a\u6574\u6570\u7684\u6570\u7ec4\u91cd\u6392\u4e3a\u4e00\u68f5\u4e8c\u53c9\u641c\u7d22\u6811\u3002 \u4e8e\u662f\uff0c\u4ed6\u5c1d\u8bd5\u4e86\u51e0\u79cd\u7ec4\u5408\uff0c\u5e76\u4e14\u8bb0\u5f55\u4e86\u5728\u5947\u6570\u5c42\u548c\u5728\u5076\u6570\u5c42\u7684\u6570\u5b57\u3002\n\u7ed9\u4f60\u4e24\u4e2a\u503c *alpha* \u548c *beta*. \u4f60\u80fd\u8ba1\u7b97\u4ece\u4e00\u4e2a\u5305\u542b\u6709*N*\u4e2a\u6574\u6570\u7684\u6570\u7ec4\u53ef\u4ee5\u8f6c\u53d8\u7684\u6240\u6709\u53ef\u80fd\u7684\u4e8c\u53c9\u641c\u7d22\u6811\u7684*\u5174\u8da3\u5ea6*\u603b\u548c\u4e48? *\u4e8c\u53c9\u641c\u7d22\u6811*\u7684*\u5174\u8da3\u5ea6*\u5982\u4e0b\u5b9a\u4e49 \n\n    (\u5076\u6570\u5c42\u7684\u6570\u5b57\u603b\u548c * alpha) - (\u5947\u6570\u5c42\u7684\u6570\u5b57\u603b\u548c * beta)\n\n\n**\u6ce8\u610f** \n\n+ \u6839\u8282\u70b9\u7684\u5143\u7d20\u5728\u7b2c0\u5c42 ( E\u5076\u6570 )\n+ \u6bd4\u6839\u8282\u70b9\u5143\u7d20\u503c\u5c0f\u6216\u8005\u548c\u6839\u8282\u70b9\u5143\u7d20\u503c\u76f8\u7b49\u7684\u5143\u7d20\u5728\u5de6\u5b50\u6811, *\u4e25\u683c*\u5927\u4e8e\u6839\u8282\u70b9\u5143\u7d20\u7684\u503c\u5728\u53f3\u5b50\u6811\u3002  \n\n\u5982\u679c\u7b54\u6848\u4e0d\u5c0f\u4e8e10<sup>9</sup> + 9, \u8f93\u51faanswer % 10<sup>9</sup> + 9. \n\n\n**\u8f93\u5165\u683c\u5f0f**\n\n\u8f93\u5165\u6587\u4ef6\u7b2c\u4e00\u884c\u5305\u542b\u4e00\u4e2a\u6574\u6570, **T**, \u8868\u793a\u540e\u9762\u6d4b\u8bd5\u6570\u636e\u7684\u7ec4\u6570\u3002\n\u6bcf\u7ec4\u6d4b\u8bd5\u6570\u636e\u5305\u542b3\u884c\u3002 \n\u7b2c\u4e00\u884c\u5305\u542b _N_, \u6574\u6570\u7684\u4e2a\u6570\u3002  \n\u7b2c\u4e09\u884c\u5305\u542b_N\u4e2a\u7a7a\u683c\u5206\u9694\u7684\u6574\u6570\uff0c\u7b2c*i<sub>th</sub>*\u4e2a\u6574\u6570\u8868\u793a\u6570\u7ec4\u91cc\u7b2ci\u4e2a\u5143\u7d20 *A[i]*.  \n\n**\u8f93\u51fa\u683c\u5f0f**\n\n\u8f93\u51fa _T_\u884c\uff0c\u6bcf\u884c\u8868\u793a\u5bf9\u5e94\u6d4b\u8bd5\u6570\u636e\u7684\u7b54\u6848\u3002\n\n**\u7ea6\u675f\u6761\u4ef6**\n\n1 <= *T* <= 10  \n1 <= *N* <= 150  \n1 <= *A[i]* <= 10<sup>9</sup>  \n1 <= *alpha,beta* <= 10<sup>9</sup>  \n\n**\u8f93\u5165\u6837\u4f8b**\n\n<pre>\n4\n1\n1 1\n1\n2\n1 1\n1 2\n3\n1 1\n1 2 3\n5\n1 1\n1 2 3 4 5\n</pre>\n\n**\u8f93\u51fa\u6837\u4f8b**\n\n<pre>\n1\n0\n6\n54\n</pre>\n\n**\u89e3\u91ca**\n\n\u4e00\u5171\u67094\u7ec4\u6d4b\u8bd5\u6570\u636e\u3002 \n\n+ \u5bf9\u4e8e\u7b2c\u4e00\u7ec4\u6d4b\u8bd5\u6570\u636e, \u7528\u6570\u5b57\u20191\u2019\u53ea\u80fd\u6784\u9020\u4e00\u68f5\u4e8c\u53c9\u641c\u7d22\u6811\uff0c\u5373`1`\u4f5c\u4e3a\u6839\u8282\u70b9\u3002\u56e0\u6b64*\u5174\u8da3\u5ea6*\u4e4b\u548c\u4e3a1\u3002 \n+ \u5bf9\u4e8e\u7b2c\u4e8c\u7ec4\u6d4b\u8bd5\u6570\u636e, \u6211\u4eec\u6709\u4e24\u68f5\u4e8c\u53c9\u641c\u7d22\u6811,  \u7b2c\u4e00\u68f5\u6811\u548c\u7b2c\u4e8c\u68f5\u6811\u7684*\u5174\u8da3\u5ea6*\u5206\u522b\u4e3a 1 * 1 - 2 * 1 = -1 \u548c 2 * 1 - 1 * 1 = 1, \u5b83\u4eec\u7684\u548c\u4e3a0\uff0c\u56e0\u6b64\u7b54\u6848\u662f0\u3002\n\n<pre>\n1                  2 \n \\                /\n  2              1\n</pre>\n\n+ \u5bf9\u4e8e\u7b2c\u4e8c\u7ec4\u6d4b\u8bd5\u6570\u636e, \u6211\u4eec\u67094\u68f5\u4e8c\u53c9\u641c\u7d22\u6811, \u4ece\u5de6\u5230\u53f3\u7684*\u5174\u8da3\u5ea6*\u5206\u522b\u4e3a 2, -2, 4, 2, \u603b\u548c\u4e3a6\uff0c\u56e0\u6b64\u7b54\u6848\u662f6\u3002  \n\n<pre>\n1            2                 3          3  \n \\          / \\               /          /\n  2        1   3             1          2       \n   \\                          \\        /\n    3                          2      1\n</pre>\n\n+\u7c7b\u4f3c\u5730\uff0c\u6211\u4eec\u53ef\u4ee5\u8ba1\u7b97\u51fa\u7b2c4\u7ec4\u6d4b\u8bd5\u6570\u636e\u7684\u7b54\u6848\u4e3a54\u3002  \n", 
                "problem_statement_fields": {
                    "sample_output": " ", 
                    "problem_statement": "Roy\u5bf9[\u4e8c\u53c9\u641c\u7d22\u6811](https://en.wikipedia.org/wiki/Binary_search_tree)(*BST*)\u4ea7\u751f\u4e86\u5174\u8da3\u3002 \u4ed6\u6709\u5174\u8da3\u77e5\u9053\u6709\u591a\u5c11\u79cd\u65b9\u6cd5\u53ef\u4ee5\u628a\u4e00\u4e2a\u5305\u542b\u6709*N*\u4e2a\u6574\u6570\u7684\u6570\u7ec4\u91cd\u6392\u4e3a\u4e00\u68f5\u4e8c\u53c9\u641c\u7d22\u6811\u3002 \u4e8e\u662f\uff0c\u4ed6\u5c1d\u8bd5\u4e86\u51e0\u79cd\u7ec4\u5408\uff0c\u5e76\u4e14\u8bb0\u5f55\u4e86\u5728\u5947\u6570\u5c42\u548c\u5728\u5076\u6570\u5c42\u7684\u6570\u5b57\u3002\n\u7ed9\u4f60\u4e24\u4e2a\u503c *alpha* \u548c *beta*. \u4f60\u80fd\u8ba1\u7b97\u4ece\u4e00\u4e2a\u5305\u542b\u6709*N*\u4e2a\u6574\u6570\u7684\u6570\u7ec4\u53ef\u4ee5\u8f6c\u53d8\u7684\u6240\u6709\u53ef\u80fd\u7684\u4e8c\u53c9\u641c\u7d22\u6811\u7684*\u5174\u8da3\u5ea6*\u603b\u548c\u4e48? *\u4e8c\u53c9\u641c\u7d22\u6811*\u7684*\u5174\u8da3\u5ea6*\u5982\u4e0b\u5b9a\u4e49 \n\n    (\u5076\u6570\u5c42\u7684\u6570\u5b57\u603b\u548c * alpha) - (\u5947\u6570\u5c42\u7684\u6570\u5b57\u603b\u548c * beta)\n\n\n**\u6ce8\u610f** \n\n+ \u6839\u8282\u70b9\u7684\u5143\u7d20\u5728\u7b2c0\u5c42 ( E\u5076\u6570 )\n+ \u6bd4\u6839\u8282\u70b9\u5143\u7d20\u503c\u5c0f\u6216\u8005\u548c\u6839\u8282\u70b9\u5143\u7d20\u503c\u76f8\u7b49\u7684\u5143\u7d20\u5728\u5de6\u5b50\u6811, *\u4e25\u683c*\u5927\u4e8e\u6839\u8282\u70b9\u5143\u7d20\u7684\u503c\u5728\u53f3\u5b50\u6811\u3002  \n\n\u5982\u679c\u7b54\u6848\u4e0d\u5c0f\u4e8e10<sup>9</sup> + 9, \u8f93\u51faanswer % 10<sup>9</sup> + 9. \n\n\n**\u8f93\u5165\u683c\u5f0f**\n\n\u8f93\u5165\u6587\u4ef6\u7b2c\u4e00\u884c\u5305\u542b\u4e00\u4e2a\u6574\u6570, **T**, \u8868\u793a\u540e\u9762\u6d4b\u8bd5\u6570\u636e\u7684\u7ec4\u6570\u3002\n\u6bcf\u7ec4\u6d4b\u8bd5\u6570\u636e\u5305\u542b3\u884c\u3002 \n\u7b2c\u4e00\u884c\u5305\u542b _N_, \u6574\u6570\u7684\u4e2a\u6570\u3002  \n\u7b2c\u4e09\u884c\u5305\u542b_N\u4e2a\u7a7a\u683c\u5206\u9694\u7684\u6574\u6570\uff0c\u7b2c*i<sub>th</sub>*\u4e2a\u6574\u6570\u8868\u793a\u6570\u7ec4\u91cc\u7b2ci\u4e2a\u5143\u7d20 *A[i]*.  \n\n**\u8f93\u51fa\u683c\u5f0f**\n\n\u8f93\u51fa _T_\u884c\uff0c\u6bcf\u884c\u8868\u793a\u5bf9\u5e94\u6d4b\u8bd5\u6570\u636e\u7684\u7b54\u6848\u3002\n\n**\u7ea6\u675f\u6761\u4ef6**\n\n1 <= *T* <= 10  \n1 <= *N* <= 150  \n1 <= *A[i]* <= 10<sup>9</sup>  \n1 <= *alpha,beta* <= 10<sup>9</sup>  \n\n**\u8f93\u5165\u6837\u4f8b**\n\n<pre>\n4\n1\n1 1\n1\n2\n1 1\n1 2\n3\n1 1\n1 2 3\n5\n1 1\n1 2 3 4 5\n</pre>\n\n**\u8f93\u51fa\u6837\u4f8b**\n\n<pre>\n1\n0\n6\n54\n</pre>\n\n**\u89e3\u91ca**\n\n\u4e00\u5171\u67094\u7ec4\u6d4b\u8bd5\u6570\u636e\u3002 \n\n+ \u5bf9\u4e8e\u7b2c\u4e00\u7ec4\u6d4b\u8bd5\u6570\u636e, \u7528\u6570\u5b57\u20191\u2019\u53ea\u80fd\u6784\u9020\u4e00\u68f5\u4e8c\u53c9\u641c\u7d22\u6811\uff0c\u5373`1`\u4f5c\u4e3a\u6839\u8282\u70b9\u3002\u56e0\u6b64*\u5174\u8da3\u5ea6*\u4e4b\u548c\u4e3a1\u3002 \n+ \u5bf9\u4e8e\u7b2c\u4e8c\u7ec4\u6d4b\u8bd5\u6570\u636e, \u6211\u4eec\u6709\u4e24\u68f5\u4e8c\u53c9\u641c\u7d22\u6811,  \u7b2c\u4e00\u68f5\u6811\u548c\u7b2c\u4e8c\u68f5\u6811\u7684*\u5174\u8da3\u5ea6*\u5206\u522b\u4e3a 1 * 1 - 2 * 1 = -1 \u548c 2 * 1 - 1 * 1 = 1, \u5b83\u4eec\u7684\u548c\u4e3a0\uff0c\u56e0\u6b64\u7b54\u6848\u662f0\u3002\n\n<pre>\n1                  2 \n \\                /\n  2              1\n</pre>\n\n+ \u5bf9\u4e8e\u7b2c\u4e8c\u7ec4\u6d4b\u8bd5\u6570\u636e, \u6211\u4eec\u67094\u68f5\u4e8c\u53c9\u641c\u7d22\u6811, \u4ece\u5de6\u5230\u53f3\u7684*\u5174\u8da3\u5ea6*\u5206\u522b\u4e3a 2, -2, 4, 2, \u603b\u548c\u4e3a6\uff0c\u56e0\u6b64\u7b54\u6848\u662f6\u3002  \n\n<pre>\n1            2                 3          3  \n \\          / \\               /          /\n  2        1   3             1          2       \n   \\                          \\        /\n    3                          2      1\n</pre>\n\n+\u7c7b\u4f3c\u5730\uff0c\u6211\u4eec\u53ef\u4ee5\u8ba1\u7b97\u51fa\u7b2c4\u7ec4\u6d4b\u8bd5\u6570\u636e\u7684\u7b54\u6848\u4e3a54\u3002  \n", 
                    "input_format": " ", 
                    "explanation": " ", 
                    "sample_input": " ", 
                    "output_format": " "
                }, 
                "name": "Roy and alpha-beta trees", 
                "language": "Chinese", 
                "challenge_id": 2413, 
                "body_html": "<div class='challenge_problem_statement'><div class='msB challenge_problem_statement_body'><style id=\"MathJax_SVG_styles\">.MathJax_SVG_Display {text-align: center; margin: 1em 0em; position: relative; display: block!important; text-indent: 0; max-width: none; max-height: none; min-width: 0; min-height: 0; width: 100%}\n.MathJax_SVG .MJX-monospace {font-family: monospace}\n.MathJax_SVG .MJX-sans-serif {font-family: sans-serif}\n.MathJax_SVG {display: inline; font-style: normal; font-weight: normal; line-height: normal; font-size: 100%; font-size-adjust: none; text-indent: 0; text-align: left; text-transform: none; letter-spacing: normal; word-spacing: normal; word-wrap: normal; white-space: nowrap; float: none; direction: ltr; max-width: none; max-height: none; min-width: 0; min-height: 0; border: 0; padding: 0; margin: 0}\n.MathJax_SVG * {transition: none; -webkit-transition: none; -moz-transition: none; -ms-transition: none; -o-transition: none}\n.mjx-svg-href {fill: blue; stroke: blue}\n</style><svg style=\"display: none;\"><defs id=\"MathJax_SVG_glyphs\"></defs></svg><p>Roy\u5bf9<a href=\"https://en.wikipedia.org/wiki/Binary_search_tree\">\u4e8c\u53c9\u641c\u7d22\u6811</a>(<em>BST</em>)\u4ea7\u751f\u4e86\u5174\u8da3\u3002 \u4ed6\u6709\u5174\u8da3\u77e5\u9053\u6709\u591a\u5c11\u79cd\u65b9\u6cd5\u53ef\u4ee5\u628a\u4e00\u4e2a\u5305\u542b\u6709<em>N</em>\u4e2a\u6574\u6570\u7684\u6570\u7ec4\u91cd\u6392\u4e3a\u4e00\u68f5\u4e8c\u53c9\u641c\u7d22\u6811\u3002 \u4e8e\u662f\uff0c\u4ed6\u5c1d\u8bd5\u4e86\u51e0\u79cd\u7ec4\u5408\uff0c\u5e76\u4e14\u8bb0\u5f55\u4e86\u5728\u5947\u6570\u5c42\u548c\u5728\u5076\u6570\u5c42\u7684\u6570\u5b57\u3002\n\u7ed9\u4f60\u4e24\u4e2a\u503c <em>alpha</em> \u548c <em>beta</em>. \u4f60\u80fd\u8ba1\u7b97\u4ece\u4e00\u4e2a\u5305\u542b\u6709<em>N</em>\u4e2a\u6574\u6570\u7684\u6570\u7ec4\u53ef\u4ee5\u8f6c\u53d8\u7684\u6240\u6709\u53ef\u80fd\u7684\u4e8c\u53c9\u641c\u7d22\u6811\u7684<em>\u5174\u8da3\u5ea6</em>\u603b\u548c\u4e48? <em>\u4e8c\u53c9\u641c\u7d22\u6811</em>\u7684*\u5174\u8da3\u5ea6*\u5982\u4e0b\u5b9a\u4e49 </p>\n\n<pre><code>(\u5076\u6570\u5c42\u7684\u6570\u5b57\u603b\u548c * alpha) - (\u5947\u6570\u5c42\u7684\u6570\u5b57\u603b\u548c * beta)\n</code></pre>\n\n<p><strong>\u6ce8\u610f</strong> </p>\n\n<ul>\n<li>\u6839\u8282\u70b9\u7684\u5143\u7d20\u5728\u7b2c0\u5c42 ( E\u5076\u6570 )</li>\n<li>\u6bd4\u6839\u8282\u70b9\u5143\u7d20\u503c\u5c0f\u6216\u8005\u548c\u6839\u8282\u70b9\u5143\u7d20\u503c\u76f8\u7b49\u7684\u5143\u7d20\u5728\u5de6\u5b50\u6811, <em>\u4e25\u683c</em>\u5927\u4e8e\u6839\u8282\u70b9\u5143\u7d20\u7684\u503c\u5728\u53f3\u5b50\u6811\u3002  </li>\n</ul>\n\n<p>\u5982\u679c\u7b54\u6848\u4e0d\u5c0f\u4e8e10<sup>9</sup> + 9, \u8f93\u51faanswer % 10<sup>9</sup> + 9. </p>\n\n<p><strong>\u8f93\u5165\u683c\u5f0f</strong></p>\n\n<p>\u8f93\u5165\u6587\u4ef6\u7b2c\u4e00\u884c\u5305\u542b\u4e00\u4e2a\u6574\u6570, <strong>T</strong>, \u8868\u793a\u540e\u9762\u6d4b\u8bd5\u6570\u636e\u7684\u7ec4\u6570\u3002\n\u6bcf\u7ec4\u6d4b\u8bd5\u6570\u636e\u5305\u542b3\u884c\u3002 \n\u7b2c\u4e00\u884c\u5305\u542b <em>N</em>, \u6574\u6570\u7684\u4e2a\u6570\u3002 <br>\n\u7b2c\u4e09\u884c\u5305\u542b_N\u4e2a\u7a7a\u683c\u5206\u9694\u7684\u6574\u6570\uff0c\u7b2c<em>i<sub>th</sub></em>\u4e2a\u6574\u6570\u8868\u793a\u6570\u7ec4\u91cc\u7b2ci\u4e2a\u5143\u7d20 <em>A[i]</em>.  </p>\n\n<p><strong>\u8f93\u51fa\u683c\u5f0f</strong></p>\n\n<p>\u8f93\u51fa <em>T</em>\u884c\uff0c\u6bcf\u884c\u8868\u793a\u5bf9\u5e94\u6d4b\u8bd5\u6570\u636e\u7684\u7b54\u6848\u3002</p>\n\n<p><strong>\u7ea6\u675f\u6761\u4ef6</strong></p>\n\n<p>1 &lt;= <em>T</em> &lt;= 10 <br>\n1 &lt;= <em>N</em> &lt;= 150 <br>\n1 &lt;= <em>A[i]</em> &lt;= 10<sup>9</sup> <br>\n1 &lt;= <em>alpha,beta</em> &lt;= 10<sup>9</sup>  </p>\n\n<p><strong>\u8f93\u5165\u6837\u4f8b</strong></p>\n\n<pre>4\n1\n1 1\n1\n2\n1 1\n1 2\n3\n1 1\n1 2 3\n5\n1 1\n1 2 3 4 5\n</pre>\n\n<p><strong>\u8f93\u51fa\u6837\u4f8b</strong></p>\n\n<pre>1\n0\n6\n54\n</pre>\n\n<p><strong>\u89e3\u91ca</strong></p>\n\n<p>\u4e00\u5171\u67094\u7ec4\u6d4b\u8bd5\u6570\u636e\u3002 </p>\n\n<ul>\n<li>\u5bf9\u4e8e\u7b2c\u4e00\u7ec4\u6d4b\u8bd5\u6570\u636e, \u7528\u6570\u5b57\u20191\u2019\u53ea\u80fd\u6784\u9020\u4e00\u68f5\u4e8c\u53c9\u641c\u7d22\u6811\uff0c\u5373<code>1</code>\u4f5c\u4e3a\u6839\u8282\u70b9\u3002\u56e0\u6b64<em>\u5174\u8da3\u5ea6</em>\u4e4b\u548c\u4e3a1\u3002 </li>\n<li>\u5bf9\u4e8e\u7b2c\u4e8c\u7ec4\u6d4b\u8bd5\u6570\u636e, \u6211\u4eec\u6709\u4e24\u68f5\u4e8c\u53c9\u641c\u7d22\u6811,  \u7b2c\u4e00\u68f5\u6811\u548c\u7b2c\u4e8c\u68f5\u6811\u7684<em>\u5174\u8da3\u5ea6</em>\u5206\u522b\u4e3a 1 * 1 - 2 * 1 = -1 \u548c 2 * 1 - 1 * 1 = 1, \u5b83\u4eec\u7684\u548c\u4e3a0\uff0c\u56e0\u6b64\u7b54\u6848\u662f0\u3002</li>\n</ul>\n\n<pre>1                  2 \n \\                /\n  2              1\n</pre>\n\n<ul>\n<li>\u5bf9\u4e8e\u7b2c\u4e8c\u7ec4\u6d4b\u8bd5\u6570\u636e, \u6211\u4eec\u67094\u68f5\u4e8c\u53c9\u641c\u7d22\u6811, \u4ece\u5de6\u5230\u53f3\u7684<em>\u5174\u8da3\u5ea6</em>\u5206\u522b\u4e3a 2, -2, 4, 2, \u603b\u548c\u4e3a6\uff0c\u56e0\u6b64\u7b54\u6848\u662f6\u3002  </li>\n</ul>\n\n<pre>1            2                 3          3  \n \\          / \\               /          /\n  2        1   3             1          2       \n   \\                          \\        /\n    3                          2      1\n</pre>\n\n<p>+\u7c7b\u4f3c\u5730\uff0c\u6211\u4eec\u53ef\u4ee5\u8ba1\u7b97\u51fa\u7b2c4\u7ec4\u6d4b\u8bd5\u6570\u636e\u7684\u7b54\u6848\u4e3a54\u3002  </p></div></div>", 
                "preview": null
            }
        ], 
        "codechecker_handle": null, 
        "countdown_time": 0, 
        "author_avatar": "https://hrcdn.net/s3_pub/hr-avatars/b69e2e19-67c5-4435-b14f-b2f974dc228f/150x150.png", 
        "custom_tabs": null, 
        "judgebot_language": null, 
        "custom_case": true, 
        "requirements_description": null, 
        "is_skip_band_challenge": false, 
        "custom_checker_language": null
    }
}