{
    "models": [
        {
            "onboarding": null, 
            "solved_count": 7427, 
            "preview_format": null, 
            "can_solve": true, 
            "public_test_cases": true, 
            "topics": [], 
            "time_left": null, 
            "updated_at": "2017-07-11T15:53:06.000Z", 
            "has_started": true, 
            "epoch_starttime": null, 
            "difficulty_name": "Easy", 
            "id": 21904, 
            "has_ended": false, 
            "is_custom": false, 
            "compile_and_test": true, 
            "checker_program": null, 
            "submit_disabled": false, 
            "expert_solution_status": false, 
            "company_id": null, 
            "custom": false, 
            "can_be_viewed": true, 
            "deleted": false, 
            "factor": 15, 
            "is_solution_unlocked": false, 
            "preview": "A Game of Stones", 
            "is_editorial_available": true, 
            "status": null, 
            "category": "ai", 
            "public_solutions": true, 
            "color": null, 
            "track": {
                "name": "Game Theory", 
                "taxonomy": 1, 
                "track_slug": "algorithms", 
                "track_id": 3, 
                "track_name": "Algorithms", 
                "id": 47, 
                "rewards_system_enabled": true, 
                "slug": "game-theory"
            }, 
            "dynamic": false, 
            "company": null, 
            "is_text": false, 
            "solved_score": 0.5, 
            "difficulty": 0.9, 
            "active": true, 
            "max_score": 15, 
            "slug": "game-of-stones-1", 
            "contest_slug": "master", 
            "user_score": 0, 
            "kind": "code", 
            "player_count": 2, 
            "name": "Game of Stones", 
            "level": 50, 
            "success_ratio": 0.8675388389206868, 
            "total_count": 8561, 
            "created_at": "2016-06-01T06:37:59.000Z", 
            "epoch_endtime": null, 
            "judgebot": null, 
            "countdown_time": 0, 
            "custom_tabs": null, 
            "judgebot_language": null, 
            "custom_case": true, 
            "requirements_description": null, 
            "is_skip_band_challenge": false, 
            "custom_checker_language": null
        }, 
        {
            "onboarding": null, 
            "solved_count": 3282, 
            "preview_format": null, 
            "can_solve": true, 
            "public_test_cases": true, 
            "topics": [], 
            "time_left": null, 
            "updated_at": "2017-07-11T15:53:10.000Z", 
            "has_started": true, 
            "epoch_starttime": null, 
            "difficulty_name": "Easy", 
            "id": 21908, 
            "has_ended": false, 
            "is_custom": false, 
            "compile_and_test": true, 
            "checker_program": null, 
            "submit_disabled": false, 
            "expert_solution_status": false, 
            "company_id": null, 
            "custom": false, 
            "can_be_viewed": true, 
            "deleted": false, 
            "factor": 15, 
            "is_solution_unlocked": false, 
            "preview": "Given N towers of height M and the rules for breaking them down, determine who will win the battle.", 
            "is_editorial_available": true, 
            "status": null, 
            "category": "ai", 
            "public_solutions": true, 
            "color": null, 
            "track": {
                "name": "Game Theory", 
                "taxonomy": 1, 
                "track_slug": "algorithms", 
                "track_id": 3, 
                "track_name": "Algorithms", 
                "id": 47, 
                "rewards_system_enabled": true, 
                "slug": "game-theory"
            }, 
            "dynamic": false, 
            "company": null, 
            "is_text": false, 
            "solved_score": 0.5, 
            "difficulty": 0.9, 
            "active": true, 
            "max_score": 15, 
            "slug": "tower-breakers-1", 
            "contest_slug": "master", 
            "user_score": 0, 
            "kind": "code", 
            "player_count": 2, 
            "name": "Tower Breakers ", 
            "level": 15, 
            "success_ratio": 0.8400307141028922, 
            "total_count": 3907, 
            "created_at": "2016-06-01T06:38:14.000Z", 
            "epoch_endtime": null, 
            "judgebot": null, 
            "countdown_time": 0, 
            "custom_tabs": null, 
            "judgebot_language": null, 
            "custom_case": true, 
            "requirements_description": null, 
            "is_skip_band_challenge": false, 
            "custom_checker_language": null
        }, 
        {
            "onboarding": null, 
            "solved_count": 2323, 
            "preview_format": null, 
            "can_solve": true, 
            "public_test_cases": true, 
            "topics": [], 
            "time_left": null, 
            "updated_at": "2017-07-11T15:53:13.000Z", 
            "has_started": true, 
            "epoch_starttime": null, 
            "difficulty_name": "Easy", 
            "id": 21916, 
            "has_ended": false, 
            "is_custom": false, 
            "compile_and_test": true, 
            "checker_program": null, 
            "submit_disabled": false, 
            "expert_solution_status": false, 
            "company_id": null, 
            "custom": false, 
            "can_be_viewed": true, 
            "deleted": false, 
            "factor": 15, 
            "is_solution_unlocked": false, 
            "preview": "Day 1: A Chessboard Game", 
            "is_editorial_available": true, 
            "status": null, 
            "category": "ai", 
            "public_solutions": true, 
            "color": null, 
            "track": {
                "name": "Game Theory", 
                "taxonomy": 1, 
                "track_slug": "algorithms", 
                "track_id": 3, 
                "track_name": "Algorithms", 
                "id": 47, 
                "rewards_system_enabled": true, 
                "slug": "game-theory"
            }, 
            "dynamic": false, 
            "company": null, 
            "is_text": false, 
            "solved_score": 0.5, 
            "difficulty": 0.9, 
            "active": true, 
            "max_score": 15, 
            "slug": "a-chessboard-game-1", 
            "contest_slug": "master", 
            "user_score": 0, 
            "kind": "code", 
            "player_count": 2, 
            "name": "A Chessboard Game", 
            "level": 50, 
            "success_ratio": 0.8756125141349416, 
            "total_count": 2653, 
            "created_at": "2016-06-01T06:39:12.000Z", 
            "epoch_endtime": null, 
            "judgebot": null, 
            "countdown_time": 0, 
            "custom_tabs": null, 
            "judgebot_language": null, 
            "custom_case": true, 
            "requirements_description": null, 
            "is_skip_band_challenge": false, 
            "custom_checker_language": null
        }, 
        {
            "onboarding": null, 
            "solved_count": 2358, 
            "preview_format": null, 
            "can_solve": true, 
            "public_test_cases": true, 
            "topics": [], 
            "time_left": null, 
            "updated_at": "2017-07-11T15:53:12.000Z", 
            "has_started": true, 
            "epoch_starttime": null, 
            "difficulty_name": "Easy", 
            "id": 21912, 
            "has_ended": false, 
            "is_custom": false, 
            "compile_and_test": true, 
            "checker_program": null, 
            "submit_disabled": false, 
            "expert_solution_status": false, 
            "company_id": null, 
            "custom": false, 
            "can_be_viewed": true, 
            "deleted": false, 
            "factor": 15, 
            "is_solution_unlocked": false, 
            "preview": "Welcome to Nim!", 
            "is_editorial_available": true, 
            "status": null, 
            "category": "ai", 
            "public_solutions": true, 
            "color": null, 
            "track": {
                "name": "Game Theory", 
                "taxonomy": 1, 
                "track_slug": "algorithms", 
                "track_id": 3, 
                "track_name": "Algorithms", 
                "id": 47, 
                "rewards_system_enabled": true, 
                "slug": "game-theory"
            }, 
            "dynamic": false, 
            "company": null, 
            "is_text": false, 
            "solved_score": 0.5, 
            "difficulty": 0.9, 
            "active": true, 
            "max_score": 15, 
            "slug": "nim-game-1", 
            "contest_slug": "master", 
            "user_score": 0, 
            "kind": "code", 
            "player_count": 2, 
            "name": "Introduction to Nim Game", 
            "level": 50, 
            "success_ratio": 0.7968908415005069, 
            "total_count": 2959, 
            "created_at": "2016-06-01T06:38:44.000Z", 
            "epoch_endtime": null, 
            "judgebot": null, 
            "countdown_time": 0, 
            "custom_tabs": null, 
            "judgebot_language": null, 
            "custom_case": true, 
            "requirements_description": null, 
            "is_skip_band_challenge": false, 
            "custom_checker_language": null
        }, 
        {
            "onboarding": null, 
            "solved_count": 1285, 
            "preview_format": null, 
            "can_solve": true, 
            "public_test_cases": true, 
            "topics": [], 
            "time_left": null, 
            "updated_at": "2017-07-11T15:53:08.000Z", 
            "has_started": true, 
            "epoch_starttime": null, 
            "difficulty_name": "Easy", 
            "id": 21905, 
            "has_ended": false, 
            "is_custom": false, 
            "compile_and_test": true, 
            "checker_program": null, 
            "submit_disabled": false, 
            "expert_solution_status": false, 
            "company_id": null, 
            "custom": false, 
            "can_be_viewed": true, 
            "deleted": false, 
            "factor": 20, 
            "is_solution_unlocked": false, 
            "preview": "A Nim game where you lose if you take the last stone.", 
            "is_editorial_available": true, 
            "status": null, 
            "category": "ai", 
            "public_solutions": true, 
            "color": null, 
            "track": {
                "name": "Game Theory", 
                "taxonomy": 1, 
                "track_slug": "algorithms", 
                "track_id": 3, 
                "track_name": "Algorithms", 
                "id": 47, 
                "rewards_system_enabled": true, 
                "slug": "game-theory"
            }, 
            "dynamic": false, 
            "company": null, 
            "is_text": false, 
            "solved_score": 0.5, 
            "difficulty": 0.9, 
            "active": true, 
            "max_score": 20, 
            "slug": "misere-nim-1", 
            "contest_slug": "master", 
            "user_score": 0, 
            "kind": "code", 
            "player_count": 2, 
            "name": "Mis\u00e8re Nim", 
            "level": 50, 
            "success_ratio": 0.7272212790039615, 
            "total_count": 1767, 
            "created_at": "2016-06-01T06:38:03.000Z", 
            "epoch_endtime": null, 
            "judgebot": null, 
            "countdown_time": 0, 
            "custom_tabs": null, 
            "judgebot_language": null, 
            "custom_case": true, 
            "requirements_description": null, 
            "is_skip_band_challenge": false, 
            "custom_checker_language": null
        }, 
        {
            "onboarding": null, 
            "solved_count": 1089, 
            "preview_format": null, 
            "can_solve": true, 
            "public_test_cases": true, 
            "topics": [], 
            "time_left": null, 
            "updated_at": "2017-07-11T15:53:09.000Z", 
            "has_started": true, 
            "epoch_starttime": null, 
            "difficulty_name": "Easy", 
            "id": 21906, 
            "has_ended": false, 
            "is_custom": false, 
            "compile_and_test": true, 
            "checker_program": null, 
            "submit_disabled": false, 
            "expert_solution_status": false, 
            "company_id": null, 
            "custom": false, 
            "can_be_viewed": true, 
            "deleted": false, 
            "factor": 20, 
            "is_solution_unlocked": false, 
            "preview": "Nimble game example", 
            "is_editorial_available": true, 
            "status": null, 
            "category": "ai", 
            "public_solutions": true, 
            "color": null, 
            "track": {
                "name": "Game Theory", 
                "taxonomy": 1, 
                "track_slug": "algorithms", 
                "track_id": 3, 
                "track_name": "Algorithms", 
                "id": 47, 
                "rewards_system_enabled": true, 
                "slug": "game-theory"
            }, 
            "dynamic": false, 
            "company": null, 
            "is_text": false, 
            "solved_score": 0.5, 
            "difficulty": 0.9, 
            "active": true, 
            "max_score": 20, 
            "slug": "nimble-game-1", 
            "contest_slug": "master", 
            "user_score": 0, 
            "kind": "code", 
            "player_count": 2, 
            "name": "Nimble Game", 
            "level": 50, 
            "success_ratio": 0.7062256809338522, 
            "total_count": 1542, 
            "created_at": "2016-06-01T06:38:07.000Z", 
            "epoch_endtime": null, 
            "judgebot": null, 
            "countdown_time": 0, 
            "custom_tabs": null, 
            "judgebot_language": null, 
            "custom_case": true, 
            "requirements_description": null, 
            "is_skip_band_challenge": false, 
            "custom_checker_language": null
        }, 
        {
            "onboarding": null, 
            "solved_count": 941, 
            "preview_format": null, 
            "can_solve": true, 
            "public_test_cases": true, 
            "topics": [], 
            "time_left": null, 
            "updated_at": "2016-12-10T15:03:08.000Z", 
            "has_started": true, 
            "epoch_starttime": null, 
            "difficulty_name": "Medium", 
            "id": 16638, 
            "has_ended": false, 
            "is_custom": false, 
            "compile_and_test": true, 
            "checker_program": null, 
            "submit_disabled": false, 
            "expert_solution_status": false, 
            "company_id": null, 
            "custom": false, 
            "can_be_viewed": true, 
            "deleted": false, 
            "factor": 30, 
            "is_solution_unlocked": false, 
            "preview": "Alice and Bob are playing a game with prime numbers. Can you determine the winner?", 
            "is_editorial_available": true, 
            "status": null, 
            "category": "ai", 
            "public_solutions": true, 
            "color": null, 
            "track": {
                "name": "Game Theory", 
                "taxonomy": 1, 
                "track_slug": "algorithms", 
                "track_id": 3, 
                "track_name": "Algorithms", 
                "id": 47, 
                "rewards_system_enabled": true, 
                "slug": "game-theory"
            }, 
            "dynamic": false, 
            "company": null, 
            "is_text": false, 
            "solved_score": 0.5, 
            "difficulty": 0.7, 
            "active": true, 
            "max_score": 30, 
            "slug": "alice-and-bobs-silly-game", 
            "contest_slug": "master", 
            "user_score": 0, 
            "kind": "code", 
            "player_count": 2, 
            "name": "Alice and Bob's Silly Game", 
            "level": 20, 
            "success_ratio": 0.7802653399668324, 
            "total_count": 1206, 
            "created_at": "2016-02-02T07:29:15.000Z", 
            "epoch_endtime": null, 
            "judgebot": null, 
            "countdown_time": 0, 
            "custom_tabs": null, 
            "judgebot_language": null, 
            "custom_case": true, 
            "requirements_description": null, 
            "is_skip_band_challenge": false, 
            "custom_checker_language": null
        }, 
        {
            "onboarding": null, 
            "solved_count": 1078, 
            "preview_format": null, 
            "can_solve": true, 
            "public_test_cases": true, 
            "topics": [], 
            "time_left": null, 
            "updated_at": "2017-07-11T15:53:09.000Z", 
            "has_started": true, 
            "epoch_starttime": null, 
            "difficulty_name": "Easy", 
            "id": 21907, 
            "has_ended": false, 
            "is_custom": false, 
            "compile_and_test": true, 
            "checker_program": null, 
            "submit_disabled": false, 
            "expert_solution_status": false, 
            "company_id": null, 
            "custom": false, 
            "can_be_viewed": true, 
            "deleted": false, 
            "factor": 20, 
            "is_solution_unlocked": false, 
            "preview": "A simple Poker Nim Game", 
            "is_editorial_available": true, 
            "status": null, 
            "category": "ai", 
            "public_solutions": true, 
            "color": null, 
            "track": {
                "name": "Game Theory", 
                "taxonomy": 1, 
                "track_slug": "algorithms", 
                "track_id": 3, 
                "track_name": "Algorithms", 
                "id": 47, 
                "rewards_system_enabled": true, 
                "slug": "game-theory"
            }, 
            "dynamic": false, 
            "company": null, 
            "is_text": false, 
            "solved_score": 0.5, 
            "difficulty": 0.9, 
            "active": true, 
            "max_score": 20, 
            "slug": "poker-nim-1", 
            "contest_slug": "master", 
            "user_score": 0, 
            "kind": "code", 
            "player_count": 2, 
            "name": "Poker Nim", 
            "level": 50, 
            "success_ratio": 0.8836065573770492, 
            "total_count": 1220, 
            "created_at": "2016-06-01T06:38:11.000Z", 
            "epoch_endtime": null, 
            "judgebot": null, 
            "countdown_time": 0, 
            "custom_tabs": null, 
            "judgebot_language": null, 
            "custom_case": true, 
            "requirements_description": null, 
            "is_skip_band_challenge": false, 
            "custom_checker_language": null
        }, 
        {
            "onboarding": null, 
            "solved_count": 662, 
            "preview_format": null, 
            "can_solve": true, 
            "public_test_cases": true, 
            "topics": [], 
            "time_left": null, 
            "updated_at": "2017-07-11T15:53:11.000Z", 
            "has_started": true, 
            "epoch_starttime": null, 
            "difficulty_name": "Medium", 
            "id": 21910, 
            "has_ended": false, 
            "is_custom": false, 
            "compile_and_test": true, 
            "checker_program": null, 
            "submit_disabled": false, 
            "expert_solution_status": false, 
            "company_id": null, 
            "custom": false, 
            "can_be_viewed": true, 
            "deleted": false, 
            "factor": 25, 
            "is_solution_unlocked": false, 
            "preview": "Given N towers of different heights, and rules for breaking them down. Who among the two \"Tower Breakers\" will win in this battle?", 
            "is_editorial_available": true, 
            "status": null, 
            "category": "ai", 
            "public_solutions": true, 
            "color": null, 
            "track": {
                "name": "Game Theory", 
                "taxonomy": 1, 
                "track_slug": "algorithms", 
                "track_id": 3, 
                "track_name": "Algorithms", 
                "id": 47, 
                "rewards_system_enabled": true, 
                "slug": "game-theory"
            }, 
            "dynamic": false, 
            "company": null, 
            "is_text": false, 
            "solved_score": 0.5, 
            "difficulty": 0.7, 
            "active": true, 
            "max_score": 25, 
            "slug": "tower-breakers-revisited-1", 
            "contest_slug": "master", 
            "user_score": 0, 
            "kind": "code", 
            "player_count": 2, 
            "name": "Tower Breakers, Revisited!", 
            "level": 25, 
            "success_ratio": 0.5736568457538995, 
            "total_count": 1154, 
            "created_at": "2016-06-01T06:38:23.000Z", 
            "epoch_endtime": null, 
            "judgebot": null, 
            "countdown_time": 0, 
            "custom_tabs": null, 
            "judgebot_language": null, 
            "custom_case": true, 
            "requirements_description": null, 
            "is_skip_band_challenge": false, 
            "custom_checker_language": null
        }, 
        {
            "onboarding": null, 
            "solved_count": 409, 
            "preview_format": null, 
            "can_solve": true, 
            "public_test_cases": true, 
            "topics": [], 
            "time_left": null, 
            "updated_at": "2017-07-11T15:53:12.000Z", 
            "has_started": true, 
            "epoch_starttime": null, 
            "difficulty_name": "Medium", 
            "id": 21911, 
            "has_ended": false, 
            "is_custom": false, 
            "compile_and_test": true, 
            "checker_program": null, 
            "submit_disabled": false, 
            "expert_solution_status": false, 
            "company_id": null, 
            "custom": false, 
            "can_be_viewed": true, 
            "deleted": false, 
            "factor": 30, 
            "is_solution_unlocked": false, 
            "preview": "Given N towers of different heights, and rules for breaking them down. Who among the two \"Tower Breakers\" will win in this battle?", 
            "is_editorial_available": true, 
            "status": null, 
            "category": "ai", 
            "public_solutions": true, 
            "color": null, 
            "track": {
                "name": "Game Theory", 
                "taxonomy": 1, 
                "track_slug": "algorithms", 
                "track_id": 3, 
                "track_name": "Algorithms", 
                "id": 47, 
                "rewards_system_enabled": true, 
                "slug": "game-theory"
            }, 
            "dynamic": false, 
            "company": null, 
            "is_text": false, 
            "solved_score": 0.5, 
            "difficulty": 0.7, 
            "active": true, 
            "max_score": 30, 
            "slug": "tower-breakers-again-1", 
            "contest_slug": "master", 
            "user_score": 0, 
            "kind": "code", 
            "player_count": 2, 
            "name": "Tower Breakers, Again!", 
            "level": 50, 
            "success_ratio": 0.5151133501259446, 
            "total_count": 794, 
            "created_at": "2016-06-01T06:38:35.000Z", 
            "epoch_endtime": null, 
            "judgebot": null, 
            "countdown_time": 0, 
            "custom_tabs": null, 
            "judgebot_language": null, 
            "custom_case": true, 
            "requirements_description": null, 
            "is_skip_band_challenge": false, 
            "custom_checker_language": null
        }, 
        {
            "onboarding": null, 
            "solved_count": 98, 
            "preview_format": null, 
            "can_solve": true, 
            "public_test_cases": true, 
            "topics": [], 
            "time_left": null, 
            "updated_at": "2016-12-20T00:32:45.000Z", 
            "has_started": true, 
            "epoch_starttime": null, 
            "difficulty_name": "Medium", 
            "id": 22357, 
            "has_ended": false, 
            "is_custom": false, 
            "compile_and_test": true, 
            "checker_program": null, 
            "submit_disabled": false, 
            "expert_solution_status": false, 
            "company_id": null, 
            "custom": false, 
            "can_be_viewed": true, 
            "deleted": false, 
            "factor": 50, 
            "is_solution_unlocked": false, 
            "preview": "Determine if John will win a game of modified Nim with an additional rule called a Zero-Move.", 
            "is_editorial_available": true, 
            "status": null, 
            "category": "ai", 
            "public_solutions": true, 
            "color": null, 
            "track": {
                "name": "Game Theory", 
                "taxonomy": 1, 
                "track_slug": "algorithms", 
                "track_id": 3, 
                "track_name": "Algorithms", 
                "id": 47, 
                "rewards_system_enabled": true, 
                "slug": "game-theory"
            }, 
            "dynamic": false, 
            "company": null, 
            "is_text": false, 
            "solved_score": 0.5, 
            "difficulty": 0.6, 
            "active": true, 
            "max_score": 50, 
            "slug": "zero-move-nim", 
            "contest_slug": "master", 
            "user_score": 0, 
            "kind": "code", 
            "player_count": 2, 
            "name": "Zero-Move Nim", 
            "level": 50, 
            "success_ratio": 0.47572815533980584, 
            "total_count": 206, 
            "created_at": "2016-06-21T21:36:23.000Z", 
            "epoch_endtime": null, 
            "judgebot": null, 
            "countdown_time": 0, 
            "custom_tabs": null, 
            "judgebot_language": null, 
            "custom_case": true, 
            "requirements_description": null, 
            "is_skip_band_challenge": false, 
            "custom_checker_language": null
        }, 
        {
            "onboarding": null, 
            "solved_count": 281, 
            "preview_format": null, 
            "can_solve": true, 
            "public_test_cases": true, 
            "topics": [], 
            "time_left": null, 
            "updated_at": "2017-07-11T15:53:13.000Z", 
            "has_started": true, 
            "epoch_starttime": null, 
            "difficulty_name": "Medium", 
            "id": 21914, 
            "has_ended": false, 
            "is_custom": false, 
            "compile_and_test": true, 
            "checker_program": null, 
            "submit_disabled": false, 
            "expert_solution_status": false, 
            "company_id": null, 
            "custom": false, 
            "can_be_viewed": true, 
            "deleted": false, 
            "factor": 30, 
            "is_solution_unlocked": false, 
            "preview": "A Chessboard Game", 
            "is_editorial_available": true, 
            "status": null, 
            "category": "ai", 
            "public_solutions": true, 
            "color": null, 
            "track": {
                "name": "Game Theory", 
                "taxonomy": 1, 
                "track_slug": "algorithms", 
                "track_id": 3, 
                "track_name": "Algorithms", 
                "id": 47, 
                "rewards_system_enabled": true, 
                "slug": "game-theory"
            }, 
            "dynamic": false, 
            "company": null, 
            "is_text": false, 
            "solved_score": 0.5, 
            "difficulty": 0.7, 
            "active": true, 
            "max_score": 30, 
            "slug": "chessboard-game-again-1", 
            "contest_slug": "master", 
            "user_score": 0, 
            "kind": "code", 
            "player_count": 2, 
            "name": "Chessboard Game, Again!", 
            "level": 50, 
            "success_ratio": 0.6148796498905909, 
            "total_count": 457, 
            "created_at": "2016-06-01T06:38:52.000Z", 
            "epoch_endtime": null, 
            "judgebot": null, 
            "countdown_time": 0, 
            "custom_tabs": null, 
            "judgebot_language": null, 
            "custom_case": true, 
            "requirements_description": null, 
            "is_skip_band_challenge": false, 
            "custom_checker_language": null
        }, 
        {
            "onboarding": null, 
            "solved_count": 127, 
            "preview_format": null, 
            "can_solve": true, 
            "public_test_cases": true, 
            "topics": [], 
            "time_left": null, 
            "updated_at": "2017-07-11T15:53:14.000Z", 
            "has_started": true, 
            "epoch_starttime": null, 
            "difficulty_name": "Medium", 
            "id": 21917, 
            "has_ended": false, 
            "is_custom": false, 
            "compile_and_test": true, 
            "checker_program": null, 
            "submit_disabled": false, 
            "expert_solution_status": false, 
            "company_id": null, 
            "custom": false, 
            "can_be_viewed": true, 
            "deleted": false, 
            "factor": 35, 
            "is_solution_unlocked": false, 
            "preview": "Determine which staffer wins the mysterious board game.", 
            "is_editorial_available": true, 
            "status": null, 
            "category": "ai", 
            "public_solutions": true, 
            "color": null, 
            "track": {
                "name": "Game Theory", 
                "taxonomy": 1, 
                "track_slug": "algorithms", 
                "track_id": 3, 
                "track_name": "Algorithms", 
                "id": 47, 
                "rewards_system_enabled": true, 
                "slug": "game-theory"
            }, 
            "dynamic": false, 
            "company": null, 
            "is_text": false, 
            "solved_score": 0.5, 
            "difficulty": 0.7, 
            "active": true, 
            "max_score": 35, 
            "slug": "digits-square-board-1", 
            "contest_slug": "master", 
            "user_score": 0, 
            "kind": "code", 
            "player_count": 2, 
            "name": "Digits Square Board", 
            "level": 60, 
            "success_ratio": 0.5619469026548672, 
            "total_count": 226, 
            "created_at": "2016-06-01T06:39:15.000Z", 
            "epoch_endtime": null, 
            "judgebot": null, 
            "countdown_time": 0, 
            "custom_tabs": null, 
            "judgebot_language": null, 
            "custom_case": true, 
            "requirements_description": null, 
            "is_skip_band_challenge": false, 
            "custom_checker_language": null
        }, 
        {
            "onboarding": null, 
            "solved_count": 464, 
            "preview_format": null, 
            "can_solve": true, 
            "public_test_cases": true, 
            "topics": [], 
            "time_left": null, 
            "updated_at": "2017-07-11T15:53:11.000Z", 
            "has_started": true, 
            "epoch_starttime": null, 
            "difficulty_name": "Medium", 
            "id": 21909, 
            "has_ended": false, 
            "is_custom": false, 
            "compile_and_test": true, 
            "checker_program": null, 
            "submit_disabled": false, 
            "expert_solution_status": false, 
            "company_id": null, 
            "custom": false, 
            "can_be_viewed": true, 
            "deleted": false, 
            "factor": 40, 
            "is_solution_unlocked": false, 
            "preview": "Can you determine who will win Kyle and Mike's \"Fun Game\"?", 
            "is_editorial_available": true, 
            "status": null, 
            "category": "ai", 
            "public_solutions": true, 
            "color": null, 
            "track": {
                "name": "Game Theory", 
                "taxonomy": 1, 
                "track_slug": "algorithms", 
                "track_id": 3, 
                "track_name": "Algorithms", 
                "id": 47, 
                "rewards_system_enabled": true, 
                "slug": "game-theory"
            }, 
            "dynamic": false, 
            "company": null, 
            "is_text": false, 
            "solved_score": 0.5, 
            "difficulty": 0.7, 
            "active": true, 
            "max_score": 40, 
            "slug": "fun-game-1", 
            "contest_slug": "master", 
            "user_score": 0, 
            "kind": "code", 
            "player_count": 2, 
            "name": "Fun Game", 
            "level": 50, 
            "success_ratio": 0.5121412803532008, 
            "total_count": 906, 
            "created_at": "2016-06-01T06:38:19.000Z", 
            "epoch_endtime": null, 
            "judgebot": null, 
            "countdown_time": 0, 
            "custom_tabs": null, 
            "judgebot_language": null, 
            "custom_case": true, 
            "requirements_description": null, 
            "is_skip_band_challenge": false, 
            "custom_checker_language": null
        }, 
        {
            "onboarding": null, 
            "solved_count": 110, 
            "preview_format": null, 
            "can_solve": true, 
            "public_test_cases": true, 
            "topics": [], 
            "time_left": null, 
            "updated_at": "2016-12-08T15:11:20.000Z", 
            "has_started": true, 
            "epoch_starttime": null, 
            "difficulty_name": "Hard", 
            "id": 26005, 
            "has_ended": false, 
            "is_custom": false, 
            "compile_and_test": true, 
            "checker_program": null, 
            "submit_disabled": false, 
            "expert_solution_status": false, 
            "company_id": null, 
            "custom": false, 
            "can_be_viewed": true, 
            "deleted": false, 
            "factor": 50, 
            "is_solution_unlocked": false, 
            "preview": "Determine which player wins in a Game of Stones.", 
            "is_editorial_available": true, 
            "status": null, 
            "category": "ai", 
            "public_solutions": true, 
            "color": null, 
            "track": {
                "name": "Game Theory", 
                "taxonomy": 1, 
                "track_slug": "algorithms", 
                "track_id": 3, 
                "track_name": "Algorithms", 
                "id": 47, 
                "rewards_system_enabled": true, 
                "slug": "game-theory"
            }, 
            "dynamic": false, 
            "company": null, 
            "is_text": false, 
            "solved_score": 0.5, 
            "difficulty": 0.5, 
            "active": true, 
            "max_score": 50, 
            "slug": "stone-division", 
            "contest_slug": "master", 
            "user_score": 0, 
            "kind": "code", 
            "player_count": 2, 
            "name": "Stone Division", 
            "level": 40, 
            "success_ratio": 0.4888888888888889, 
            "total_count": 225, 
            "created_at": "2016-10-01T19:38:39.000Z", 
            "epoch_endtime": null, 
            "judgebot": null, 
            "countdown_time": 0, 
            "custom_tabs": null, 
            "judgebot_language": null, 
            "custom_case": true, 
            "requirements_description": null, 
            "is_skip_band_challenge": false, 
            "custom_checker_language": null
        }, 
        {
            "onboarding": null, 
            "solved_count": 1174, 
            "preview_format": null, 
            "can_solve": true, 
            "public_test_cases": true, 
            "topics": [], 
            "time_left": null, 
            "updated_at": "2017-07-11T15:46:44.000Z", 
            "has_started": true, 
            "epoch_starttime": null, 
            "difficulty_name": "Medium", 
            "id": 2594, 
            "has_ended": false, 
            "is_custom": false, 
            "compile_and_test": true, 
            "checker_program": null, 
            "submit_disabled": null, 
            "expert_solution_status": false, 
            "company_id": null, 
            "custom": null, 
            "can_be_viewed": true, 
            "deleted": false, 
            "factor": 70, 
            "is_solution_unlocked": false, 
            "preview": "The game between Dexter and Debra has just started. He \nwants to know the number of ways to make a first move such \nthat under optimal play, the first player always wins.", 
            "is_editorial_available": true, 
            "status": null, 
            "category": "ai", 
            "public_solutions": true, 
            "color": null, 
            "track": {
                "name": "Game Theory", 
                "taxonomy": 1, 
                "track_slug": "algorithms", 
                "track_id": 3, 
                "track_name": "Algorithms", 
                "id": 47, 
                "rewards_system_enabled": true, 
                "slug": "game-theory"
            }, 
            "dynamic": false, 
            "company": null, 
            "is_text": false, 
            "solved_score": 0.5, 
            "difficulty": 0.6940298507462687, 
            "active": true, 
            "max_score": 70, 
            "slug": "chocolate-in-box", 
            "contest_slug": "master", 
            "user_score": 0, 
            "kind": "code", 
            "player_count": 2, 
            "name": "Chocolate in Box", 
            "level": 70, 
            "success_ratio": 0.7388294524858402, 
            "total_count": 1589, 
            "created_at": "2014-06-10T19:18:57.000Z", 
            "epoch_endtime": null, 
            "judgebot": null, 
            "countdown_time": 0, 
            "custom_tabs": null, 
            "judgebot_language": null, 
            "custom_case": true, 
            "requirements_description": null, 
            "is_skip_band_challenge": false, 
            "custom_checker_language": null
        }, 
        {
            "onboarding": null, 
            "solved_count": 311, 
            "preview_format": null, 
            "can_solve": true, 
            "public_test_cases": true, 
            "topics": [], 
            "time_left": null, 
            "updated_at": "2017-07-11T15:52:07.000Z", 
            "has_started": true, 
            "epoch_starttime": null, 
            "difficulty_name": "Medium", 
            "id": 18182, 
            "has_ended": false, 
            "is_custom": false, 
            "compile_and_test": true, 
            "checker_program": null, 
            "submit_disabled": false, 
            "expert_solution_status": false, 
            "company_id": null, 
            "custom": false, 
            "can_be_viewed": true, 
            "deleted": false, 
            "factor": 80, 
            "is_solution_unlocked": false, 
            "preview": "Kitty and Katty are playing a merging game. Can you figure out who will win?", 
            "is_editorial_available": true, 
            "status": null, 
            "category": "ai", 
            "public_solutions": true, 
            "color": null, 
            "track": {
                "name": "Game Theory", 
                "taxonomy": 1, 
                "track_slug": "algorithms", 
                "track_id": 3, 
                "track_name": "Algorithms", 
                "id": 47, 
                "rewards_system_enabled": true, 
                "slug": "game-theory"
            }, 
            "dynamic": false, 
            "company": null, 
            "is_text": false, 
            "solved_score": 0.5, 
            "difficulty": 0.7, 
            "active": true, 
            "max_score": 80, 
            "slug": "kitty-and-katty", 
            "contest_slug": "master", 
            "user_score": 0, 
            "kind": "code", 
            "player_count": 2, 
            "name": "Kitty and Katty", 
            "level": 30, 
            "success_ratio": 0.5813084112149532, 
            "total_count": 535, 
            "created_at": "2016-02-29T11:48:37.000Z", 
            "epoch_endtime": null, 
            "judgebot": null, 
            "countdown_time": 0, 
            "custom_tabs": null, 
            "judgebot_language": null, 
            "custom_case": true, 
            "requirements_description": null, 
            "is_skip_band_challenge": false, 
            "custom_checker_language": null
        }, 
        {
            "onboarding": null, 
            "solved_count": 373, 
            "preview_format": null, 
            "can_solve": true, 
            "public_test_cases": true, 
            "topics": [], 
            "time_left": null, 
            "updated_at": "2017-07-11T15:53:13.000Z", 
            "has_started": true, 
            "epoch_starttime": null, 
            "difficulty_name": "Medium", 
            "id": 21913, 
            "has_ended": false, 
            "is_custom": false, 
            "compile_and_test": true, 
            "checker_program": null, 
            "submit_disabled": false, 
            "expert_solution_status": false, 
            "company_id": null, 
            "custom": false, 
            "can_be_viewed": true, 
            "deleted": false, 
            "factor": 50, 
            "is_solution_unlocked": false, 
            "preview": " Can you determine who will win Kyle and Mike's \"Power Game\"?", 
            "is_editorial_available": true, 
            "status": null, 
            "category": "ai", 
            "public_solutions": true, 
            "color": null, 
            "track": {
                "name": "Game Theory", 
                "taxonomy": 1, 
                "track_slug": "algorithms", 
                "track_id": 3, 
                "track_name": "Algorithms", 
                "id": 47, 
                "rewards_system_enabled": true, 
                "slug": "game-theory"
            }, 
            "dynamic": false, 
            "company": null, 
            "is_text": false, 
            "solved_score": 0.5, 
            "difficulty": 0.7, 
            "active": true, 
            "max_score": 50, 
            "slug": "powers-game-1", 
            "contest_slug": "master", 
            "user_score": 0, 
            "kind": "code", 
            "player_count": 2, 
            "name": "Powers Game", 
            "level": 40, 
            "success_ratio": 0.6590106007067138, 
            "total_count": 566, 
            "created_at": "2016-06-01T06:38:47.000Z", 
            "epoch_endtime": null, 
            "judgebot": null, 
            "countdown_time": 0, 
            "custom_tabs": null, 
            "judgebot_language": null, 
            "custom_case": true, 
            "requirements_description": null, 
            "is_skip_band_challenge": false, 
            "custom_checker_language": null
        }, 
        {
            "onboarding": null, 
            "solved_count": 102, 
            "preview_format": null, 
            "can_solve": true, 
            "public_test_cases": true, 
            "topics": [], 
            "time_left": null, 
            "updated_at": "2017-07-11T15:53:13.000Z", 
            "has_started": true, 
            "epoch_starttime": null, 
            "difficulty_name": "Medium", 
            "id": 21915, 
            "has_ended": false, 
            "is_custom": false, 
            "compile_and_test": true, 
            "checker_program": null, 
            "submit_disabled": false, 
            "expert_solution_status": false, 
            "company_id": null, 
            "custom": false, 
            "can_be_viewed": true, 
            "deleted": false, 
            "factor": 50, 
            "is_solution_unlocked": false, 
            "preview": "Given a tree, Alice and Bob are chopping down the edges to clean it up. ", 
            "is_editorial_available": true, 
            "status": null, 
            "category": "ai", 
            "public_solutions": true, 
            "color": null, 
            "track": {
                "name": "Game Theory", 
                "taxonomy": 1, 
                "track_slug": "algorithms", 
                "track_id": 3, 
                "track_name": "Algorithms", 
                "id": 47, 
                "rewards_system_enabled": true, 
                "slug": "game-theory"
            }, 
            "dynamic": false, 
            "company": null, 
            "is_text": false, 
            "solved_score": 0.5, 
            "difficulty": 0.7, 
            "active": true, 
            "max_score": 50, 
            "slug": "deforestation-1", 
            "contest_slug": "master", 
            "user_score": 0, 
            "kind": "code", 
            "player_count": 2, 
            "name": "Deforestation", 
            "level": 50, 
            "success_ratio": 0.4473684210526316, 
            "total_count": 228, 
            "created_at": "2016-06-01T06:39:00.000Z", 
            "epoch_endtime": null, 
            "judgebot": null, 
            "countdown_time": 0, 
            "custom_tabs": null, 
            "judgebot_language": null, 
            "custom_case": true, 
            "requirements_description": null, 
            "is_skip_band_challenge": false, 
            "custom_checker_language": null
        }, 
        {
            "onboarding": null, 
            "solved_count": 108, 
            "preview_format": null, 
            "can_solve": true, 
            "public_test_cases": true, 
            "topics": [], 
            "time_left": null, 
            "updated_at": "2016-12-07T09:47:55.000Z", 
            "has_started": true, 
            "epoch_starttime": null, 
            "difficulty_name": "Medium", 
            "id": 15132, 
            "has_ended": false, 
            "is_custom": false, 
            "compile_and_test": true, 
            "checker_program": null, 
            "submit_disabled": false, 
            "expert_solution_status": false, 
            "company_id": null, 
            "custom": false, 
            "can_be_viewed": true, 
            "deleted": false, 
            "factor": 50, 
            "is_solution_unlocked": false, 
            "preview": " Bob and Ben are playing a game with forests. Determine who will win the game.", 
            "is_editorial_available": true, 
            "status": null, 
            "category": "ai", 
            "public_solutions": true, 
            "color": null, 
            "track": {
                "name": "Game Theory", 
                "taxonomy": 1, 
                "track_slug": "algorithms", 
                "track_id": 3, 
                "track_name": "Algorithms", 
                "id": 47, 
                "rewards_system_enabled": true, 
                "slug": "game-theory"
            }, 
            "dynamic": false, 
            "company": null, 
            "is_text": false, 
            "solved_score": 0.5, 
            "difficulty": 0.7, 
            "active": true, 
            "max_score": 50, 
            "slug": "bob-and-ben", 
            "contest_slug": "master", 
            "user_score": 0, 
            "kind": "code", 
            "player_count": 2, 
            "name": "Bob and Ben", 
            "level": 50, 
            "success_ratio": 0.7397260273972602, 
            "total_count": 146, 
            "created_at": "2015-12-04T19:45:57.000Z", 
            "epoch_endtime": null, 
            "judgebot": null, 
            "countdown_time": 0, 
            "custom_tabs": null, 
            "judgebot_language": null, 
            "custom_case": true, 
            "requirements_description": null, 
            "is_skip_band_challenge": false, 
            "custom_checker_language": null
        }, 
        {
            "onboarding": null, 
            "solved_count": 75, 
            "preview_format": null, 
            "can_solve": true, 
            "public_test_cases": true, 
            "topics": [], 
            "time_left": null, 
            "updated_at": "2017-07-11T15:53:15.000Z", 
            "has_started": true, 
            "epoch_starttime": null, 
            "difficulty_name": "Medium", 
            "id": 21918, 
            "has_ended": false, 
            "is_custom": false, 
            "compile_and_test": true, 
            "checker_program": null, 
            "submit_disabled": false, 
            "expert_solution_status": false, 
            "company_id": null, 
            "custom": false, 
            "can_be_viewed": true, 
            "deleted": false, 
            "factor": 50, 
            "is_solution_unlocked": false, 
            "preview": " Can you determine how many coins player 2 will earn?", 
            "is_editorial_available": true, 
            "status": null, 
            "category": "ai", 
            "public_solutions": true, 
            "color": null, 
            "track": {
                "name": "Game Theory", 
                "taxonomy": 1, 
                "track_slug": "algorithms", 
                "track_id": 3, 
                "track_name": "Algorithms", 
                "id": 47, 
                "rewards_system_enabled": true, 
                "slug": "game-theory"
            }, 
            "dynamic": false, 
            "company": null, 
            "is_text": false, 
            "solved_score": 0.5, 
            "difficulty": 0.7, 
            "active": true, 
            "max_score": 50, 
            "slug": "tower-breakers-the-final-battle-1", 
            "contest_slug": "master", 
            "user_score": 0, 
            "kind": "code", 
            "player_count": 2, 
            "name": "Tower Breakers - The Final Battle", 
            "level": 70, 
            "success_ratio": 0.4411764705882353, 
            "total_count": 170, 
            "created_at": "2016-06-01T06:39:19.000Z", 
            "epoch_endtime": null, 
            "judgebot": null, 
            "countdown_time": 0, 
            "custom_tabs": null, 
            "judgebot_language": null, 
            "custom_case": true, 
            "requirements_description": null, 
            "is_skip_band_challenge": false, 
            "custom_checker_language": null
        }, 
        {
            "onboarding": null, 
            "solved_count": 37, 
            "preview_format": null, 
            "can_solve": true, 
            "public_test_cases": true, 
            "topics": [], 
            "time_left": null, 
            "updated_at": "2017-07-11T15:52:12.000Z", 
            "has_started": true, 
            "epoch_starttime": null, 
            "difficulty_name": "Hard", 
            "id": 19051, 
            "has_ended": false, 
            "is_custom": false, 
            "compile_and_test": true, 
            "checker_program": null, 
            "submit_disabled": false, 
            "expert_solution_status": false, 
            "company_id": null, 
            "custom": false, 
            "can_be_viewed": true, 
            "deleted": false, 
            "factor": 60, 
            "is_solution_unlocked": false, 
            "preview": "Find the number of winning configurations for Little Cat.", 
            "is_editorial_available": true, 
            "status": null, 
            "category": "ai", 
            "public_solutions": true, 
            "color": null, 
            "track": {
                "name": "Game Theory", 
                "taxonomy": 1, 
                "track_slug": "algorithms", 
                "track_id": 3, 
                "track_name": "Algorithms", 
                "id": 47, 
                "rewards_system_enabled": true, 
                "slug": "game-theory"
            }, 
            "dynamic": false, 
            "company": null, 
            "is_text": false, 
            "solved_score": 0.5, 
            "difficulty": 0.5, 
            "active": true, 
            "max_score": 60, 
            "slug": "simple-game", 
            "contest_slug": "master", 
            "user_score": 0, 
            "kind": "code", 
            "player_count": 2, 
            "name": "Simple Game", 
            "level": 50, 
            "success_ratio": 0.40217391304347827, 
            "total_count": 92, 
            "created_at": "2016-03-12T18:32:32.000Z", 
            "epoch_endtime": null, 
            "judgebot": null, 
            "countdown_time": 0, 
            "custom_tabs": null, 
            "judgebot_language": null, 
            "custom_case": true, 
            "requirements_description": null, 
            "is_skip_band_challenge": false, 
            "custom_checker_language": null
        }, 
        {
            "onboarding": null, 
            "solved_count": 1627, 
            "preview_format": null, 
            "can_solve": true, 
            "public_test_cases": true, 
            "topics": [], 
            "time_left": null, 
            "updated_at": "2017-07-11T15:41:16.000Z", 
            "has_started": true, 
            "epoch_starttime": null, 
            "difficulty_name": "Medium", 
            "id": 59, 
            "has_ended": false, 
            "is_custom": false, 
            "compile_and_test": true, 
            "checker_program": null, 
            "submit_disabled": false, 
            "expert_solution_status": false, 
            "company_id": null, 
            "custom": false, 
            "can_be_viewed": true, 
            "deleted": false, 
            "factor": 70, 
            "is_solution_unlocked": false, 
            "preview": "Alice and Bob play a game. Assuming both play optimally, who \nwins the game? ", 
            "is_editorial_available": true, 
            "status": null, 
            "category": "algorithm", 
            "public_solutions": true, 
            "color": null, 
            "track": {
                "name": "Game Theory", 
                "taxonomy": 1, 
                "track_slug": "algorithms", 
                "track_id": 3, 
                "track_name": "Algorithms", 
                "id": 47, 
                "rewards_system_enabled": true, 
                "slug": "game-theory"
            }, 
            "dynamic": false, 
            "company": null, 
            "is_text": false, 
            "solved_score": 0.5, 
            "difficulty": 0.7418817651956703, 
            "active": true, 
            "max_score": 70, 
            "slug": "permutation-game", 
            "contest_slug": "master", 
            "user_score": 0, 
            "kind": "code", 
            "player_count": 2, 
            "name": "Permutation game", 
            "level": 72, 
            "success_ratio": 0.7256913470115968, 
            "total_count": 2242, 
            "created_at": "2013-01-04T20:25:52.000Z", 
            "epoch_endtime": null, 
            "judgebot": null, 
            "countdown_time": 0, 
            "custom_tabs": null, 
            "judgebot_language": null, 
            "custom_case": true, 
            "requirements_description": null, 
            "is_skip_band_challenge": false, 
            "custom_checker_language": null
        }, 
        {
            "onboarding": null, 
            "solved_count": 57, 
            "preview_format": null, 
            "can_solve": true, 
            "public_test_cases": true, 
            "topics": [], 
            "time_left": null, 
            "updated_at": "2017-07-11T15:52:17.000Z", 
            "has_started": true, 
            "epoch_starttime": null, 
            "difficulty_name": "Hard", 
            "id": 19994, 
            "has_ended": false, 
            "is_custom": false, 
            "compile_and_test": true, 
            "checker_program": null, 
            "submit_disabled": false, 
            "expert_solution_status": false, 
            "company_id": null, 
            "custom": false, 
            "can_be_viewed": true, 
            "deleted": false, 
            "factor": 60, 
            "is_solution_unlocked": false, 
            "preview": " ", 
            "is_editorial_available": true, 
            "status": null, 
            "category": "ai", 
            "public_solutions": true, 
            "color": null, 
            "track": {
                "name": "Game Theory", 
                "taxonomy": 1, 
                "track_slug": "algorithms", 
                "track_id": 3, 
                "track_name": "Algorithms", 
                "id": 47, 
                "rewards_system_enabled": true, 
                "slug": "game-theory"
            }, 
            "dynamic": false, 
            "company": null, 
            "is_text": false, 
            "solved_score": 0.5, 
            "difficulty": 0.5, 
            "active": true, 
            "max_score": 60, 
            "slug": "move-the-coins", 
            "contest_slug": "master", 
            "user_score": 0, 
            "kind": "code", 
            "player_count": 2, 
            "name": "Move the Coins", 
            "level": 50, 
            "success_ratio": 0.6404494382022472, 
            "total_count": 89, 
            "created_at": "2016-03-29T19:45:06.000Z", 
            "epoch_endtime": null, 
            "judgebot": null, 
            "countdown_time": 0, 
            "custom_tabs": null, 
            "judgebot_language": null, 
            "custom_case": true, 
            "requirements_description": null, 
            "is_skip_band_challenge": false, 
            "custom_checker_language": null
        }, 
        {
            "onboarding": null, 
            "solved_count": 256, 
            "preview_format": null, 
            "can_solve": true, 
            "public_test_cases": true, 
            "topics": [], 
            "time_left": null, 
            "updated_at": "2017-07-11T15:46:15.000Z", 
            "has_started": true, 
            "epoch_starttime": null, 
            "difficulty_name": "Medium", 
            "id": 2385, 
            "has_ended": false, 
            "is_custom": false, 
            "compile_and_test": true, 
            "checker_program": null, 
            "submit_disabled": null, 
            "expert_solution_status": false, 
            "company_id": null, 
            "custom": null, 
            "can_be_viewed": true, 
            "deleted": false, 
            "factor": 70, 
            "is_solution_unlocked": false, 
            "preview": "Perform optimal moves to win the graph game", 
            "is_editorial_available": true, 
            "status": null, 
            "category": "ai", 
            "public_solutions": true, 
            "color": null, 
            "track": {
                "name": "Game Theory", 
                "taxonomy": 1, 
                "track_slug": "algorithms", 
                "track_id": 3, 
                "track_name": "Algorithms", 
                "id": 47, 
                "rewards_system_enabled": true, 
                "slug": "game-theory"
            }, 
            "dynamic": false, 
            "company": null, 
            "is_text": false, 
            "solved_score": 0.5, 
            "difficulty": 0.7567567567567568, 
            "active": true, 
            "max_score": 70, 
            "slug": "benders-play", 
            "contest_slug": "master", 
            "user_score": 0, 
            "kind": "code", 
            "player_count": 2, 
            "name": "Play on benders", 
            "level": 71, 
            "success_ratio": 0.6975476839237057, 
            "total_count": 367, 
            "created_at": "2014-04-18T00:02:17.000Z", 
            "epoch_endtime": null, 
            "judgebot": null, 
            "countdown_time": 0, 
            "custom_tabs": null, 
            "judgebot_language": null, 
            "custom_case": true, 
            "requirements_description": null, 
            "is_skip_band_challenge": false, 
            "custom_checker_language": null
        }, 
        {
            "onboarding": null, 
            "solved_count": 193, 
            "preview_format": null, 
            "can_solve": true, 
            "public_test_cases": true, 
            "topics": [], 
            "time_left": null, 
            "updated_at": "2017-07-11T15:51:20.000Z", 
            "has_started": true, 
            "epoch_starttime": null, 
            "difficulty_name": "Medium", 
            "id": 15141, 
            "has_ended": false, 
            "is_custom": false, 
            "compile_and_test": true, 
            "checker_program": null, 
            "submit_disabled": false, 
            "expert_solution_status": false, 
            "company_id": null, 
            "custom": false, 
            "can_be_viewed": true, 
            "deleted": false, 
            "factor": 60, 
            "is_solution_unlocked": false, 
            "preview": " Given the initial array of numbers, determine who wins the game.", 
            "is_editorial_available": true, 
            "status": null, 
            "category": "ai", 
            "public_solutions": true, 
            "color": null, 
            "track": {
                "name": "Game Theory", 
                "taxonomy": 1, 
                "track_slug": "algorithms", 
                "track_id": 3, 
                "track_name": "Algorithms", 
                "id": 47, 
                "rewards_system_enabled": true, 
                "slug": "game-theory"
            }, 
            "dynamic": false, 
            "company": null, 
            "is_text": false, 
            "solved_score": 0.5, 
            "difficulty": 0.7, 
            "active": true, 
            "max_score": 60, 
            "slug": "newyear-game", 
            "contest_slug": "master", 
            "user_score": 0, 
            "kind": "code", 
            "player_count": 2, 
            "name": "New Year Game", 
            "level": 50, 
            "success_ratio": 0.4406392694063927, 
            "total_count": 438, 
            "created_at": "2015-12-05T10:59:25.000Z", 
            "epoch_endtime": null, 
            "judgebot": null, 
            "countdown_time": 0, 
            "custom_tabs": null, 
            "judgebot_language": null, 
            "custom_case": true, 
            "requirements_description": null, 
            "is_skip_band_challenge": false, 
            "custom_checker_language": null
        }, 
        {
            "onboarding": null, 
            "solved_count": 888, 
            "preview_format": null, 
            "can_solve": true, 
            "public_test_cases": true, 
            "topics": [], 
            "time_left": null, 
            "updated_at": "2017-07-11T15:41:04.000Z", 
            "has_started": true, 
            "epoch_starttime": null, 
            "difficulty_name": "Hard", 
            "id": 46, 
            "has_ended": false, 
            "is_custom": false, 
            "compile_and_test": true, 
            "checker_program": null, 
            "submit_disabled": false, 
            "expert_solution_status": false, 
            "company_id": null, 
            "custom": false, 
            "can_be_viewed": true, 
            "deleted": false, 
            "factor": 85, 
            "is_solution_unlocked": false, 
            "preview": "There are N piles of stones where the ith pile has xi stones in\n it. Alice and Bob play a game. Given the starting set of piles,\n who wins the game assuming both players play optimally?", 
            "is_editorial_available": true, 
            "status": null, 
            "category": "algorithm", 
            "public_solutions": true, 
            "color": null, 
            "track": {
                "name": "Game Theory", 
                "taxonomy": 1, 
                "track_slug": "algorithms", 
                "track_id": 3, 
                "track_name": "Algorithms", 
                "id": 47, 
                "rewards_system_enabled": true, 
                "slug": "game-theory"
            }, 
            "dynamic": false, 
            "company": null, 
            "is_text": false, 
            "solved_score": 0.5, 
            "difficulty": 0.5776805251641138, 
            "active": true, 
            "max_score": 85, 
            "slug": "stone-piles", 
            "contest_slug": "master", 
            "user_score": 0, 
            "kind": "code", 
            "player_count": 2, 
            "name": "Stone Piles", 
            "level": 80, 
            "success_ratio": 0.6145328719723183, 
            "total_count": 1445, 
            "created_at": "2013-01-04T20:24:59.000Z", 
            "epoch_endtime": null, 
            "judgebot": null, 
            "countdown_time": 0, 
            "custom_tabs": null, 
            "judgebot_language": null, 
            "custom_case": true, 
            "requirements_description": null, 
            "is_skip_band_challenge": false, 
            "custom_checker_language": null
        }, 
        {
            "onboarding": null, 
            "solved_count": 162, 
            "preview_format": null, 
            "can_solve": true, 
            "public_test_cases": true, 
            "topics": [], 
            "time_left": null, 
            "updated_at": "2017-07-11T15:43:47.000Z", 
            "has_started": true, 
            "epoch_starttime": null, 
            "difficulty_name": "Hard", 
            "id": 800, 
            "has_ended": false, 
            "is_custom": false, 
            "compile_and_test": true, 
            "checker_program": null, 
            "submit_disabled": false, 
            "expert_solution_status": false, 
            "company_id": null, 
            "custom": false, 
            "can_be_viewed": true, 
            "deleted": false, 
            "factor": 90, 
            "is_solution_unlocked": false, 
            "preview": "Count continuous sub-sequences for winning Chocolate Game.", 
            "is_editorial_available": true, 
            "status": null, 
            "category": "ai", 
            "public_solutions": true, 
            "color": null, 
            "track": {
                "name": "Game Theory", 
                "taxonomy": 1, 
                "track_slug": "algorithms", 
                "track_id": 3, 
                "track_name": "Algorithms", 
                "id": 47, 
                "rewards_system_enabled": true, 
                "slug": "game-theory"
            }, 
            "dynamic": false, 
            "company": null, 
            "is_text": false, 
            "solved_score": 0.5, 
            "difficulty": 0.4878048780487805, 
            "active": true, 
            "max_score": 90, 
            "slug": "chocolate-game", 
            "contest_slug": "master", 
            "user_score": 0, 
            "kind": "code", 
            "player_count": 2, 
            "name": "Chocolate Game", 
            "level": 88, 
            "success_ratio": 0.30857142857142855, 
            "total_count": 525, 
            "created_at": "2013-08-09T20:02:16.000Z", 
            "epoch_endtime": null, 
            "judgebot": null, 
            "countdown_time": 0, 
            "custom_tabs": null, 
            "judgebot_language": null, 
            "custom_case": true, 
            "requirements_description": null, 
            "is_skip_band_challenge": false, 
            "custom_checker_language": null
        }, 
        {
            "onboarding": null, 
            "solved_count": 525, 
            "preview_format": null, 
            "can_solve": true, 
            "public_test_cases": true, 
            "topics": [], 
            "time_left": null, 
            "updated_at": "2017-07-11T15:47:20.000Z", 
            "has_started": true, 
            "epoch_starttime": null, 
            "difficulty_name": "Hard", 
            "id": 3568, 
            "has_ended": false, 
            "is_custom": false, 
            "compile_and_test": true, 
            "checker_program": null, 
            "submit_disabled": false, 
            "expert_solution_status": false, 
            "company_id": null, 
            "custom": false, 
            "can_be_viewed": true, 
            "deleted": false, 
            "factor": 90, 
            "is_solution_unlocked": false, 
            "preview": "Manasa wants to change the rules of the NIM Game. Who will \nwin if both of them play optimally?", 
            "is_editorial_available": true, 
            "status": null, 
            "category": "ai", 
            "public_solutions": true, 
            "color": null, 
            "track": {
                "name": "Game Theory", 
                "taxonomy": 1, 
                "track_slug": "algorithms", 
                "track_id": 3, 
                "track_name": "Algorithms", 
                "id": 47, 
                "rewards_system_enabled": true, 
                "slug": "game-theory"
            }, 
            "dynamic": false, 
            "company": null, 
            "is_text": false, 
            "solved_score": 0.5, 
            "difficulty": 0.5, 
            "active": true, 
            "max_score": 90, 
            "slug": "manasa-and-prime-game", 
            "contest_slug": "master", 
            "user_score": 0, 
            "kind": "code", 
            "player_count": 2, 
            "name": "Manasa and Prime game ", 
            "level": 84, 
            "success_ratio": 0.6198347107438017, 
            "total_count": 847, 
            "created_at": "2014-08-12T18:52:18.000Z", 
            "epoch_endtime": null, 
            "judgebot": null, 
            "countdown_time": 0, 
            "custom_tabs": null, 
            "judgebot_language": null, 
            "custom_case": true, 
            "requirements_description": null, 
            "is_skip_band_challenge": false, 
            "custom_checker_language": null
        }, 
        {
            "onboarding": null, 
            "solved_count": 456, 
            "preview_format": null, 
            "can_solve": true, 
            "public_test_cases": true, 
            "topics": [], 
            "time_left": null, 
            "updated_at": "2017-07-11T15:43:48.000Z", 
            "has_started": true, 
            "epoch_starttime": null, 
            "difficulty_name": "Medium", 
            "id": 823, 
            "has_ended": false, 
            "is_custom": false, 
            "compile_and_test": true, 
            "checker_program": null, 
            "submit_disabled": false, 
            "expert_solution_status": false, 
            "company_id": null, 
            "custom": false, 
            "can_be_viewed": true, 
            "deleted": false, 
            "factor": 90, 
            "is_solution_unlocked": false, 
            "preview": "Decide who will win the game in HackerChess", 
            "is_editorial_available": true, 
            "status": null, 
            "category": "ai", 
            "public_solutions": true, 
            "color": null, 
            "track": {
                "name": "Game Theory", 
                "taxonomy": 1, 
                "track_slug": "algorithms", 
                "track_id": 3, 
                "track_name": "Algorithms", 
                "id": 47, 
                "rewards_system_enabled": true, 
                "slug": "game-theory"
            }, 
            "dynamic": false, 
            "company": null, 
            "is_text": false, 
            "solved_score": 0.5, 
            "difficulty": 0.684931506849315, 
            "active": true, 
            "max_score": 90, 
            "slug": "vertical-rooks", 
            "contest_slug": "master", 
            "user_score": 0, 
            "kind": "code", 
            "player_count": 2, 
            "name": "Vertical Rooks", 
            "level": 86, 
            "success_ratio": 0.6647230320699709, 
            "total_count": 686, 
            "created_at": "2013-08-20T12:37:10.000Z", 
            "epoch_endtime": null, 
            "judgebot": null, 
            "countdown_time": 0, 
            "custom_tabs": null, 
            "judgebot_language": null, 
            "custom_case": true, 
            "requirements_description": null, 
            "is_skip_band_challenge": false, 
            "custom_checker_language": null
        }, 
        {
            "onboarding": null, 
            "solved_count": 281, 
            "preview_format": null, 
            "can_solve": true, 
            "public_test_cases": true, 
            "topics": [], 
            "time_left": null, 
            "updated_at": "2017-07-11T15:46:27.000Z", 
            "has_started": true, 
            "epoch_starttime": null, 
            "difficulty_name": "Medium", 
            "id": 2497, 
            "has_ended": false, 
            "is_custom": false, 
            "compile_and_test": true, 
            "checker_program": null, 
            "submit_disabled": false, 
            "expert_solution_status": false, 
            "company_id": null, 
            "custom": false, 
            "can_be_viewed": true, 
            "deleted": false, 
            "factor": 90, 
            "is_solution_unlocked": false, 
            "preview": "Performs optimal moves and win in a single attempt.", 
            "is_editorial_available": true, 
            "status": null, 
            "category": "ai", 
            "public_solutions": true, 
            "color": null, 
            "track": {
                "name": "Game Theory", 
                "taxonomy": 1, 
                "track_slug": "algorithms", 
                "track_id": 3, 
                "track_name": "Algorithms", 
                "id": 47, 
                "rewards_system_enabled": true, 
                "slug": "game-theory"
            }, 
            "dynamic": false, 
            "company": null, 
            "is_text": false, 
            "solved_score": 0.5, 
            "difficulty": 0.7261904761904762, 
            "active": true, 
            "max_score": 90, 
            "slug": "half", 
            "contest_slug": "master", 
            "user_score": 0, 
            "kind": "code", 
            "player_count": 2, 
            "name": "A stones game", 
            "level": 82, 
            "success_ratio": 0.6722488038277512, 
            "total_count": 418, 
            "created_at": "2014-05-08T13:52:35.000Z", 
            "epoch_endtime": null, 
            "judgebot": null, 
            "countdown_time": 0, 
            "custom_tabs": null, 
            "judgebot_language": null, 
            "custom_case": true, 
            "requirements_description": null, 
            "is_skip_band_challenge": false, 
            "custom_checker_language": null
        }, 
        {
            "onboarding": null, 
            "solved_count": 38, 
            "preview_format": null, 
            "can_solve": true, 
            "public_test_cases": true, 
            "topics": [], 
            "time_left": null, 
            "updated_at": "2016-12-22T23:57:47.000Z", 
            "has_started": true, 
            "epoch_starttime": null, 
            "difficulty_name": "Expert", 
            "id": 26946, 
            "has_ended": false, 
            "is_custom": false, 
            "compile_and_test": true, 
            "checker_program": null, 
            "submit_disabled": false, 
            "expert_solution_status": false, 
            "company_id": null, 
            "custom": false, 
            "can_be_viewed": true, 
            "deleted": false, 
            "factor": 100, 
            "is_solution_unlocked": false, 
            "preview": "How many games is it possible to win?", 
            "is_editorial_available": true, 
            "status": null, 
            "category": "ai", 
            "public_solutions": true, 
            "color": null, 
            "track": {
                "name": "Game Theory", 
                "taxonomy": 1, 
                "track_slug": "algorithms", 
                "track_id": 3, 
                "track_name": "Algorithms", 
                "id": 47, 
                "rewards_system_enabled": true, 
                "slug": "game-theory"
            }, 
            "dynamic": false, 
            "company": null, 
            "is_text": false, 
            "solved_score": 0.5, 
            "difficulty": 0.1, 
            "active": true, 
            "max_score": 100, 
            "slug": "taste-of-win", 
            "contest_slug": "master", 
            "user_score": 0, 
            "kind": "code", 
            "player_count": 2, 
            "name": "Tastes Like Winning", 
            "level": 50, 
            "success_ratio": 0.29457364341085274, 
            "total_count": 129, 
            "created_at": "2016-10-20T18:25:53.000Z", 
            "epoch_endtime": null, 
            "judgebot": null, 
            "countdown_time": 0, 
            "custom_tabs": null, 
            "judgebot_language": null, 
            "custom_case": true, 
            "requirements_description": null, 
            "is_skip_band_challenge": false, 
            "custom_checker_language": null
        }
    ], 
    "tutorial_signed_up": true, 
    "current_track": {
        "name": "Algorithms", 
        "id": 3, 
        "priority": 14, 
        "descriptions": "The true test of problem solving: when one realizes that time and memory aren't infinite.\n", 
        "rewards_system_enabled": true, 
        "slug": "algorithms"
    }, 
    "total": 32
}