{
    "status": true, 
    "model": {
        "tagAncestry": [], 
        "solved_count": 32228, 
        "python_template_head": "", 
        "can_solve": true, 
        "clojure_template_head": "", 
        "dynamic": true, 
        "epoch_starttime": null, 
        "difficulty_name": "Easy", 
        "compile_and_test": true, 
        "submit_disabled": false, 
        "objectivec_template_head": "", 
        "company_id": null, 
        "languages": [
            "c", 
            "cpp", 
            "java", 
            "csharp", 
            "php", 
            "ruby", 
            "python", 
            "perl", 
            "haskell", 
            "clojure", 
            "scala", 
            "lua", 
            "go", 
            "javascript", 
            "erlang", 
            "d", 
            "ocaml", 
            "pascal", 
            "python3", 
            "groovy", 
            "objectivec", 
            "fsharp", 
            "visualbasic", 
            "lolcode", 
            "smalltalk", 
            "tcl", 
            "whitespace", 
            "sbcl", 
            "java8", 
            "octave", 
            "racket", 
            "rust", 
            "bash", 
            "r", 
            "swift", 
            "fortran", 
            "cpp14", 
            "coffeescript", 
            "ada", 
            "pypy", 
            "pypy3", 
            "elixir", 
            "kotlin", 
            "julia"
        ], 
        "leaderboard_out_of_sync_message": null, 
        "primary_contest": {
            "migration_status": null, 
            "contest_broadcast": null, 
            "hacker_timelimit": null, 
            "notification": null, 
            "qualification_rule_value": null, 
            "leaderboard_backend": null, 
            "expose_stats": null, 
            "updated_at": "2017-03-24T19:11:30.000Z", 
            "custom_leaderboard_column_name": null, 
            "organization_type": null, 
            "ended": true, 
            "epoch_starttime": 1372525200, 
            "timezone": "PST", 
            "disable_forum": null, 
            "id": 164, 
            "primary_track_id": 3, 
            "limited_participants": null, 
            "school_leaderboard_enabled": false, 
            "time_limited_contest": false, 
            "archived": true, 
            "rated": true, 
            "parent_contest_id": null, 
            "leaderboard_out_of_sync_message": null, 
            "leaderboard_type": "country", 
            "tagline": "3 challenges in 3 hours!", 
            "effective_epoch_endtime": 1372536000, 
            "show_participants_info": null, 
            "homepage_background_color": "", 
            "organization_name": null, 
            "track": {
                "name": "Algorithms", 
                "id": 3, 
                "priority": 14, 
                "descriptions": "The true test of problem solving: when one realizes that time and memory aren't infinite.\n", 
                "rewards_system_enabled": true, 
                "slug": "algorithms"
            }, 
            "primary_tag_id": 3081, 
            "hide_navigation": null, 
            "show_penalty": null, 
            "effective_time_left": -130818423.06535658, 
            "hidden": null, 
            "homepage": "", 
            "public": true, 
            "testers_contest": null, 
            "description": "101 Hack is back! HackerRank will be hosting 101 Hack on the last saturday of every month at 17:00 UTC, starting this month. Now, you know for sure what to look forward to last saturday of every month! \n<br>\n<br>\nIt's all about speed, accuracy and efficiency. Inside the contest are 3 challenges. You have exactly 180 minutes to solve them. Every second counts.\n<br>\n<br>\nHackerRank invites you to join the contest to compete against hackers from across the globe.\n<br>\n<br>\n<h2>Next up is <a href=\"https://www.hackerrank.com/july13/?utm_source=101-page&amp;utm_medium=contest&amp;utm_campaign=2020july\">20/20 Hack</a> on July 6<sup>th</sup></h2>\n<br>\nSign up at <a href=\"https://www.hackerrank.com/july13/?utm_source=101-page&amp;utm_medium=contest&amp;utm_campaign=2020july\">www.hackerrank.com/2020hack</a>", 
            "hide_difficulty": null, 
            "started": true, 
            "time_left": -130818423.05754328, 
            "challenges_count": 3, 
            "qualification_rule_msg": null, 
            "leaderboard_out_of_sync": null, 
            "team_event": false, 
            "disable_fsi": null, 
            "hide_submissions": null, 
            "leaderboard_format": "", 
            "leaderboard_broadcast_message": null, 
            "has_tracks": null, 
            "college_public": null, 
            "endtime": "2013-06-29T20:00:00.000Z", 
            "qualification_rule_type": null, 
            "slug": "101june13", 
            "hide_leaderboard": null, 
            "kind": null, 
            "comment_live_sync": null, 
            "name": "101 Hack June", 
            "is_multi_round": false, 
            "created_at": "2013-06-11T13:54:10.000Z", 
            "epoch_endtime": 1372536000, 
            "company_associated_contest": null, 
            "rating_category": "101 Hack", 
            "has_codesprint_reg_page": null, 
            "starttime": "2013-06-29T17:00:00.000Z", 
            "is_rating_updated": true, 
            "leaderboard_freeze_time": null, 
            "migration_disabled": null, 
            "template_id": 66
        }, 
        "factor": 25, 
        "erlang_template_head": "", 
        "ruby_template_tail": "", 
        "default_language": null, 
        "moderator_or_support": false, 
        "leaderboard_out_of_sync": null, 
        "contest_slug": "master", 
        "python3_template": "#!/bin/python3\n\nimport sys\n\ndef anagram(s):\n    # Complete this function\n\nq = int(input().strip())\nfor a0 in range(q):\n    s = input().strip()\n    result = anagaram(s)\n    print(result)\n", 
        "name": "Anagram", 
        "level": 19, 
        "success_ratio": 0.8952222222222223, 
        "total_count": 36000, 
        "javascript_template_head": "", 
        "codechecker_handle": "", 
        "java_template_tail": "", 
        "migrated_resource": null, 
        "custom_tabs": null, 
        "ruby_template_head": "", 
        "java8_template_head": "", 
        "is_skip_band_challenge": false, 
        "python_template_tail": "", 
        "public_test_cases": true, 
        "available_translations": [], 
        "clojure_template_tail": "", 
        "cpp_template": "#include <bits/stdc++.h>\n\nusing namespace std;\n\nint anagram(string s){\n    // Complete this function\n}\n\nint main() {\n    int q;\n    cin >> q;\n    for(int a0 = 0; a0 < q; a0++){\n        string s;\n        cin >> s;\n        int result = anagaram(s);\n        cout << result << endl;\n    }\n    return 0;\n}", 
        "c_template_tail": "", 
        "cpp_template_tail": "", 
        "category": "ai", 
        "haskell_template_tail": "", 
        "php_template": "<?php\n\n$handle = fopen (\"php://stdin\", \"r\");\nfunction anagram($s){\n    // Complete this function\n}\n\nfscanf($handle, \"%i\",$q);\nfor($a0 = 0; $a0 < $q; $a0++){\n    fscanf($handle, \"%s\",$s);\n    $result = anagaram($s);\n    echo $result . \"\\n\";\n}\n\n?>", 
        "perl_template": "#!/usr/bin/perl\n\nsub anagram {\n\t\n}\n\n$q = <STDIN>;\nchomp $q;\nfor my $a0 (0..$q-1){\n    $s = <STDIN>;\n    chomp $s;\n    $result = anagaram($s);\n    print \"$result\\n\";\n\n}\n", 
        "can_be_viewed": true, 
        "submitted_hackers_count": 36000, 
        "public_solutions": true, 
        "javascript_template_tail": "", 
        "c_template_head": "", 
        "deleted": false, 
        "real_dynamic": false, 
        "php_template_tail": "", 
        "difficulty_score": "0.107", 
        "difficulty": 0.9027216856892011, 
        "active": true, 
        "slug": "anagram", 
        "show_skeliton": null, 
        "player_count": 2, 
        "is_preview_contest": false, 
        "is_editorial_available": true, 
        "epoch_endtime": null, 
        "cpp_template_head": "", 
        "perl_template_tail": "", 
        "author_avatar": "https://hrcdn.net/s3_pub/hr-avatars/20791764-b9ea-4720-bc8c-416ec41364c8/150x150.png", 
        "judgebot_language": null, 
        "php_template_head": "", 
        "java_template": "import java.io.*;\nimport java.util.*;\nimport java.text.*;\nimport java.math.*;\nimport java.util.regex.*;\n\npublic class Solution {\n\n    static int anagram(String s){\n        // Complete this function\n    }\n\n    public static void main(String[] args) {\n        Scanner in = new Scanner(System.in);\n        int q = in.nextInt();\n        for(int a0 = 0; a0 < q; a0++){\n            String s = in.next();\n            int result = anagaram(s);\n            System.out.println(result);\n        }\n    }\n}", 
        "python3_template_tail": "", 
        "python_template": "#!/bin/python\n\nimport sys\n\ndef anagram(s):\n    # Complete this function\n\nq = int(raw_input().strip())\nfor a0 in xrange(q):\n    s = raw_input().strip()\n    result = anagaram(s)\n    print(result)\n\n", 
        "color": null, 
        "has_all_test_cases_public": false, 
        "time_left": null, 
        "scala_template": "object Solution {\n\n    def main(args: Array[String]) {\n        val sc = new java.util.Scanner (System.in);\n        var q = sc.nextInt();\n        int a0 = 0;\n        while(a0 < q){\n            var s = sc.next();\n            a0+=1;\n        }\n    }\n}", 
        "lua_template_head": "", 
        "kind": "code", 
        "is_custom": false, 
        "ruby_template": "#!/bin/ruby\n\ndef anagram(s)\n    # Complete this function\nend\n\nq = gets.strip.to_i\nfor a0 in (0..q-1)\n    s = gets.strip\n    result = anagaram(s)\n    puts result;\nend\n", 
        "haskell_template": "import Control.Applicative\nimport Control.Monad\nimport System.IO\n\n\nmain :: IO ()\nmain = do\n    q_temp <- getLine\n    let q = read q_temp :: Int\n    forM_ [1..q] $ \\a0  -> do\n        s <- getLine\n\n\ngetMultipleLines :: Int -> IO [String]\n\ngetMultipleLines n\n    | n <= 0 = return []\n    | otherwise = do          \n        x <- getLine         \n        xs <- getMultipleLines (n-1)    \n        let ret = (x:xs)    \n        return ret          \n\n", 
        "java8_template": "import java.io.*;\nimport java.util.*;\nimport java.text.*;\nimport java.math.*;\nimport java.util.regex.*;\n\npublic class Solution {\n\n    static int anagram(String s){\n        // Complete this function\n    }\n\n    public static void main(String[] args) {\n        Scanner in = new Scanner(System.in);\n        int q = in.nextInt();\n        for(int a0 = 0; a0 < q; a0++){\n            String s = in.next();\n            int result = anagaram(s);\n            System.out.println(result);\n        }\n    }\n}", 
        "solved_score": 0.5, 
        "expert_solution_status": false, 
        "objectivec_template_tail": "", 
        "custom": false, 
        "preview": "Find the minimum number of characters of the first string that we need to change in order to make it an anagram of the second string.", 
        "company": null, 
        "is_text": false, 
        "python3_template_head": "", 
        "clojure_template": "(use '[clojure.string :only (split triml)])\n\n(\n        let [\n          q_t (read-line) \n          q (Integer/parseInt q_t) \n        ]\n\n      (\n        loop [a0 q]\n        (when (> a0 0)\n\n          (\n            let [\n              s (read-line)  \n            ]\n          )\n\n        (recur (- a0 1) ) )\n      )\n\n)", 
        "java_template_head": "", 
        "require_unlock": true, 
        "erlang_template_tail": "", 
        "csharp_template": "using System;\nusing System.Collections.Generic;\nusing System.IO;\nusing System.Linq;\nclass Solution {\n\n    static int anagram(string s){\n        // Complete this function\n    }\n\n    static void Main(String[] args) {\n        int q = Convert.ToInt32(Console.ReadLine());\n        for(int a0 = 0; a0 < q; a0++){\n            string s = Console.ReadLine();\n            int result = anagaram(s);\n            Console.WriteLine(result);\n        }\n    }\n}", 
        "has_started": true, 
        "erlang_template": "-module(solution).\n-export([main/0]).\n\nmain() ->\n\n    { ok, [Q]} = io:fread(\"\", \"~d\"),\n    Q_list = lists:seq(1,Q),\n    lists:foreach( fun(Q0) ->\n            { ok, [S]} = io:fread(\"\", \"~s\")\n    end,Q_list),\n    true.\n\nread_array(0,D) -> [];\nread_array(N,D) -> \n\t{ok, [X]} = io:fread(\"\", D),\n\t[X | read_array(N-1,D)].\n\nread_2darray(0,M,D) -> [];\nread_2darray(N,M,D) ->\n\tQ=read_array(M,D),\n\t[Q | read_2darray(N-1,M,D)].\n\n", 
        "judgebot": null, 
        "custom_checker_language": null, 
        "custom_case": true, 
        "scala_template_head": "", 
        "topics": [
            {
                "slug": "string-basics", 
                "title": "String Basics"
            }, 
            {
                "slug": "anagram", 
                "title": "Anagram"
            }
        ], 
        "updated_at": "2017-07-11T15:43:17.000Z", 
        "author_name": "amititkgp", 
        "onboarding": null, 
        "id": 708, 
        "lua_template": "function anagram(s)\n    -- Complete this function\n\nq = io.read(\"*number\", \"*l\")\na0 = 0\nwhile a0 < q do\n    s = io.read()\n    a0 = a0 + 1\nend\n", 
        "has_ended": false, 
        "javascript_template": "process.stdin.resume();\nprocess.stdin.setEncoding('ascii');\n\nvar input_stdin = \"\";\nvar input_stdin_array = \"\";\nvar input_currentline = 0;\n\nprocess.stdin.on('data', function (data) {\n    input_stdin += data;\n});\n\nprocess.stdin.on('end', function () {\n    input_stdin_array = input_stdin.split(\"\\n\");\n    main();    \n});\n\nfunction readLine() {\n    return input_stdin_array[input_currentline++];\n}\n\n/////////////// ignore above this line ////////////////////\n\nfunction anagram(s){\n    // Complete this function\n}\n\nfunction main() {\n    var q = parseInt(readLine());\n    for(var a0 = 0; a0 < q; a0++){\n        var s = readLine();\n        var result = anagram(s);\n        process.stdout.write(\"\" + result + \"\\n\");\n    }\n\n}\n", 
        "c_template": "#include <math.h>\n#include <stdio.h>\n#include <string.h>\n#include <stdlib.h>\n#include <assert.h>\n#include <limits.h>\n#include <stdbool.h>\n\nint anagram(char* s){\n    // Complete this function\n}\n\nint main() {\n    int q; \n    scanf(\"%i\", &q);\n    for(int a0 = 0; a0 < q; a0++){\n        char* s = (char *)malloc(512000 * sizeof(char));\n        scanf(\"%s\", s);\n        int result = anagaram(s);\n        printf(\"%d\\n\", result);\n    }\n    return 0;\n}", 
        "java8_template_tail": "", 
        "is_solution_unlocked": false, 
        "checker_program": null, 
        "scala_template_tail": "", 
        "status": null, 
        "hacker": {
            "username": "HackerRank", 
            "is_admin": true, 
            "id": 15055, 
            "avatar": "https://hrcdn.net/s3_pub/hr-avatars/4c95f96b-1ff9-46ed-98f8-cb3cb4ed8834/150x150.png"
        }, 
        "track": {
            "name": "Strings", 
            "taxonomy": 1, 
            "track_slug": "algorithms", 
            "track_id": 3, 
            "track_name": "Algorithms", 
            "id": 34, 
            "rewards_system_enabled": true, 
            "slug": "strings"
        }, 
        "csharp_template_head": "", 
        "body_html": "<div class='challenge_problem_statement'><div class='msB challenge_problem_statement_body'><div class='hackdown-content'><style id=\"MathJax_SVG_styles\">.MathJax_SVG_Display {text-align: center; margin: 1em 0em; position: relative; display: block!important; text-indent: 0; max-width: none; max-height: none; min-width: 0; min-height: 0; width: 100%}\n.MathJax_SVG .MJX-monospace {font-family: monospace}\n.MathJax_SVG .MJX-sans-serif {font-family: sans-serif}\n.MathJax_SVG {display: inline; font-style: normal; font-weight: normal; line-height: normal; font-size: 100%; font-size-adjust: none; text-indent: 0; text-align: left; text-transform: none; letter-spacing: normal; word-spacing: normal; word-wrap: normal; white-space: nowrap; float: none; direction: ltr; max-width: none; max-height: none; min-width: 0; min-height: 0; border: 0; padding: 0; margin: 0}\n.MathJax_SVG * {transition: none; -webkit-transition: none; -moz-transition: none; -ms-transition: none; -o-transition: none}\n.mjx-svg-href {fill: blue; stroke: blue}\n</style><svg style=\"display: none;\"><defs id=\"MathJax_SVG_glyphs\"></defs></svg><p>Sid is obsessed with reading short stories. Being a CS student, he is doing some interesting frequency analysis with the books. He chooses strings <span style=\"font-size: 100%; display: inline-block;\" class=\"MathJax_SVG\" id=\"MathJax-Element-1-Frame\"><svg xmlns:xlink=\"http://www.w3.org/1999/xlink\" width=\"2.662ex\" height=\"2.176ex\" style=\"vertical-align: -0.338ex;\" viewBox=\"0 -791.3 1146 936.9\" role=\"img\" focusable=\"false\"><g stroke=\"currentColor\" fill=\"currentColor\" stroke-width=\"0\" transform=\"matrix(1 0 0 -1 0 0)\"><path stroke-width=\"1\" d=\"M308 24Q367 24 416 76T466 197Q466 260 414 284Q308 311 278 321T236 341Q176 383 176 462Q176 523 208 573T273 648Q302 673 343 688T407 704H418H425Q521 704 564 640Q565 640 577 653T603 682T623 704Q624 704 627 704T632 705Q645 705 645 698T617 577T585 459T569 456Q549 456 549 465Q549 471 550 475Q550 478 551 494T553 520Q553 554 544 579T526 616T501 641Q465 662 419 662Q362 662 313 616T263 510Q263 480 278 458T319 427Q323 425 389 408T456 390Q490 379 522 342T554 242Q554 216 546 186Q541 164 528 137T492 78T426 18T332 -20Q320 -22 298 -22Q199 -22 144 33L134 44L106 13Q83 -14 78 -18T65 -22Q52 -22 52 -14Q52 -11 110 221Q112 227 130 227H143Q149 221 149 216Q149 214 148 207T144 186T142 153Q144 114 160 87T203 47T255 29T308 24Z\"></path><g transform=\"translate(645,0)\"><path stroke-width=\"1\" d=\"M213 578L200 573Q186 568 160 563T102 556H83V602H102Q149 604 189 617T245 641T273 663Q275 666 285 666Q294 666 302 660V361L303 61Q310 54 315 52T339 48T401 46H427V0H416Q395 3 257 3Q121 3 100 0H88V46H114Q136 46 152 46T177 47T193 50T201 52T207 57T213 61V578Z\"></path></g></g></svg></span> and <span style=\"font-size: 100%; display: inline-block;\" class=\"MathJax_SVG\" id=\"MathJax-Element-2-Frame\"><svg xmlns:xlink=\"http://www.w3.org/1999/xlink\" width=\"2.662ex\" height=\"2.176ex\" style=\"vertical-align: -0.338ex;\" viewBox=\"0 -791.3 1146 936.9\" role=\"img\" focusable=\"false\"><g stroke=\"currentColor\" fill=\"currentColor\" stroke-width=\"0\" transform=\"matrix(1 0 0 -1 0 0)\"><path stroke-width=\"1\" d=\"M308 24Q367 24 416 76T466 197Q466 260 414 284Q308 311 278 321T236 341Q176 383 176 462Q176 523 208 573T273 648Q302 673 343 688T407 704H418H425Q521 704 564 640Q565 640 577 653T603 682T623 704Q624 704 627 704T632 705Q645 705 645 698T617 577T585 459T569 456Q549 456 549 465Q549 471 550 475Q550 478 551 494T553 520Q553 554 544 579T526 616T501 641Q465 662 419 662Q362 662 313 616T263 510Q263 480 278 458T319 427Q323 425 389 408T456 390Q490 379 522 342T554 242Q554 216 546 186Q541 164 528 137T492 78T426 18T332 -20Q320 -22 298 -22Q199 -22 144 33L134 44L106 13Q83 -14 78 -18T65 -22Q52 -22 52 -14Q52 -11 110 221Q112 227 130 227H143Q149 221 149 216Q149 214 148 207T144 186T142 153Q144 114 160 87T203 47T255 29T308 24Z\"></path><g transform=\"translate(645,0)\"><path stroke-width=\"1\" d=\"M109 429Q82 429 66 447T50 491Q50 562 103 614T235 666Q326 666 387 610T449 465Q449 422 429 383T381 315T301 241Q265 210 201 149L142 93L218 92Q375 92 385 97Q392 99 409 186V189H449V186Q448 183 436 95T421 3V0H50V19V31Q50 38 56 46T86 81Q115 113 136 137Q145 147 170 174T204 211T233 244T261 278T284 308T305 340T320 369T333 401T340 431T343 464Q343 527 309 573T212 619Q179 619 154 602T119 569T109 550Q109 549 114 549Q132 549 151 535T170 489Q170 464 154 447T109 429Z\"></path></g></g></svg></span> in such a way that <span style=\"font-size: 100%; display: inline-block;\" class=\"MathJax_SVG\" id=\"MathJax-Element-3-Frame\"><svg xmlns:xlink=\"http://www.w3.org/1999/xlink\" width=\"23.68ex\" height=\"2.843ex\" style=\"vertical-align: -0.838ex;\" viewBox=\"0 -863.1 10195.5 1223.9\" role=\"img\" focusable=\"false\"><g stroke=\"currentColor\" fill=\"currentColor\" stroke-width=\"0\" transform=\"matrix(1 0 0 -1 0 0)\"><path stroke-width=\"1\" d=\"M139 -249H137Q125 -249 119 -235V251L120 737Q130 750 139 750Q152 750 159 735V-235Q151 -249 141 -249H139Z\"></path><g transform=\"translate(278,0)\"><path stroke-width=\"1\" d=\"M117 59Q117 26 142 26Q179 26 205 131Q211 151 215 152Q217 153 225 153H229Q238 153 241 153T246 151T248 144Q247 138 245 128T234 90T214 43T183 6T137 -11Q101 -11 70 11T38 85Q38 97 39 102L104 360Q167 615 167 623Q167 626 166 628T162 632T157 634T149 635T141 636T132 637T122 637Q112 637 109 637T101 638T95 641T94 647Q94 649 96 661Q101 680 107 682T179 688Q194 689 213 690T243 693T254 694Q266 694 266 686Q266 675 193 386T118 83Q118 81 118 75T117 65V59Z\"></path></g><g transform=\"translate(577,0)\"><path stroke-width=\"1\" d=\"M39 168Q39 225 58 272T107 350T174 402T244 433T307 442H310Q355 442 388 420T421 355Q421 265 310 237Q261 224 176 223Q139 223 138 221Q138 219 132 186T125 128Q125 81 146 54T209 26T302 45T394 111Q403 121 406 121Q410 121 419 112T429 98T420 82T390 55T344 24T281 -1T205 -11Q126 -11 83 42T39 168ZM373 353Q367 405 305 405Q272 405 244 391T199 357T170 316T154 280T149 261Q149 260 169 260Q282 260 327 284T373 353Z\"></path></g><g transform=\"translate(1043,0)\"><path stroke-width=\"1\" d=\"M21 287Q22 293 24 303T36 341T56 388T89 425T135 442Q171 442 195 424T225 390T231 369Q231 367 232 367L243 378Q304 442 382 442Q436 442 469 415T503 336T465 179T427 52Q427 26 444 26Q450 26 453 27Q482 32 505 65T540 145Q542 153 560 153Q580 153 580 145Q580 144 576 130Q568 101 554 73T508 17T439 -10Q392 -10 371 17T350 73Q350 92 386 193T423 345Q423 404 379 404H374Q288 404 229 303L222 291L189 157Q156 26 151 16Q138 -11 108 -11Q95 -11 87 -5T76 7T74 17Q74 30 112 180T152 343Q153 348 153 366Q153 405 129 405Q91 405 66 305Q60 285 60 284Q58 278 41 278H27Q21 284 21 287Z\"></path></g><g transform=\"translate(1644,0)\"><path stroke-width=\"1\" d=\"M94 250Q94 319 104 381T127 488T164 576T202 643T244 695T277 729T302 750H315H319Q333 750 333 741Q333 738 316 720T275 667T226 581T184 443T167 250T184 58T225 -81T274 -167T316 -220T333 -241Q333 -250 318 -250H315H302L274 -226Q180 -141 137 -14T94 250Z\"></path></g><g transform=\"translate(2033,0)\"><path stroke-width=\"1\" d=\"M308 24Q367 24 416 76T466 197Q466 260 414 284Q308 311 278 321T236 341Q176 383 176 462Q176 523 208 573T273 648Q302 673 343 688T407 704H418H425Q521 704 564 640Q565 640 577 653T603 682T623 704Q624 704 627 704T632 705Q645 705 645 698T617 577T585 459T569 456Q549 456 549 465Q549 471 550 475Q550 478 551 494T553 520Q553 554 544 579T526 616T501 641Q465 662 419 662Q362 662 313 616T263 510Q263 480 278 458T319 427Q323 425 389 408T456 390Q490 379 522 342T554 242Q554 216 546 186Q541 164 528 137T492 78T426 18T332 -20Q320 -22 298 -22Q199 -22 144 33L134 44L106 13Q83 -14 78 -18T65 -22Q52 -22 52 -14Q52 -11 110 221Q112 227 130 227H143Q149 221 149 216Q149 214 148 207T144 186T142 153Q144 114 160 87T203 47T255 29T308 24Z\"></path></g><g transform=\"translate(2679,0)\"><path stroke-width=\"1\" d=\"M213 578L200 573Q186 568 160 563T102 556H83V602H102Q149 604 189 617T245 641T273 663Q275 666 285 666Q294 666 302 660V361L303 61Q310 54 315 52T339 48T401 46H427V0H416Q395 3 257 3Q121 3 100 0H88V46H114Q136 46 152 46T177 47T193 50T201 52T207 57T213 61V578Z\"></path></g><g transform=\"translate(3179,0)\"><path stroke-width=\"1\" d=\"M60 749L64 750Q69 750 74 750H86L114 726Q208 641 251 514T294 250Q294 182 284 119T261 12T224 -76T186 -143T145 -194T113 -227T90 -246Q87 -249 86 -250H74Q66 -250 63 -250T58 -247T55 -238Q56 -237 66 -225Q221 -64 221 250T66 725Q56 737 55 738Q55 746 60 749Z\"></path></g><g transform=\"translate(3791,0)\"><path stroke-width=\"1\" d=\"M84 237T84 250T98 270H679Q694 262 694 250T679 230H98Q84 237 84 250Z\"></path></g><g transform=\"translate(4791,0)\"><path stroke-width=\"1\" d=\"M117 59Q117 26 142 26Q179 26 205 131Q211 151 215 152Q217 153 225 153H229Q238 153 241 153T246 151T248 144Q247 138 245 128T234 90T214 43T183 6T137 -11Q101 -11 70 11T38 85Q38 97 39 102L104 360Q167 615 167 623Q167 626 166 628T162 632T157 634T149 635T141 636T132 637T122 637Q112 637 109 637T101 638T95 641T94 647Q94 649 96 661Q101 680 107 682T179 688Q194 689 213 690T243 693T254 694Q266 694 266 686Q266 675 193 386T118 83Q118 81 118 75T117 65V59Z\"></path></g><g transform=\"translate(5090,0)\"><path stroke-width=\"1\" d=\"M39 168Q39 225 58 272T107 350T174 402T244 433T307 442H310Q355 442 388 420T421 355Q421 265 310 237Q261 224 176 223Q139 223 138 221Q138 219 132 186T125 128Q125 81 146 54T209 26T302 45T394 111Q403 121 406 121Q410 121 419 112T429 98T420 82T390 55T344 24T281 -1T205 -11Q126 -11 83 42T39 168ZM373 353Q367 405 305 405Q272 405 244 391T199 357T170 316T154 280T149 261Q149 260 169 260Q282 260 327 284T373 353Z\"></path></g><g transform=\"translate(5556,0)\"><path stroke-width=\"1\" d=\"M21 287Q22 293 24 303T36 341T56 388T89 425T135 442Q171 442 195 424T225 390T231 369Q231 367 232 367L243 378Q304 442 382 442Q436 442 469 415T503 336T465 179T427 52Q427 26 444 26Q450 26 453 27Q482 32 505 65T540 145Q542 153 560 153Q580 153 580 145Q580 144 576 130Q568 101 554 73T508 17T439 -10Q392 -10 371 17T350 73Q350 92 386 193T423 345Q423 404 379 404H374Q288 404 229 303L222 291L189 157Q156 26 151 16Q138 -11 108 -11Q95 -11 87 -5T76 7T74 17Q74 30 112 180T152 343Q153 348 153 366Q153 405 129 405Q91 405 66 305Q60 285 60 284Q58 278 41 278H27Q21 284 21 287Z\"></path></g><g transform=\"translate(6157,0)\"><path stroke-width=\"1\" d=\"M94 250Q94 319 104 381T127 488T164 576T202 643T244 695T277 729T302 750H315H319Q333 750 333 741Q333 738 316 720T275 667T226 581T184 443T167 250T184 58T225 -81T274 -167T316 -220T333 -241Q333 -250 318 -250H315H302L274 -226Q180 -141 137 -14T94 250Z\"></path></g><g transform=\"translate(6546,0)\"><path stroke-width=\"1\" d=\"M308 24Q367 24 416 76T466 197Q466 260 414 284Q308 311 278 321T236 341Q176 383 176 462Q176 523 208 573T273 648Q302 673 343 688T407 704H418H425Q521 704 564 640Q565 640 577 653T603 682T623 704Q624 704 627 704T632 705Q645 705 645 698T617 577T585 459T569 456Q549 456 549 465Q549 471 550 475Q550 478 551 494T553 520Q553 554 544 579T526 616T501 641Q465 662 419 662Q362 662 313 616T263 510Q263 480 278 458T319 427Q323 425 389 408T456 390Q490 379 522 342T554 242Q554 216 546 186Q541 164 528 137T492 78T426 18T332 -20Q320 -22 298 -22Q199 -22 144 33L134 44L106 13Q83 -14 78 -18T65 -22Q52 -22 52 -14Q52 -11 110 221Q112 227 130 227H143Q149 221 149 216Q149 214 148 207T144 186T142 153Q144 114 160 87T203 47T255 29T308 24Z\"></path></g><g transform=\"translate(7192,0)\"><path stroke-width=\"1\" d=\"M109 429Q82 429 66 447T50 491Q50 562 103 614T235 666Q326 666 387 610T449 465Q449 422 429 383T381 315T301 241Q265 210 201 149L142 93L218 92Q375 92 385 97Q392 99 409 186V189H449V186Q448 183 436 95T421 3V0H50V19V31Q50 38 56 46T86 81Q115 113 136 137Q145 147 170 174T204 211T233 244T261 278T284 308T305 340T320 369T333 401T340 431T343 464Q343 527 309 573T212 619Q179 619 154 602T119 569T109 550Q109 549 114 549Q132 549 151 535T170 489Q170 464 154 447T109 429Z\"></path></g><g transform=\"translate(7692,0)\"><path stroke-width=\"1\" d=\"M60 749L64 750Q69 750 74 750H86L114 726Q208 641 251 514T294 250Q294 182 284 119T261 12T224 -76T186 -143T145 -194T113 -227T90 -246Q87 -249 86 -250H74Q66 -250 63 -250T58 -247T55 -238Q56 -237 66 -225Q221 -64 221 250T66 725Q56 737 55 738Q55 746 60 749Z\"></path></g><g transform=\"translate(8082,0)\"><path stroke-width=\"1\" d=\"M139 -249H137Q125 -249 119 -235V251L120 737Q130 750 139 750Q152 750 159 735V-235Q151 -249 141 -249H139Z\"></path></g><g transform=\"translate(8638,0)\"><path stroke-width=\"1\" d=\"M674 636Q682 636 688 630T694 615T687 601Q686 600 417 472L151 346L399 228Q687 92 691 87Q694 81 694 76Q694 58 676 56H670L382 192Q92 329 90 331Q83 336 83 348Q84 359 96 365Q104 369 382 500T665 634Q669 636 674 636ZM84 -118Q84 -108 99 -98H678Q694 -104 694 -118Q694 -130 679 -138H98Q84 -131 84 -118Z\"></path></g><g transform=\"translate(9695,0)\"><path stroke-width=\"1\" d=\"M213 578L200 573Q186 568 160 563T102 556H83V602H102Q149 604 189 617T245 641T273 663Q275 666 285 666Q294 666 302 660V361L303 61Q310 54 315 52T339 48T401 46H427V0H416Q395 3 257 3Q121 3 100 0H88V46H114Q136 46 152 46T177 47T193 50T201 52T207 57T213 61V578Z\"></path></g></g></svg></span>.  </p>\n\n<p>Your task is to help him find the minimum number of characters of the first string he needs to change to enable him to make it an <a href=\"https://en.wikipedia.org/wiki/Anagram\">anagram</a> of the second string.  </p>\n\n<p><em>Note:</em> A word <em>x</em> is an anagram of another word <em>y</em> if we can produce <em>y</em> by rearranging the letters of <em>x</em>.</p></div></div></div><div class='challenge_input_format'><div class='msB challenge_input_format_title'><p><strong>Input Format</strong></p></div><div class='msB challenge_input_format_body'><div class='hackdown-content'><style id=\"MathJax_SVG_styles\">.MathJax_SVG_Display {text-align: center; margin: 1em 0em; position: relative; display: block!important; text-indent: 0; max-width: none; max-height: none; min-width: 0; min-height: 0; width: 100%}\n.MathJax_SVG .MJX-monospace {font-family: monospace}\n.MathJax_SVG .MJX-sans-serif {font-family: sans-serif}\n.MathJax_SVG {display: inline; font-style: normal; font-weight: normal; line-height: normal; font-size: 100%; font-size-adjust: none; text-indent: 0; text-align: left; text-transform: none; letter-spacing: normal; word-spacing: normal; word-wrap: normal; white-space: nowrap; float: none; direction: ltr; max-width: none; max-height: none; min-width: 0; min-height: 0; border: 0; padding: 0; margin: 0}\n.MathJax_SVG * {transition: none; -webkit-transition: none; -moz-transition: none; -ms-transition: none; -o-transition: none}\n.mjx-svg-href {fill: blue; stroke: blue}\n</style><svg style=\"display: none;\"><defs id=\"MathJax_SVG_glyphs\"></defs></svg><p>The first line will contain an integer, <span style=\"font-size: 100%; display: inline-block;\" class=\"MathJax_SVG\" id=\"MathJax-Element-1-Frame\"><svg xmlns:xlink=\"http://www.w3.org/1999/xlink\" width=\"1.636ex\" height=\"2.176ex\" style=\"vertical-align: -0.338ex;\" viewBox=\"0 -791.3 704.5 936.9\" role=\"img\" focusable=\"false\"><g stroke=\"currentColor\" fill=\"currentColor\" stroke-width=\"0\" transform=\"matrix(1 0 0 -1 0 0)\"><path stroke-width=\"1\" d=\"M40 437Q21 437 21 445Q21 450 37 501T71 602L88 651Q93 669 101 677H569H659Q691 677 697 676T704 667Q704 661 687 553T668 444Q668 437 649 437Q640 437 637 437T631 442L629 445Q629 451 635 490T641 551Q641 586 628 604T573 629Q568 630 515 631Q469 631 457 630T439 622Q438 621 368 343T298 60Q298 48 386 46Q418 46 427 45T436 36Q436 31 433 22Q429 4 424 1L422 0Q419 0 415 0Q410 0 363 1T228 2Q99 2 64 0H49Q43 6 43 9T45 27Q49 40 55 46H83H94Q174 46 189 55Q190 56 191 56Q196 59 201 76T241 233Q258 301 269 344Q339 619 339 625Q339 630 310 630H279Q212 630 191 624Q146 614 121 583T67 467Q60 445 57 441T43 437H40Z\"></path></g></svg></span>, representing the number of test cases. \nEach test case will contain a string having length <span style=\"font-size: 100%; display: inline-block;\" class=\"MathJax_SVG\" id=\"MathJax-Element-2-Frame\"><svg xmlns:xlink=\"http://www.w3.org/1999/xlink\" width=\"18.125ex\" height=\"2.843ex\" style=\"vertical-align: -0.838ex;\" viewBox=\"0 -863.1 7803.9 1223.9\" role=\"img\" focusable=\"false\"><g stroke=\"currentColor\" fill=\"currentColor\" stroke-width=\"0\" transform=\"matrix(1 0 0 -1 0 0)\"><path stroke-width=\"1\" d=\"M117 59Q117 26 142 26Q179 26 205 131Q211 151 215 152Q217 153 225 153H229Q238 153 241 153T246 151T248 144Q247 138 245 128T234 90T214 43T183 6T137 -11Q101 -11 70 11T38 85Q38 97 39 102L104 360Q167 615 167 623Q167 626 166 628T162 632T157 634T149 635T141 636T132 637T122 637Q112 637 109 637T101 638T95 641T94 647Q94 649 96 661Q101 680 107 682T179 688Q194 689 213 690T243 693T254 694Q266 694 266 686Q266 675 193 386T118 83Q118 81 118 75T117 65V59Z\"></path><g transform=\"translate(298,0)\"><path stroke-width=\"1\" d=\"M39 168Q39 225 58 272T107 350T174 402T244 433T307 442H310Q355 442 388 420T421 355Q421 265 310 237Q261 224 176 223Q139 223 138 221Q138 219 132 186T125 128Q125 81 146 54T209 26T302 45T394 111Q403 121 406 121Q410 121 419 112T429 98T420 82T390 55T344 24T281 -1T205 -11Q126 -11 83 42T39 168ZM373 353Q367 405 305 405Q272 405 244 391T199 357T170 316T154 280T149 261Q149 260 169 260Q282 260 327 284T373 353Z\"></path></g><g transform=\"translate(765,0)\"><path stroke-width=\"1\" d=\"M21 287Q22 293 24 303T36 341T56 388T89 425T135 442Q171 442 195 424T225 390T231 369Q231 367 232 367L243 378Q304 442 382 442Q436 442 469 415T503 336T465 179T427 52Q427 26 444 26Q450 26 453 27Q482 32 505 65T540 145Q542 153 560 153Q580 153 580 145Q580 144 576 130Q568 101 554 73T508 17T439 -10Q392 -10 371 17T350 73Q350 92 386 193T423 345Q423 404 379 404H374Q288 404 229 303L222 291L189 157Q156 26 151 16Q138 -11 108 -11Q95 -11 87 -5T76 7T74 17Q74 30 112 180T152 343Q153 348 153 366Q153 405 129 405Q91 405 66 305Q60 285 60 284Q58 278 41 278H27Q21 284 21 287Z\"></path></g><g transform=\"translate(1365,0)\"><path stroke-width=\"1\" d=\"M94 250Q94 319 104 381T127 488T164 576T202 643T244 695T277 729T302 750H315H319Q333 750 333 741Q333 738 316 720T275 667T226 581T184 443T167 250T184 58T225 -81T274 -167T316 -220T333 -241Q333 -250 318 -250H315H302L274 -226Q180 -141 137 -14T94 250Z\"></path></g><g transform=\"translate(1755,0)\"><path stroke-width=\"1\" d=\"M308 24Q367 24 416 76T466 197Q466 260 414 284Q308 311 278 321T236 341Q176 383 176 462Q176 523 208 573T273 648Q302 673 343 688T407 704H418H425Q521 704 564 640Q565 640 577 653T603 682T623 704Q624 704 627 704T632 705Q645 705 645 698T617 577T585 459T569 456Q549 456 549 465Q549 471 550 475Q550 478 551 494T553 520Q553 554 544 579T526 616T501 641Q465 662 419 662Q362 662 313 616T263 510Q263 480 278 458T319 427Q323 425 389 408T456 390Q490 379 522 342T554 242Q554 216 546 186Q541 164 528 137T492 78T426 18T332 -20Q320 -22 298 -22Q199 -22 144 33L134 44L106 13Q83 -14 78 -18T65 -22Q52 -22 52 -14Q52 -11 110 221Q112 227 130 227H143Q149 221 149 216Q149 214 148 207T144 186T142 153Q144 114 160 87T203 47T255 29T308 24Z\"></path></g><g transform=\"translate(2400,0)\"><path stroke-width=\"1\" d=\"M213 578L200 573Q186 568 160 563T102 556H83V602H102Q149 604 189 617T245 641T273 663Q275 666 285 666Q294 666 302 660V361L303 61Q310 54 315 52T339 48T401 46H427V0H416Q395 3 257 3Q121 3 100 0H88V46H114Q136 46 152 46T177 47T193 50T201 52T207 57T213 61V578Z\"></path></g><g transform=\"translate(2901,0)\"><path stroke-width=\"1\" d=\"M60 749L64 750Q69 750 74 750H86L114 726Q208 641 251 514T294 250Q294 182 284 119T261 12T224 -76T186 -143T145 -194T113 -227T90 -246Q87 -249 86 -250H74Q66 -250 63 -250T58 -247T55 -238Q56 -237 66 -225Q221 -64 221 250T66 725Q56 737 55 738Q55 746 60 749Z\"></path></g><g transform=\"translate(3512,0)\"><path stroke-width=\"1\" d=\"M56 237T56 250T70 270H369V420L370 570Q380 583 389 583Q402 583 409 568V270H707Q722 262 722 250T707 230H409V-68Q401 -82 391 -82H389H387Q375 -82 369 -68V230H70Q56 237 56 250Z\"></path></g><g transform=\"translate(4513,0)\"><path stroke-width=\"1\" d=\"M117 59Q117 26 142 26Q179 26 205 131Q211 151 215 152Q217 153 225 153H229Q238 153 241 153T246 151T248 144Q247 138 245 128T234 90T214 43T183 6T137 -11Q101 -11 70 11T38 85Q38 97 39 102L104 360Q167 615 167 623Q167 626 166 628T162 632T157 634T149 635T141 636T132 637T122 637Q112 637 109 637T101 638T95 641T94 647Q94 649 96 661Q101 680 107 682T179 688Q194 689 213 690T243 693T254 694Q266 694 266 686Q266 675 193 386T118 83Q118 81 118 75T117 65V59Z\"></path></g><g transform=\"translate(4811,0)\"><path stroke-width=\"1\" d=\"M39 168Q39 225 58 272T107 350T174 402T244 433T307 442H310Q355 442 388 420T421 355Q421 265 310 237Q261 224 176 223Q139 223 138 221Q138 219 132 186T125 128Q125 81 146 54T209 26T302 45T394 111Q403 121 406 121Q410 121 419 112T429 98T420 82T390 55T344 24T281 -1T205 -11Q126 -11 83 42T39 168ZM373 353Q367 405 305 405Q272 405 244 391T199 357T170 316T154 280T149 261Q149 260 169 260Q282 260 327 284T373 353Z\"></path></g><g transform=\"translate(5278,0)\"><path stroke-width=\"1\" d=\"M21 287Q22 293 24 303T36 341T56 388T89 425T135 442Q171 442 195 424T225 390T231 369Q231 367 232 367L243 378Q304 442 382 442Q436 442 469 415T503 336T465 179T427 52Q427 26 444 26Q450 26 453 27Q482 32 505 65T540 145Q542 153 560 153Q580 153 580 145Q580 144 576 130Q568 101 554 73T508 17T439 -10Q392 -10 371 17T350 73Q350 92 386 193T423 345Q423 404 379 404H374Q288 404 229 303L222 291L189 157Q156 26 151 16Q138 -11 108 -11Q95 -11 87 -5T76 7T74 17Q74 30 112 180T152 343Q153 348 153 366Q153 405 129 405Q91 405 66 305Q60 285 60 284Q58 278 41 278H27Q21 284 21 287Z\"></path></g><g transform=\"translate(5878,0)\"><path stroke-width=\"1\" d=\"M94 250Q94 319 104 381T127 488T164 576T202 643T244 695T277 729T302 750H315H319Q333 750 333 741Q333 738 316 720T275 667T226 581T184 443T167 250T184 58T225 -81T274 -167T316 -220T333 -241Q333 -250 318 -250H315H302L274 -226Q180 -141 137 -14T94 250Z\"></path></g><g transform=\"translate(6268,0)\"><path stroke-width=\"1\" d=\"M308 24Q367 24 416 76T466 197Q466 260 414 284Q308 311 278 321T236 341Q176 383 176 462Q176 523 208 573T273 648Q302 673 343 688T407 704H418H425Q521 704 564 640Q565 640 577 653T603 682T623 704Q624 704 627 704T632 705Q645 705 645 698T617 577T585 459T569 456Q549 456 549 465Q549 471 550 475Q550 478 551 494T553 520Q553 554 544 579T526 616T501 641Q465 662 419 662Q362 662 313 616T263 510Q263 480 278 458T319 427Q323 425 389 408T456 390Q490 379 522 342T554 242Q554 216 546 186Q541 164 528 137T492 78T426 18T332 -20Q320 -22 298 -22Q199 -22 144 33L134 44L106 13Q83 -14 78 -18T65 -22Q52 -22 52 -14Q52 -11 110 221Q112 227 130 227H143Q149 221 149 216Q149 214 148 207T144 186T142 153Q144 114 160 87T203 47T255 29T308 24Z\"></path></g><g transform=\"translate(6913,0)\"><path stroke-width=\"1\" d=\"M109 429Q82 429 66 447T50 491Q50 562 103 614T235 666Q326 666 387 610T449 465Q449 422 429 383T381 315T301 241Q265 210 201 149L142 93L218 92Q375 92 385 97Q392 99 409 186V189H449V186Q448 183 436 95T421 3V0H50V19V31Q50 38 56 46T86 81Q115 113 136 137Q145 147 170 174T204 211T233 244T261 278T284 308T305 340T320 369T333 401T340 431T343 464Q343 527 309 573T212 619Q179 619 154 602T119 569T109 550Q109 549 114 549Q132 549 151 535T170 489Q170 464 154 447T109 429Z\"></path></g><g transform=\"translate(7414,0)\"><path stroke-width=\"1\" d=\"M60 749L64 750Q69 750 74 750H86L114 726Q208 641 251 514T294 250Q294 182 284 119T261 12T224 -76T186 -143T145 -194T113 -227T90 -246Q87 -249 86 -250H74Q66 -250 63 -250T58 -247T55 -238Q56 -237 66 -225Q221 -64 221 250T66 725Q56 737 55 738Q55 746 60 749Z\"></path></g></g></svg></span>, which will be concatenation of both the strings described above in the problem.The given string will contain only characters from <span style=\"font-size: 100%; display: inline-block;\" class=\"MathJax_SVG\" id=\"MathJax-Element-3-Frame\"><svg xmlns:xlink=\"http://www.w3.org/1999/xlink\" width=\"1.23ex\" height=\"1.676ex\" style=\"vertical-align: -0.338ex;\" viewBox=\"0 -576.1 529.5 721.6\" role=\"img\" focusable=\"false\"><g stroke=\"currentColor\" fill=\"currentColor\" stroke-width=\"0\" transform=\"matrix(1 0 0 -1 0 0)\"><path stroke-width=\"1\" d=\"M33 157Q33 258 109 349T280 441Q331 441 370 392Q386 422 416 422Q429 422 439 414T449 394Q449 381 412 234T374 68Q374 43 381 35T402 26Q411 27 422 35Q443 55 463 131Q469 151 473 152Q475 153 483 153H487Q506 153 506 144Q506 138 501 117T481 63T449 13Q436 0 417 -8Q409 -10 393 -10Q359 -10 336 5T306 36L300 51Q299 52 296 50Q294 48 292 46Q233 -10 172 -10Q117 -10 75 30T33 157ZM351 328Q351 334 346 350T323 385T277 405Q242 405 210 374T160 293Q131 214 119 129Q119 126 119 118T118 106Q118 61 136 44T179 26Q217 26 254 59T298 110Q300 114 325 217T351 328Z\"></path></g></svg></span> to <span style=\"font-size: 100%; display: inline-block;\" class=\"MathJax_SVG\" id=\"MathJax-Element-4-Frame\"><svg xmlns:xlink=\"http://www.w3.org/1999/xlink\" width=\"1.088ex\" height=\"1.676ex\" style=\"vertical-align: -0.338ex;\" viewBox=\"0 -576.1 468.5 721.6\" role=\"img\" focusable=\"false\"><g stroke=\"currentColor\" fill=\"currentColor\" stroke-width=\"0\" transform=\"matrix(1 0 0 -1 0 0)\"><path stroke-width=\"1\" d=\"M347 338Q337 338 294 349T231 360Q211 360 197 356T174 346T162 335T155 324L153 320Q150 317 138 317Q117 317 117 325Q117 330 120 339Q133 378 163 406T229 440Q241 442 246 442Q271 442 291 425T329 392T367 375Q389 375 411 408T434 441Q435 442 449 442H462Q468 436 468 434Q468 430 463 420T449 399T432 377T418 358L411 349Q368 298 275 214T160 106L148 94L163 93Q185 93 227 82T290 71Q328 71 360 90T402 140Q406 149 409 151T424 153Q443 153 443 143Q443 138 442 134Q425 72 376 31T278 -11Q252 -11 232 6T193 40T155 57Q111 57 76 -3Q70 -11 59 -11H54H41Q35 -5 35 -2Q35 13 93 84Q132 129 225 214T340 322Q352 338 347 338Z\"></path></g></svg></span>.</p></div></div></div><div class='challenge_constraints'><div class='msB challenge_constraints_title'><p><strong>Constraints</strong></p></div><div class='msB challenge_constraints_body'><div class='hackdown-content'><style id=\"MathJax_SVG_styles\">.MathJax_SVG_Display {text-align: center; margin: 1em 0em; position: relative; display: block!important; text-indent: 0; max-width: none; max-height: none; min-width: 0; min-height: 0; width: 100%}\n.MathJax_SVG .MJX-monospace {font-family: monospace}\n.MathJax_SVG .MJX-sans-serif {font-family: sans-serif}\n.MathJax_SVG {display: inline; font-style: normal; font-weight: normal; line-height: normal; font-size: 100%; font-size-adjust: none; text-indent: 0; text-align: left; text-transform: none; letter-spacing: normal; word-spacing: normal; word-wrap: normal; white-space: nowrap; float: none; direction: ltr; max-width: none; max-height: none; min-width: 0; min-height: 0; border: 0; padding: 0; margin: 0}\n.MathJax_SVG * {transition: none; -webkit-transition: none; -moz-transition: none; -ms-transition: none; -o-transition: none}\n.mjx-svg-href {fill: blue; stroke: blue}\n</style><svg style=\"display: none;\"><defs id=\"MathJax_SVG_glyphs\"></defs></svg><ul>\n<li><span style=\"font-size: 100%; display: inline-block;\" class=\"MathJax_SVG\" id=\"MathJax-Element-1-Frame\"><svg xmlns:xlink=\"http://www.w3.org/1999/xlink\" width=\"12.483ex\" height=\"2.343ex\" style=\"vertical-align: -0.505ex;\" viewBox=\"0 -791.3 5374.6 1008.6\" role=\"img\" focusable=\"false\"><g stroke=\"currentColor\" fill=\"currentColor\" stroke-width=\"0\" transform=\"matrix(1 0 0 -1 0 0)\"><path stroke-width=\"1\" d=\"M213 578L200 573Q186 568 160 563T102 556H83V602H102Q149 604 189 617T245 641T273 663Q275 666 285 666Q294 666 302 660V361L303 61Q310 54 315 52T339 48T401 46H427V0H416Q395 3 257 3Q121 3 100 0H88V46H114Q136 46 152 46T177 47T193 50T201 52T207 57T213 61V578Z\"></path><g transform=\"translate(778,0)\"><path stroke-width=\"1\" d=\"M674 636Q682 636 688 630T694 615T687 601Q686 600 417 472L151 346L399 228Q687 92 691 87Q694 81 694 76Q694 58 676 56H670L382 192Q92 329 90 331Q83 336 83 348Q84 359 96 365Q104 369 382 500T665 634Q669 636 674 636ZM84 -118Q84 -108 99 -98H678Q694 -104 694 -118Q694 -130 679 -138H98Q84 -131 84 -118Z\"></path></g><g transform=\"translate(1834,0)\"><path stroke-width=\"1\" d=\"M40 437Q21 437 21 445Q21 450 37 501T71 602L88 651Q93 669 101 677H569H659Q691 677 697 676T704 667Q704 661 687 553T668 444Q668 437 649 437Q640 437 637 437T631 442L629 445Q629 451 635 490T641 551Q641 586 628 604T573 629Q568 630 515 631Q469 631 457 630T439 622Q438 621 368 343T298 60Q298 48 386 46Q418 46 427 45T436 36Q436 31 433 22Q429 4 424 1L422 0Q419 0 415 0Q410 0 363 1T228 2Q99 2 64 0H49Q43 6 43 9T45 27Q49 40 55 46H83H94Q174 46 189 55Q190 56 191 56Q196 59 201 76T241 233Q258 301 269 344Q339 619 339 625Q339 630 310 630H279Q212 630 191 624Q146 614 121 583T67 467Q60 445 57 441T43 437H40Z\"></path></g><g transform=\"translate(2816,0)\"><path stroke-width=\"1\" d=\"M674 636Q682 636 688 630T694 615T687 601Q686 600 417 472L151 346L399 228Q687 92 691 87Q694 81 694 76Q694 58 676 56H670L382 192Q92 329 90 331Q83 336 83 348Q84 359 96 365Q104 369 382 500T665 634Q669 636 674 636ZM84 -118Q84 -108 99 -98H678Q694 -104 694 -118Q694 -130 679 -138H98Q84 -131 84 -118Z\"></path></g><g transform=\"translate(3873,0)\"><path stroke-width=\"1\" d=\"M213 578L200 573Q186 568 160 563T102 556H83V602H102Q149 604 189 617T245 641T273 663Q275 666 285 666Q294 666 302 660V361L303 61Q310 54 315 52T339 48T401 46H427V0H416Q395 3 257 3Q121 3 100 0H88V46H114Q136 46 152 46T177 47T193 50T201 52T207 57T213 61V578Z\"></path><path stroke-width=\"1\" d=\"M96 585Q152 666 249 666Q297 666 345 640T423 548Q460 465 460 320Q460 165 417 83Q397 41 362 16T301 -15T250 -22Q224 -22 198 -16T137 16T82 83Q39 165 39 320Q39 494 96 585ZM321 597Q291 629 250 629Q208 629 178 597Q153 571 145 525T137 333Q137 175 145 125T181 46Q209 16 250 16Q290 16 318 46Q347 76 354 130T362 333Q362 478 354 524T321 597Z\" transform=\"translate(500,0)\"></path><path stroke-width=\"1\" d=\"M96 585Q152 666 249 666Q297 666 345 640T423 548Q460 465 460 320Q460 165 417 83Q397 41 362 16T301 -15T250 -22Q224 -22 198 -16T137 16T82 83Q39 165 39 320Q39 494 96 585ZM321 597Q291 629 250 629Q208 629 178 597Q153 571 145 525T137 333Q137 175 145 125T181 46Q209 16 250 16Q290 16 318 46Q347 76 354 130T362 333Q362 478 354 524T321 597Z\" transform=\"translate(1001,0)\"></path></g></g></svg></span> <br></li>\n<li><span style=\"font-size: 100%; display: inline-block;\" class=\"MathJax_SVG\" id=\"MathJax-Element-2-Frame\"><svg xmlns:xlink=\"http://www.w3.org/1999/xlink\" width=\"28.864ex\" height=\"3.176ex\" style=\"vertical-align: -0.838ex;\" viewBox=\"0 -1006.6 12427.5 1367.4\" role=\"img\" focusable=\"false\"><g stroke=\"currentColor\" fill=\"currentColor\" stroke-width=\"0\" transform=\"matrix(1 0 0 -1 0 0)\"><path stroke-width=\"1\" d=\"M213 578L200 573Q186 568 160 563T102 556H83V602H102Q149 604 189 617T245 641T273 663Q275 666 285 666Q294 666 302 660V361L303 61Q310 54 315 52T339 48T401 46H427V0H416Q395 3 257 3Q121 3 100 0H88V46H114Q136 46 152 46T177 47T193 50T201 52T207 57T213 61V578Z\"></path><g transform=\"translate(778,0)\"><path stroke-width=\"1\" d=\"M674 636Q682 636 688 630T694 615T687 601Q686 600 417 472L151 346L399 228Q687 92 691 87Q694 81 694 76Q694 58 676 56H670L382 192Q92 329 90 331Q83 336 83 348Q84 359 96 365Q104 369 382 500T665 634Q669 636 674 636ZM84 -118Q84 -108 99 -98H678Q694 -104 694 -118Q694 -130 679 -138H98Q84 -131 84 -118Z\"></path></g><g transform=\"translate(1834,0)\"><path stroke-width=\"1\" d=\"M117 59Q117 26 142 26Q179 26 205 131Q211 151 215 152Q217 153 225 153H229Q238 153 241 153T246 151T248 144Q247 138 245 128T234 90T214 43T183 6T137 -11Q101 -11 70 11T38 85Q38 97 39 102L104 360Q167 615 167 623Q167 626 166 628T162 632T157 634T149 635T141 636T132 637T122 637Q112 637 109 637T101 638T95 641T94 647Q94 649 96 661Q101 680 107 682T179 688Q194 689 213 690T243 693T254 694Q266 694 266 686Q266 675 193 386T118 83Q118 81 118 75T117 65V59Z\"></path></g><g transform=\"translate(2133,0)\"><path stroke-width=\"1\" d=\"M39 168Q39 225 58 272T107 350T174 402T244 433T307 442H310Q355 442 388 420T421 355Q421 265 310 237Q261 224 176 223Q139 223 138 221Q138 219 132 186T125 128Q125 81 146 54T209 26T302 45T394 111Q403 121 406 121Q410 121 419 112T429 98T420 82T390 55T344 24T281 -1T205 -11Q126 -11 83 42T39 168ZM373 353Q367 405 305 405Q272 405 244 391T199 357T170 316T154 280T149 261Q149 260 169 260Q282 260 327 284T373 353Z\"></path></g><g transform=\"translate(2599,0)\"><path stroke-width=\"1\" d=\"M21 287Q22 293 24 303T36 341T56 388T89 425T135 442Q171 442 195 424T225 390T231 369Q231 367 232 367L243 378Q304 442 382 442Q436 442 469 415T503 336T465 179T427 52Q427 26 444 26Q450 26 453 27Q482 32 505 65T540 145Q542 153 560 153Q580 153 580 145Q580 144 576 130Q568 101 554 73T508 17T439 -10Q392 -10 371 17T350 73Q350 92 386 193T423 345Q423 404 379 404H374Q288 404 229 303L222 291L189 157Q156 26 151 16Q138 -11 108 -11Q95 -11 87 -5T76 7T74 17Q74 30 112 180T152 343Q153 348 153 366Q153 405 129 405Q91 405 66 305Q60 285 60 284Q58 278 41 278H27Q21 284 21 287Z\"></path></g><g transform=\"translate(3200,0)\"><path stroke-width=\"1\" d=\"M94 250Q94 319 104 381T127 488T164 576T202 643T244 695T277 729T302 750H315H319Q333 750 333 741Q333 738 316 720T275 667T226 581T184 443T167 250T184 58T225 -81T274 -167T316 -220T333 -241Q333 -250 318 -250H315H302L274 -226Q180 -141 137 -14T94 250Z\"></path></g><g transform=\"translate(3589,0)\"><path stroke-width=\"1\" d=\"M308 24Q367 24 416 76T466 197Q466 260 414 284Q308 311 278 321T236 341Q176 383 176 462Q176 523 208 573T273 648Q302 673 343 688T407 704H418H425Q521 704 564 640Q565 640 577 653T603 682T623 704Q624 704 627 704T632 705Q645 705 645 698T617 577T585 459T569 456Q549 456 549 465Q549 471 550 475Q550 478 551 494T553 520Q553 554 544 579T526 616T501 641Q465 662 419 662Q362 662 313 616T263 510Q263 480 278 458T319 427Q323 425 389 408T456 390Q490 379 522 342T554 242Q554 216 546 186Q541 164 528 137T492 78T426 18T332 -20Q320 -22 298 -22Q199 -22 144 33L134 44L106 13Q83 -14 78 -18T65 -22Q52 -22 52 -14Q52 -11 110 221Q112 227 130 227H143Q149 221 149 216Q149 214 148 207T144 186T142 153Q144 114 160 87T203 47T255 29T308 24Z\"></path></g><g transform=\"translate(4235,0)\"><path stroke-width=\"1\" d=\"M213 578L200 573Q186 568 160 563T102 556H83V602H102Q149 604 189 617T245 641T273 663Q275 666 285 666Q294 666 302 660V361L303 61Q310 54 315 52T339 48T401 46H427V0H416Q395 3 257 3Q121 3 100 0H88V46H114Q136 46 152 46T177 47T193 50T201 52T207 57T213 61V578Z\"></path></g><g transform=\"translate(4735,0)\"><path stroke-width=\"1\" d=\"M60 749L64 750Q69 750 74 750H86L114 726Q208 641 251 514T294 250Q294 182 284 119T261 12T224 -76T186 -143T145 -194T113 -227T90 -246Q87 -249 86 -250H74Q66 -250 63 -250T58 -247T55 -238Q56 -237 66 -225Q221 -64 221 250T66 725Q56 737 55 738Q55 746 60 749Z\"></path></g><g transform=\"translate(5347,0)\"><path stroke-width=\"1\" d=\"M56 237T56 250T70 270H369V420L370 570Q380 583 389 583Q402 583 409 568V270H707Q722 262 722 250T707 230H409V-68Q401 -82 391 -82H389H387Q375 -82 369 -68V230H70Q56 237 56 250Z\"></path></g><g transform=\"translate(6348,0)\"><path stroke-width=\"1\" d=\"M117 59Q117 26 142 26Q179 26 205 131Q211 151 215 152Q217 153 225 153H229Q238 153 241 153T246 151T248 144Q247 138 245 128T234 90T214 43T183 6T137 -11Q101 -11 70 11T38 85Q38 97 39 102L104 360Q167 615 167 623Q167 626 166 628T162 632T157 634T149 635T141 636T132 637T122 637Q112 637 109 637T101 638T95 641T94 647Q94 649 96 661Q101 680 107 682T179 688Q194 689 213 690T243 693T254 694Q266 694 266 686Q266 675 193 386T118 83Q118 81 118 75T117 65V59Z\"></path></g><g transform=\"translate(6646,0)\"><path stroke-width=\"1\" d=\"M39 168Q39 225 58 272T107 350T174 402T244 433T307 442H310Q355 442 388 420T421 355Q421 265 310 237Q261 224 176 223Q139 223 138 221Q138 219 132 186T125 128Q125 81 146 54T209 26T302 45T394 111Q403 121 406 121Q410 121 419 112T429 98T420 82T390 55T344 24T281 -1T205 -11Q126 -11 83 42T39 168ZM373 353Q367 405 305 405Q272 405 244 391T199 357T170 316T154 280T149 261Q149 260 169 260Q282 260 327 284T373 353Z\"></path></g><g transform=\"translate(7113,0)\"><path stroke-width=\"1\" d=\"M21 287Q22 293 24 303T36 341T56 388T89 425T135 442Q171 442 195 424T225 390T231 369Q231 367 232 367L243 378Q304 442 382 442Q436 442 469 415T503 336T465 179T427 52Q427 26 444 26Q450 26 453 27Q482 32 505 65T540 145Q542 153 560 153Q580 153 580 145Q580 144 576 130Q568 101 554 73T508 17T439 -10Q392 -10 371 17T350 73Q350 92 386 193T423 345Q423 404 379 404H374Q288 404 229 303L222 291L189 157Q156 26 151 16Q138 -11 108 -11Q95 -11 87 -5T76 7T74 17Q74 30 112 180T152 343Q153 348 153 366Q153 405 129 405Q91 405 66 305Q60 285 60 284Q58 278 41 278H27Q21 284 21 287Z\"></path></g><g transform=\"translate(7713,0)\"><path stroke-width=\"1\" d=\"M94 250Q94 319 104 381T127 488T164 576T202 643T244 695T277 729T302 750H315H319Q333 750 333 741Q333 738 316 720T275 667T226 581T184 443T167 250T184 58T225 -81T274 -167T316 -220T333 -241Q333 -250 318 -250H315H302L274 -226Q180 -141 137 -14T94 250Z\"></path></g><g transform=\"translate(8103,0)\"><path stroke-width=\"1\" d=\"M308 24Q367 24 416 76T466 197Q466 260 414 284Q308 311 278 321T236 341Q176 383 176 462Q176 523 208 573T273 648Q302 673 343 688T407 704H418H425Q521 704 564 640Q565 640 577 653T603 682T623 704Q624 704 627 704T632 705Q645 705 645 698T617 577T585 459T569 456Q549 456 549 465Q549 471 550 475Q550 478 551 494T553 520Q553 554 544 579T526 616T501 641Q465 662 419 662Q362 662 313 616T263 510Q263 480 278 458T319 427Q323 425 389 408T456 390Q490 379 522 342T554 242Q554 216 546 186Q541 164 528 137T492 78T426 18T332 -20Q320 -22 298 -22Q199 -22 144 33L134 44L106 13Q83 -14 78 -18T65 -22Q52 -22 52 -14Q52 -11 110 221Q112 227 130 227H143Q149 221 149 216Q149 214 148 207T144 186T142 153Q144 114 160 87T203 47T255 29T308 24Z\"></path></g><g transform=\"translate(8748,0)\"><path stroke-width=\"1\" d=\"M109 429Q82 429 66 447T50 491Q50 562 103 614T235 666Q326 666 387 610T449 465Q449 422 429 383T381 315T301 241Q265 210 201 149L142 93L218 92Q375 92 385 97Q392 99 409 186V189H449V186Q448 183 436 95T421 3V0H50V19V31Q50 38 56 46T86 81Q115 113 136 137Q145 147 170 174T204 211T233 244T261 278T284 308T305 340T320 369T333 401T340 431T343 464Q343 527 309 573T212 619Q179 619 154 602T119 569T109 550Q109 549 114 549Q132 549 151 535T170 489Q170 464 154 447T109 429Z\"></path></g><g transform=\"translate(9249,0)\"><path stroke-width=\"1\" d=\"M60 749L64 750Q69 750 74 750H86L114 726Q208 641 251 514T294 250Q294 182 284 119T261 12T224 -76T186 -143T145 -194T113 -227T90 -246Q87 -249 86 -250H74Q66 -250 63 -250T58 -247T55 -238Q56 -237 66 -225Q221 -64 221 250T66 725Q56 737 55 738Q55 746 60 749Z\"></path></g><g transform=\"translate(9916,0)\"><path stroke-width=\"1\" d=\"M674 636Q682 636 688 630T694 615T687 601Q686 600 417 472L151 346L399 228Q687 92 691 87Q694 81 694 76Q694 58 676 56H670L382 192Q92 329 90 331Q83 336 83 348Q84 359 96 365Q104 369 382 500T665 634Q669 636 674 636ZM84 -118Q84 -108 99 -98H678Q694 -104 694 -118Q694 -130 679 -138H98Q84 -131 84 -118Z\"></path></g><g transform=\"translate(10972,0)\"><path stroke-width=\"1\" d=\"M213 578L200 573Q186 568 160 563T102 556H83V602H102Q149 604 189 617T245 641T273 663Q275 666 285 666Q294 666 302 660V361L303 61Q310 54 315 52T339 48T401 46H427V0H416Q395 3 257 3Q121 3 100 0H88V46H114Q136 46 152 46T177 47T193 50T201 52T207 57T213 61V578Z\"></path><path stroke-width=\"1\" d=\"M96 585Q152 666 249 666Q297 666 345 640T423 548Q460 465 460 320Q460 165 417 83Q397 41 362 16T301 -15T250 -22Q224 -22 198 -16T137 16T82 83Q39 165 39 320Q39 494 96 585ZM321 597Q291 629 250 629Q208 629 178 597Q153 571 145 525T137 333Q137 175 145 125T181 46Q209 16 250 16Q290 16 318 46Q347 76 354 130T362 333Q362 478 354 524T321 597Z\" transform=\"translate(500,0)\"></path><g transform=\"translate(1001,393)\"><path stroke-width=\"1\" transform=\"scale(0.707)\" d=\"M462 0Q444 3 333 3Q217 3 199 0H190V46H221Q241 46 248 46T265 48T279 53T286 61Q287 63 287 115V165H28V211L179 442Q332 674 334 675Q336 677 355 677H373L379 671V211H471V165H379V114Q379 73 379 66T385 54Q393 47 442 46H471V0H462ZM293 211V545L74 212L183 211H293Z\"></path></g></g></g></svg></span>  </li>\n</ul></div></div></div><div class='challenge_output_format'><div class='msB challenge_output_format_title'><p><strong>Output Format</strong></p></div><div class='msB challenge_output_format_body'><div class='hackdown-content'><style id=\"MathJax_SVG_styles\">.MathJax_SVG_Display {text-align: center; margin: 1em 0em; position: relative; display: block!important; text-indent: 0; max-width: none; max-height: none; min-width: 0; min-height: 0; width: 100%}\n.MathJax_SVG .MJX-monospace {font-family: monospace}\n.MathJax_SVG .MJX-sans-serif {font-family: sans-serif}\n.MathJax_SVG {display: inline; font-style: normal; font-weight: normal; line-height: normal; font-size: 100%; font-size-adjust: none; text-indent: 0; text-align: left; text-transform: none; letter-spacing: normal; word-spacing: normal; word-wrap: normal; white-space: nowrap; float: none; direction: ltr; max-width: none; max-height: none; min-width: 0; min-height: 0; border: 0; padding: 0; margin: 0}\n.MathJax_SVG * {transition: none; -webkit-transition: none; -moz-transition: none; -ms-transition: none; -o-transition: none}\n.mjx-svg-href {fill: blue; stroke: blue}\n</style><svg style=\"display: none;\"><defs id=\"MathJax_SVG_glyphs\"></defs></svg><p>An integer corresponding to each test case is printed in a different line, i.e. the number of changes required for each test case. Print <span style=\"font-size: 100%; display: inline-block;\" class=\"MathJax_SVG\" id=\"MathJax-Element-1-Frame\"><svg xmlns:xlink=\"http://www.w3.org/1999/xlink\" width=\"2.971ex\" height=\"2.176ex\" style=\"vertical-align: -0.338ex;\" viewBox=\"0 -791.3 1279 936.9\" role=\"img\" focusable=\"false\"><g stroke=\"currentColor\" fill=\"currentColor\" stroke-width=\"0\" transform=\"matrix(1 0 0 -1 0 0)\"><path stroke-width=\"1\" d=\"M84 237T84 250T98 270H679Q694 262 694 250T679 230H98Q84 237 84 250Z\"></path><g transform=\"translate(778,0)\"><path stroke-width=\"1\" d=\"M213 578L200 573Q186 568 160 563T102 556H83V602H102Q149 604 189 617T245 641T273 663Q275 666 285 666Q294 666 302 660V361L303 61Q310 54 315 52T339 48T401 46H427V0H416Q395 3 257 3Q121 3 100 0H88V46H114Q136 46 152 46T177 47T193 50T201 52T207 57T213 61V578Z\"></path></g></g></svg></span> if it is not possible.</p></div></div></div><div class='challenge_sample_input'><div class='msB challenge_sample_input_title'><p><strong>Sample Input</strong></p></div><div class='msB challenge_sample_input_body'><div class='hackdown-content'><style id=\"MathJax_SVG_styles\">.MathJax_SVG_Display {text-align: center; margin: 1em 0em; position: relative; display: block!important; text-indent: 0; max-width: none; max-height: none; min-width: 0; min-height: 0; width: 100%}\n.MathJax_SVG .MJX-monospace {font-family: monospace}\n.MathJax_SVG .MJX-sans-serif {font-family: sans-serif}\n.MathJax_SVG {display: inline; font-style: normal; font-weight: normal; line-height: normal; font-size: 100%; font-size-adjust: none; text-indent: 0; text-align: left; text-transform: none; letter-spacing: normal; word-spacing: normal; word-wrap: normal; white-space: nowrap; float: none; direction: ltr; max-width: none; max-height: none; min-width: 0; min-height: 0; border: 0; padding: 0; margin: 0}\n.MathJax_SVG * {transition: none; -webkit-transition: none; -moz-transition: none; -ms-transition: none; -o-transition: none}\n.mjx-svg-href {fill: blue; stroke: blue}\n</style><svg style=\"display: none;\"><defs id=\"MathJax_SVG_glyphs\"></defs></svg><pre><code>6\naaabbb\nab\nabc\nmnop\nxyyx\nxaxbbbxx\n</code></pre></div></div></div><div class='challenge_sample_output'><div class='msB challenge_sample_output_title'><p><strong>Sample Output</strong></p></div><div class='msB challenge_sample_output_body'><div class='hackdown-content'><style id=\"MathJax_SVG_styles\">.MathJax_SVG_Display {text-align: center; margin: 1em 0em; position: relative; display: block!important; text-indent: 0; max-width: none; max-height: none; min-width: 0; min-height: 0; width: 100%}\n.MathJax_SVG .MJX-monospace {font-family: monospace}\n.MathJax_SVG .MJX-sans-serif {font-family: sans-serif}\n.MathJax_SVG {display: inline; font-style: normal; font-weight: normal; line-height: normal; font-size: 100%; font-size-adjust: none; text-indent: 0; text-align: left; text-transform: none; letter-spacing: normal; word-spacing: normal; word-wrap: normal; white-space: nowrap; float: none; direction: ltr; max-width: none; max-height: none; min-width: 0; min-height: 0; border: 0; padding: 0; margin: 0}\n.MathJax_SVG * {transition: none; -webkit-transition: none; -moz-transition: none; -ms-transition: none; -o-transition: none}\n.mjx-svg-href {fill: blue; stroke: blue}\n</style><svg style=\"display: none;\"><defs id=\"MathJax_SVG_glyphs\"></defs></svg><pre><code>3\n1\n-1\n2\n0\n1\n</code></pre></div></div></div><div class='challenge_explanation'><div class='msB challenge_explanation_title'><p><strong>Explanation</strong></p></div><div class='msB challenge_explanation_body'><div class='hackdown-content'><style id=\"MathJax_SVG_styles\">.MathJax_SVG_Display {text-align: center; margin: 1em 0em; position: relative; display: block!important; text-indent: 0; max-width: none; max-height: none; min-width: 0; min-height: 0; width: 100%}\n.MathJax_SVG .MJX-monospace {font-family: monospace}\n.MathJax_SVG .MJX-sans-serif {font-family: sans-serif}\n.MathJax_SVG {display: inline; font-style: normal; font-weight: normal; line-height: normal; font-size: 100%; font-size-adjust: none; text-indent: 0; text-align: left; text-transform: none; letter-spacing: normal; word-spacing: normal; word-wrap: normal; white-space: nowrap; float: none; direction: ltr; max-width: none; max-height: none; min-width: 0; min-height: 0; border: 0; padding: 0; margin: 0}\n.MathJax_SVG * {transition: none; -webkit-transition: none; -moz-transition: none; -ms-transition: none; -o-transition: none}\n.mjx-svg-href {fill: blue; stroke: blue}\n</style><svg style=\"display: none;\"><defs id=\"MathJax_SVG_glyphs\"></defs></svg><p><em>Test Case #01:</em> We have to replace all three characters from the first string to make both of strings anagram. Here, <span style=\"font-size: 100%; display: inline-block;\" class=\"MathJax_SVG\" id=\"MathJax-Element-1-Frame\"><svg xmlns:xlink=\"http://www.w3.org/1999/xlink\" width=\"2.662ex\" height=\"2.176ex\" style=\"vertical-align: -0.338ex;\" viewBox=\"0 -791.3 1146 936.9\" role=\"img\" focusable=\"false\"><g stroke=\"currentColor\" fill=\"currentColor\" stroke-width=\"0\" transform=\"matrix(1 0 0 -1 0 0)\"><path stroke-width=\"1\" d=\"M308 24Q367 24 416 76T466 197Q466 260 414 284Q308 311 278 321T236 341Q176 383 176 462Q176 523 208 573T273 648Q302 673 343 688T407 704H418H425Q521 704 564 640Q565 640 577 653T603 682T623 704Q624 704 627 704T632 705Q645 705 645 698T617 577T585 459T569 456Q549 456 549 465Q549 471 550 475Q550 478 551 494T553 520Q553 554 544 579T526 616T501 641Q465 662 419 662Q362 662 313 616T263 510Q263 480 278 458T319 427Q323 425 389 408T456 390Q490 379 522 342T554 242Q554 216 546 186Q541 164 528 137T492 78T426 18T332 -20Q320 -22 298 -22Q199 -22 144 33L134 44L106 13Q83 -14 78 -18T65 -22Q52 -22 52 -14Q52 -11 110 221Q112 227 130 227H143Q149 221 149 216Q149 214 148 207T144 186T142 153Q144 114 160 87T203 47T255 29T308 24Z\"></path><g transform=\"translate(645,0)\"><path stroke-width=\"1\" d=\"M213 578L200 573Q186 568 160 563T102 556H83V602H102Q149 604 189 617T245 641T273 663Q275 666 285 666Q294 666 302 660V361L303 61Q310 54 315 52T339 48T401 46H427V0H416Q395 3 257 3Q121 3 100 0H88V46H114Q136 46 152 46T177 47T193 50T201 52T207 57T213 61V578Z\"></path></g></g></svg></span> = \"aaa\" and <span style=\"font-size: 100%; display: inline-block;\" class=\"MathJax_SVG\" id=\"MathJax-Element-2-Frame\"><svg xmlns:xlink=\"http://www.w3.org/1999/xlink\" width=\"2.662ex\" height=\"2.176ex\" style=\"vertical-align: -0.338ex;\" viewBox=\"0 -791.3 1146 936.9\" role=\"img\" focusable=\"false\"><g stroke=\"currentColor\" fill=\"currentColor\" stroke-width=\"0\" transform=\"matrix(1 0 0 -1 0 0)\"><path stroke-width=\"1\" d=\"M308 24Q367 24 416 76T466 197Q466 260 414 284Q308 311 278 321T236 341Q176 383 176 462Q176 523 208 573T273 648Q302 673 343 688T407 704H418H425Q521 704 564 640Q565 640 577 653T603 682T623 704Q624 704 627 704T632 705Q645 705 645 698T617 577T585 459T569 456Q549 456 549 465Q549 471 550 475Q550 478 551 494T553 520Q553 554 544 579T526 616T501 641Q465 662 419 662Q362 662 313 616T263 510Q263 480 278 458T319 427Q323 425 389 408T456 390Q490 379 522 342T554 242Q554 216 546 186Q541 164 528 137T492 78T426 18T332 -20Q320 -22 298 -22Q199 -22 144 33L134 44L106 13Q83 -14 78 -18T65 -22Q52 -22 52 -14Q52 -11 110 221Q112 227 130 227H143Q149 221 149 216Q149 214 148 207T144 186T142 153Q144 114 160 87T203 47T255 29T308 24Z\"></path><g transform=\"translate(645,0)\"><path stroke-width=\"1\" d=\"M109 429Q82 429 66 447T50 491Q50 562 103 614T235 666Q326 666 387 610T449 465Q449 422 429 383T381 315T301 241Q265 210 201 149L142 93L218 92Q375 92 385 97Q392 99 409 186V189H449V186Q448 183 436 95T421 3V0H50V19V31Q50 38 56 46T86 81Q115 113 136 137Q145 147 170 174T204 211T233 244T261 278T284 308T305 340T320 369T333 401T340 431T343 464Q343 527 309 573T212 619Q179 619 154 602T119 569T109 550Q109 549 114 549Q132 549 151 535T170 489Q170 464 154 447T109 429Z\"></path></g></g></svg></span> = \"bbb\". So the solution is to replace all character 'a' in string <em>a</em> with character 'b'. <br>\n<br>\n<em>Test Case #02:</em> You have to replace 'a' with 'b', which will  generate \"bb\". <br>\n<br>\n<em>Test Case #03:</em> It is not possible for two strings of unequal length to be anagram for each other. <br>\n<br>\n<em>Test Case #04:</em> We have to replace both the characters of first string (\"mn\") to make it anagram of other one. <br>\n<br>\n<em>Test Case #05:</em> <span style=\"font-size: 100%; display: inline-block;\" class=\"MathJax_SVG\" id=\"MathJax-Element-3-Frame\"><svg xmlns:xlink=\"http://www.w3.org/1999/xlink\" width=\"2.662ex\" height=\"2.176ex\" style=\"vertical-align: -0.338ex;\" viewBox=\"0 -791.3 1146 936.9\" role=\"img\" focusable=\"false\"><g stroke=\"currentColor\" fill=\"currentColor\" stroke-width=\"0\" transform=\"matrix(1 0 0 -1 0 0)\"><path stroke-width=\"1\" d=\"M308 24Q367 24 416 76T466 197Q466 260 414 284Q308 311 278 321T236 341Q176 383 176 462Q176 523 208 573T273 648Q302 673 343 688T407 704H418H425Q521 704 564 640Q565 640 577 653T603 682T623 704Q624 704 627 704T632 705Q645 705 645 698T617 577T585 459T569 456Q549 456 549 465Q549 471 550 475Q550 478 551 494T553 520Q553 554 544 579T526 616T501 641Q465 662 419 662Q362 662 313 616T263 510Q263 480 278 458T319 427Q323 425 389 408T456 390Q490 379 522 342T554 242Q554 216 546 186Q541 164 528 137T492 78T426 18T332 -20Q320 -22 298 -22Q199 -22 144 33L134 44L106 13Q83 -14 78 -18T65 -22Q52 -22 52 -14Q52 -11 110 221Q112 227 130 227H143Q149 221 149 216Q149 214 148 207T144 186T142 153Q144 114 160 87T203 47T255 29T308 24Z\"></path><g transform=\"translate(645,0)\"><path stroke-width=\"1\" d=\"M213 578L200 573Q186 568 160 563T102 556H83V602H102Q149 604 189 617T245 641T273 663Q275 666 285 666Q294 666 302 660V361L303 61Q310 54 315 52T339 48T401 46H427V0H416Q395 3 257 3Q121 3 100 0H88V46H114Q136 46 152 46T177 47T193 50T201 52T207 57T213 61V578Z\"></path></g></g></svg></span> and <span style=\"font-size: 100%; display: inline-block;\" class=\"MathJax_SVG\" id=\"MathJax-Element-4-Frame\"><svg xmlns:xlink=\"http://www.w3.org/1999/xlink\" width=\"2.662ex\" height=\"2.176ex\" style=\"vertical-align: -0.338ex;\" viewBox=\"0 -791.3 1146 936.9\" role=\"img\" focusable=\"false\"><g stroke=\"currentColor\" fill=\"currentColor\" stroke-width=\"0\" transform=\"matrix(1 0 0 -1 0 0)\"><path stroke-width=\"1\" d=\"M308 24Q367 24 416 76T466 197Q466 260 414 284Q308 311 278 321T236 341Q176 383 176 462Q176 523 208 573T273 648Q302 673 343 688T407 704H418H425Q521 704 564 640Q565 640 577 653T603 682T623 704Q624 704 627 704T632 705Q645 705 645 698T617 577T585 459T569 456Q549 456 549 465Q549 471 550 475Q550 478 551 494T553 520Q553 554 544 579T526 616T501 641Q465 662 419 662Q362 662 313 616T263 510Q263 480 278 458T319 427Q323 425 389 408T456 390Q490 379 522 342T554 242Q554 216 546 186Q541 164 528 137T492 78T426 18T332 -20Q320 -22 298 -22Q199 -22 144 33L134 44L106 13Q83 -14 78 -18T65 -22Q52 -22 52 -14Q52 -11 110 221Q112 227 130 227H143Q149 221 149 216Q149 214 148 207T144 186T142 153Q144 114 160 87T203 47T255 29T308 24Z\"></path><g transform=\"translate(645,0)\"><path stroke-width=\"1\" d=\"M109 429Q82 429 66 447T50 491Q50 562 103 614T235 666Q326 666 387 610T449 465Q449 422 429 383T381 315T301 241Q265 210 201 149L142 93L218 92Q375 92 385 97Q392 99 409 186V189H449V186Q448 183 436 95T421 3V0H50V19V31Q50 38 56 46T86 81Q115 113 136 137Q145 147 170 174T204 211T233 244T261 278T284 308T305 340T320 369T333 401T340 431T343 464Q343 527 309 573T212 619Q179 619 154 602T119 569T109 550Q109 549 114 549Q132 549 151 535T170 489Q170 464 154 447T109 429Z\"></path></g></g></svg></span> are already anagram to each other. <br>\n<br>\n<em>Test Case #06:</em> Here <em>S1 = \"xaxb\"</em> and <em>S2 = \"bbxx\"</em>. He had to replace 'a' from <em>S1</em> with 'b' so that <em>S1 = \"xbxb\"</em> and we can rearrange its letter to \"bbxx\" in order to get <em>S2</em>.</p></div></div></div>", 
        "haskell_template_head": "", 
        "max_score": 25, 
        "user_score": 0, 
        "requirements_description": null, 
        "created_at": "2013-06-17T15:55:55.000Z", 
        "countdown_time": 0, 
        "objectivec_template": "#import <Foundation/Foundation.h>\n\nint main(int argc, const char * argv[]) {\n    NSAutoreleasePool *pool = [[NSAutoreleasePool alloc] init];\n    int q;\n    scanf(\"%i\",&q);\n    for(int a0 = 0; a0 < q; a0++){\n        NSString* s;\n        char* s_temp = (char *)malloc(512000 * sizeof(char));\n        scanf(\"%s\",s_temp);\n        s = [NSString stringWithFormat:@\"%s\", s_temp];\n    }\n    [pool drain];\n    return 0;\n}\n\n", 
        "csharp_template_tail": "", 
        "lua_template_tail": "", 
        "perl_template_head": ""
    }
}