{
    "status": true, 
    "model": {
        "tagAncestry": [], 
        "solved_count": 21414, 
        "python_template_head": "", 
        "can_solve": true, 
        "clojure_template_head": "", 
        "dynamic": true, 
        "epoch_starttime": null, 
        "difficulty_name": "Easy", 
        "compile_and_test": true, 
        "submit_disabled": false, 
        "objectivec_template_head": "", 
        "company_id": null, 
        "languages": [
            "c", 
            "cpp", 
            "java", 
            "csharp", 
            "php", 
            "ruby", 
            "python", 
            "perl", 
            "haskell", 
            "clojure", 
            "scala", 
            "lua", 
            "go", 
            "javascript", 
            "erlang", 
            "d", 
            "ocaml", 
            "pascal", 
            "python3", 
            "groovy", 
            "objectivec", 
            "fsharp", 
            "visualbasic", 
            "lolcode", 
            "smalltalk", 
            "tcl", 
            "whitespace", 
            "sbcl", 
            "java8", 
            "octave", 
            "racket", 
            "rust", 
            "bash", 
            "r", 
            "swift", 
            "fortran", 
            "cpp14", 
            "coffeescript", 
            "ada", 
            "pypy", 
            "pypy3", 
            "elixir", 
            "kotlin", 
            "julia"
        ], 
        "leaderboard_out_of_sync_message": null, 
        "primary_contest": {
            "migration_status": null, 
            "contest_broadcast": null, 
            "hacker_timelimit": null, 
            "notification": null, 
            "qualification_rule_value": 0, 
            "leaderboard_backend": null, 
            "expose_stats": null, 
            "updated_at": "2017-02-09T00:55:49.000Z", 
            "custom_leaderboard_column_name": null, 
            "organization_type": null, 
            "ended": true, 
            "epoch_starttime": 1462204800, 
            "timezone": "PST", 
            "disable_forum": null, 
            "id": 6894, 
            "primary_track_id": 3, 
            "limited_participants": false, 
            "school_leaderboard_enabled": false, 
            "time_limited_contest": false, 
            "archived": true, 
            "rated": true, 
            "parent_contest_id": null, 
            "leaderboard_out_of_sync_message": null, 
            "leaderboard_type": "country", 
            "tagline": "1 hour to win it!", 
            "effective_epoch_endtime": 1462208400, 
            "show_participants_info": null, 
            "homepage_background_color": null, 
            "organization_name": null, 
            "track": {
                "name": "Algorithms", 
                "id": 3, 
                "priority": 14, 
                "descriptions": "The true test of problem solving: when one realizes that time and memory aren't infinite.\n", 
                "rewards_system_enabled": true, 
                "slug": "algorithms"
            }, 
            "primary_tag_id": 3081, 
            "hide_navigation": null, 
            "show_penalty": true, 
            "effective_time_left": -41146013.161867104, 
            "hidden": null, 
            "homepage": null, 
            "public": true, 
            "testers_contest": null, 
            "description": "Welcome to the 8th edition of HourRank! It's a one-hour rated contest with 3 algorithmic challenges. Are you fast and accurate enough to win it? \n<br>\nThe authors for this round is Artur Ryazanov(tunyash), Samiul Islam(forthright48) and Shafaet.\n", 
            "hide_difficulty": null, 
            "started": true, 
            "time_left": -41146013.15396485, 
            "challenges_count": 3, 
            "qualification_rule_msg": null, 
            "leaderboard_out_of_sync": null, 
            "team_event": false, 
            "disable_fsi": null, 
            "hide_submissions": null, 
            "leaderboard_format": "", 
            "leaderboard_broadcast_message": null, 
            "has_tracks": null, 
            "college_public": false, 
            "endtime": "2016-05-02T17:00:00.000Z", 
            "qualification_rule_type": null, 
            "slug": "hourrank-8", 
            "hide_leaderboard": null, 
            "kind": "", 
            "comment_live_sync": null, 
            "name": "HourRank 8", 
            "is_multi_round": false, 
            "created_at": "2016-04-01T06:04:23.000Z", 
            "epoch_endtime": 1462208400, 
            "company_associated_contest": null, 
            "rating_category": "Algorithms", 
            "has_codesprint_reg_page": null, 
            "starttime": "2016-05-02T16:00:00.000Z", 
            "is_rating_updated": true, 
            "leaderboard_freeze_time": null, 
            "migration_disabled": null, 
            "template_id": 481
        }, 
        "factor": 20, 
        "erlang_template_head": "", 
        "ruby_template_tail": "", 
        "default_language": null, 
        "moderator_or_support": false, 
        "leaderboard_out_of_sync": null, 
        "contest_slug": "master", 
        "python3_template": "#!/bin/python3\n\nimport sys\n\ndef minSteps(n, B):\n    # Complete this function\n\nn = int(input().strip())\nB = input().strip()\nresult = minSteps(n, B)\nprint(result)\n", 
        "name": "Beautiful Binary String", 
        "level": 50, 
        "success_ratio": 0.9480674724398991, 
        "total_count": 22587, 
        "javascript_template_head": "", 
        "codechecker_handle": null, 
        "java_template_tail": "", 
        "migrated_resource": null, 
        "custom_tabs": null, 
        "ruby_template_head": "", 
        "is_skip_band_challenge": false, 
        "python_template_tail": "", 
        "public_test_cases": true, 
        "available_translations": [], 
        "clojure_template_tail": "", 
        "cpp_template": "#include <bits/stdc++.h>\n\nusing namespace std;\n\nint minSteps(int n, string B){\n    // Complete this function\n}\n\nint main() {\n    int n;\n    cin >> n;\n    string B;\n    cin >> B;\n    int result = minSteps(n, B);\n    cout << result << endl;\n    return 0;\n}\n", 
        "c_template_tail": "", 
        "cpp_template_tail": "", 
        "category": "ai", 
        "haskell_template_tail": "", 
        "php_template": "<?php\n\n$handle = fopen (\"php://stdin\", \"r\");\nfunction minSteps($n, $B){\n    // Complete this function\n}\n\nfscanf($handle,\"%d\",$n);\nfscanf($handle,\"%s\",$B);\n$result = minSteps($n, $B);\necho $result . \"\\n\";\n\n?>\n", 
        "perl_template": "#!/usr/bin/perl\n\nsub minSteps {\n   \n}\n\n$n = <STDIN>;\nchomp $n;\n$B = <STDIN>;\nchomp $B;\n$result = minSteps($n, $B);\nprint \"$result\\n\";\n\n", 
        "can_be_viewed": true, 
        "submitted_hackers_count": 22587, 
        "public_solutions": true, 
        "javascript_template_tail": "", 
        "c_template_head": "", 
        "deleted": false, 
        "real_dynamic": false, 
        "php_template_tail": "", 
        "difficulty_score": "0.0", 
        "difficulty": 0.9, 
        "active": true, 
        "slug": "beautiful-binary-string", 
        "show_skeliton": null, 
        "player_count": 2, 
        "is_preview_contest": false, 
        "is_editorial_available": true, 
        "epoch_endtime": null, 
        "cpp_template_head": "", 
        "perl_template_tail": "", 
        "author_avatar": "https://hrcdn.net/s3_pub/hr-avatars/2f8155f1-c82d-4109-943c-3a45ceafb29e/150x150.png", 
        "judgebot_language": null, 
        "php_template_head": "", 
        "java_template": "import java.io.*;\nimport java.util.*;\nimport java.text.*;\nimport java.math.*;\nimport java.util.regex.*;\n\npublic class Solution {\n\n    static int minSteps(int n, String B){\n        // Complete this function\n    }\n\n    public static void main(String[] args) {\n        Scanner in = new Scanner(System.in);\n        int n = in.nextInt();\n        String B = in.next();\n        int result = minSteps(n, B);\n        System.out.println(result);\n    }\n}\n", 
        "python3_template_tail": "", 
        "python_template": "#!/bin/python\n\nimport sys\n\ndef minSteps(n, B):\n    # Complete this function\n\nn = int(raw_input().strip())\nB = raw_input().strip()\nresult = minSteps(n, B)\nprint(result)\n", 
        "color": null, 
        "has_all_test_cases_public": false, 
        "time_left": null, 
        "scala_template": "object Solution {\n\n    def main(args: Array[String]) {\n        val sc = new java.util.Scanner (System.in);\n        var n = sc.nextInt();\n        var B = sc.next();\n    }\n}", 
        "lua_template_head": "", 
        "kind": "code", 
        "is_custom": false, 
        "ruby_template": "#!/bin/ruby\n\ndef minSteps(n, b)\n    # Complete this function\nend\n\nn = gets.strip.to_i\nb = gets.strip\nresult = minSteps(n, b)\nputs result;\n", 
        "haskell_template": "import Control.Applicative\nimport Control.Monad\nimport System.IO\n\n\nmain :: IO ()\nmain = do\n    n_temp <- getLine\n    let n = read n_temp :: Int\n    b <- getLine\n\ngetMultipleLines :: Int -> IO [String]\n\ngetMultipleLines n\n    | n <= 0 = return []\n    | otherwise = do          \n        x <- getLine         \n        xs <- getMultipleLines (n-1)    \n        let ret = (x:xs)    \n        return ret          \n\n", 
        "java8_template": "import java.io.*;\nimport java.util.*;\nimport java.text.*;\nimport java.math.*;\nimport java.util.regex.*;\n\npublic class Solution {\n\n    static int minSteps(int n, String B){\n        // Complete this function\n    }\n\n    public static void main(String[] args) {\n        Scanner in = new Scanner(System.in);\n        int n = in.nextInt();\n        String B = in.next();\n        int result = minSteps(n, B);\n        System.out.println(result);\n    }\n}\n", 
        "solved_score": 0.5, 
        "expert_solution_status": false, 
        "objectivec_template_tail": "", 
        "custom": false, 
        "preview": " How many binary characters must you change to remove every occurrence of \"010\" from a binary string?", 
        "company": null, 
        "is_text": false, 
        "python3_template_head": "", 
        "clojure_template": "(use '[clojure.string :only (split triml)])\n\n(\n        let [\n          n_t (read-line) \n          n (Integer/parseInt n_t) \n        ]\n\n      (\n        let [\n          B (read-line)  \n        ]\n      )\n\n)", 
        "java_template_head": "", 
        "require_unlock": true, 
        "erlang_template_tail": "", 
        "csharp_template": "using System;\nusing System.Collections.Generic;\nusing System.IO;\nusing System.Linq;\nclass Solution {\n\n    static int minSteps(int n, string B){\n        // Complete this function\n    }\n\n    static void Main(String[] args) {\n        int n = Convert.ToInt32(Console.ReadLine());\n        string B = Console.ReadLine();\n        int result = minSteps(n, B);\n        Console.WriteLine(result);\n    }\n}\n", 
        "has_started": true, 
        "erlang_template": "-module(solution).\n-export([main/0]).\n\nmain() ->\n\n    { ok, [N]} = io:fread(\"\", \"~d\"),\n    { ok, [B]} = io:fread(\"\", \"~s\"),\n    true.\n\nread_array(0,D) -> [];\nread_array(N,D) -> \n\t{ok, [X]} = io:fread(\"\", D),\n\t[X | read_array(N-1,D)].\n\nread_2darray(0,M,D) -> [];\nread_2darray(N,M,D) ->\n\tQ=read_array(M,D),\n\t[Q | read_2darray(N-1,M,D)].\n\n", 
        "judgebot": null, 
        "custom_checker_language": null, 
        "custom_case": true, 
        "scala_template_head": "", 
        "topics": [], 
        "updated_at": "2017-07-11T15:52:23.000Z", 
        "author_name": "Shafaet", 
        "onboarding": null, 
        "id": 20389, 
        "lua_template": "n = io.read(\"*number\", \"*l\")\nB = io.read()\n", 
        "has_ended": false, 
        "javascript_template": "process.stdin.resume();\nprocess.stdin.setEncoding('ascii');\n\nvar input_stdin = \"\";\nvar input_stdin_array = \"\";\nvar input_currentline = 0;\n\nprocess.stdin.on('data', function (data) {\n    input_stdin += data;\n});\n\nprocess.stdin.on('end', function () {\n    input_stdin_array = input_stdin.split(\"\\n\");\n    main();    \n});\n\nfunction readLine() {\n    return input_stdin_array[input_currentline++];\n}\n\n/////////////// ignore above this line ////////////////////\n\nfunction minSteps(n, B){\n    // Complete this function\n}\n\nfunction main() {\n    var n = parseInt(readLine());\n    var B = readLine();\n    var result = minSteps(n, B);\n    process.stdout.write(\"\"+result+\"\\n\");\n\n}\n", 
        "c_template": "#include <math.h>\n#include <stdio.h>\n#include <string.h>\n#include <stdlib.h>\n#include <assert.h>\n#include <limits.h>\n#include <stdbool.h>\n\nint minSteps(int n, char* B){\n    // Complete this function\n}\n\nint main() {\n    int n; \n    scanf(\"%d\",&n);\n    char* B = (char *)malloc(512000 * sizeof(char));\n    scanf(\"%s\",B);\n    int result = minSteps(n, B);\n    printf(\"%d\\n\", result);\n    return 0;\n}\n", 
        "is_solution_unlocked": false, 
        "checker_program": null, 
        "scala_template_tail": "", 
        "status": null, 
        "hacker": {
            "username": "HackerRank", 
            "is_admin": true, 
            "id": 15055, 
            "avatar": "https://hrcdn.net/s3_pub/hr-avatars/4c95f96b-1ff9-46ed-98f8-cb3cb4ed8834/150x150.png"
        }, 
        "track": {
            "name": "Strings", 
            "taxonomy": 1, 
            "track_slug": "algorithms", 
            "track_id": 3, 
            "track_name": "Algorithms", 
            "id": 34, 
            "rewards_system_enabled": true, 
            "slug": "strings"
        }, 
        "csharp_template_head": "", 
        "body_html": "<div class='challenge_problem_statement'><div class='msB challenge_problem_statement_body'><div class='hackdown-content'><style id=\"MathJax_SVG_styles\">.MathJax_SVG_Display {text-align: center; margin: 1em 0em; position: relative; display: block!important; text-indent: 0; max-width: none; max-height: none; min-width: 0; min-height: 0; width: 100%}\n.MathJax_SVG .MJX-monospace {font-family: monospace}\n.MathJax_SVG .MJX-sans-serif {font-family: sans-serif}\n.MathJax_SVG {display: inline; font-style: normal; font-weight: normal; line-height: normal; font-size: 100%; font-size-adjust: none; text-indent: 0; text-align: left; text-transform: none; letter-spacing: normal; word-spacing: normal; word-wrap: normal; white-space: nowrap; float: none; direction: ltr; max-width: none; max-height: none; min-width: 0; min-height: 0; border: 0; padding: 0; margin: 0}\n.MathJax_SVG * {transition: none; -webkit-transition: none; -moz-transition: none; -ms-transition: none; -o-transition: none}\n.mjx-svg-href {fill: blue; stroke: blue}\n</style><svg style=\"display: none;\"><defs id=\"MathJax_SVG_glyphs\"></defs></svg><p>Alice has a <a href=\"https://www.ics.uci.edu/~alspaugh/cls/shr/binaryString.html\">binary string</a>, <span style=\"font-size: 100%; display: inline-block;\" class=\"MathJax_SVG\" id=\"MathJax-Element-1-Frame\"><svg xmlns:xlink=\"http://www.w3.org/1999/xlink\" width=\"1.764ex\" height=\"2.176ex\" style=\"vertical-align: -0.338ex;\" viewBox=\"0 -791.3 759.5 936.9\" role=\"img\" focusable=\"false\"><g stroke=\"currentColor\" fill=\"currentColor\" stroke-width=\"0\" transform=\"matrix(1 0 0 -1 0 0)\"><path stroke-width=\"1\" d=\"M231 637Q204 637 199 638T194 649Q194 676 205 682Q206 683 335 683Q594 683 608 681Q671 671 713 636T756 544Q756 480 698 429T565 360L555 357Q619 348 660 311T702 219Q702 146 630 78T453 1Q446 0 242 0Q42 0 39 2Q35 5 35 10Q35 17 37 24Q42 43 47 45Q51 46 62 46H68Q95 46 128 49Q142 52 147 61Q150 65 219 339T288 628Q288 635 231 637ZM649 544Q649 574 634 600T585 634Q578 636 493 637Q473 637 451 637T416 636H403Q388 635 384 626Q382 622 352 506Q352 503 351 500L320 374H401Q482 374 494 376Q554 386 601 434T649 544ZM595 229Q595 273 572 302T512 336Q506 337 429 337Q311 337 310 336Q310 334 293 263T258 122L240 52Q240 48 252 48T333 46Q422 46 429 47Q491 54 543 105T595 229Z\"></path></g></svg></span>, of length <span style=\"font-size: 100%; display: inline-block;\" class=\"MathJax_SVG\" id=\"MathJax-Element-2-Frame\"><svg xmlns:xlink=\"http://www.w3.org/1999/xlink\" width=\"1.395ex\" height=\"1.676ex\" style=\"vertical-align: -0.338ex;\" viewBox=\"0 -576.1 600.5 721.6\" role=\"img\" focusable=\"false\"><g stroke=\"currentColor\" fill=\"currentColor\" stroke-width=\"0\" transform=\"matrix(1 0 0 -1 0 0)\"><path stroke-width=\"1\" d=\"M21 287Q22 293 24 303T36 341T56 388T89 425T135 442Q171 442 195 424T225 390T231 369Q231 367 232 367L243 378Q304 442 382 442Q436 442 469 415T503 336T465 179T427 52Q427 26 444 26Q450 26 453 27Q482 32 505 65T540 145Q542 153 560 153Q580 153 580 145Q580 144 576 130Q568 101 554 73T508 17T439 -10Q392 -10 371 17T350 73Q350 92 386 193T423 345Q423 404 379 404H374Q288 404 229 303L222 291L189 157Q156 26 151 16Q138 -11 108 -11Q95 -11 87 -5T76 7T74 17Q74 30 112 180T152 343Q153 348 153 366Q153 405 129 405Q91 405 66 305Q60 285 60 284Q58 278 41 278H27Q21 284 21 287Z\"></path></g></svg></span>. She thinks a binary string is beautiful if and only if it doesn't contain the <a href=\"https://en.wikipedia.org/wiki/Substring\">substring</a> <span style=\"font-size: 100%; display: inline-block;\" class=\"MathJax_SVG\" id=\"MathJax-Element-3-Frame\"><svg xmlns:xlink=\"http://www.w3.org/1999/xlink\" width=\"6.103ex\" height=\"2.009ex\" style=\"vertical-align: -0.338ex;\" viewBox=\"0 -719.6 2627.5 865.1\" role=\"img\" focusable=\"false\"><g stroke=\"currentColor\" fill=\"currentColor\" stroke-width=\"0\" transform=\"matrix(1 0 0 -1 0 0)\"><path stroke-width=\"1\" d=\"M122 575Q122 593 137 608T173 623Q196 623 210 608T225 575Q225 562 218 464Q212 373 211 361T201 341Q193 333 173 333Q154 333 146 341Q138 348 137 360T129 464Q122 561 122 575ZM299 575Q299 593 314 608T350 623Q373 623 387 608T402 575Q402 562 395 464Q389 373 388 361T378 341Q370 333 350 333Q331 333 323 341Q315 348 314 360T306 464Q299 561 299 575Z\"></path><path stroke-width=\"1\" d=\"M42 305Q42 450 111 535T257 621Q335 621 390 562Q482 468 482 306Q482 174 418 82T262 -10T106 82T42 305ZM257 545Q209 545 168 481T126 320Q126 220 162 147Q204 65 262 65Q318 65 358 139T398 320V328Q395 411 364 470T284 543Q270 545 257 545Z\" transform=\"translate(525,0)\"></path><path stroke-width=\"1\" d=\"M99 461Q99 470 99 474T104 487T120 498T151 502Q213 517 251 596Q264 622 283 622Q308 622 319 597V76H373H401Q428 76 439 69T450 38Q450 11 428 1H127Q104 10 104 38Q104 62 115 69T153 76H181H235V269Q235 461 234 461Q184 426 137 424H133Q124 424 119 425T109 431T99 447V461Z\" transform=\"translate(1051,0)\"></path><path stroke-width=\"1\" d=\"M42 305Q42 450 111 535T257 621Q335 621 390 562Q482 468 482 306Q482 174 418 82T262 -10T106 82T42 305ZM257 545Q209 545 168 481T126 320Q126 220 162 147Q204 65 262 65Q318 65 358 139T398 320V328Q395 411 364 470T284 543Q270 545 257 545Z\" transform=\"translate(1576,0)\"></path><path stroke-width=\"1\" d=\"M122 575Q122 593 137 608T173 623Q196 623 210 608T225 575Q225 562 218 464Q212 373 211 361T201 341Q193 333 173 333Q154 333 146 341Q138 348 137 360T129 464Q122 561 122 575ZM299 575Q299 593 314 608T350 623Q373 623 387 608T402 575Q402 562 395 464Q389 373 388 361T378 341Q370 333 350 333Q331 333 323 341Q315 348 314 360T306 464Q299 561 299 575Z\" transform=\"translate(2102,0)\"></path></g></svg></span>. </p>\n\n<p>In one step, Alice can change a <span style=\"font-size: 100%; display: inline-block;\" class=\"MathJax_SVG\" id=\"MathJax-Element-4-Frame\"><svg xmlns:xlink=\"http://www.w3.org/1999/xlink\" width=\"1.162ex\" height=\"2.176ex\" style=\"vertical-align: -0.338ex;\" viewBox=\"0 -791.3 500.5 936.9\" role=\"img\" focusable=\"false\"><g stroke=\"currentColor\" fill=\"currentColor\" stroke-width=\"0\" transform=\"matrix(1 0 0 -1 0 0)\"><path stroke-width=\"1\" d=\"M96 585Q152 666 249 666Q297 666 345 640T423 548Q460 465 460 320Q460 165 417 83Q397 41 362 16T301 -15T250 -22Q224 -22 198 -16T137 16T82 83Q39 165 39 320Q39 494 96 585ZM321 597Q291 629 250 629Q208 629 178 597Q153 571 145 525T137 333Q137 175 145 125T181 46Q209 16 250 16Q290 16 318 46Q347 76 354 130T362 333Q362 478 354 524T321 597Z\"></path></g></svg></span> to a <span style=\"font-size: 100%; display: inline-block;\" class=\"MathJax_SVG\" id=\"MathJax-Element-5-Frame\"><svg xmlns:xlink=\"http://www.w3.org/1999/xlink\" width=\"1.162ex\" height=\"2.176ex\" style=\"vertical-align: -0.338ex;\" viewBox=\"0 -791.3 500.5 936.9\" role=\"img\" focusable=\"false\"><g stroke=\"currentColor\" fill=\"currentColor\" stroke-width=\"0\" transform=\"matrix(1 0 0 -1 0 0)\"><path stroke-width=\"1\" d=\"M213 578L200 573Q186 568 160 563T102 556H83V602H102Q149 604 189 617T245 641T273 663Q275 666 285 666Q294 666 302 660V361L303 61Q310 54 315 52T339 48T401 46H427V0H416Q395 3 257 3Q121 3 100 0H88V46H114Q136 46 152 46T177 47T193 50T201 52T207 57T213 61V578Z\"></path></g></svg></span> (or vice-versa). Count and print the minimum number of steps needed to make Alice see the string as beautiful.</p></div></div></div><div class='challenge_input_format'><div class='msB challenge_input_format_title'><p><strong>Input Format</strong></p></div><div class='msB challenge_input_format_body'><div class='hackdown-content'><style id=\"MathJax_SVG_styles\">.MathJax_SVG_Display {text-align: center; margin: 1em 0em; position: relative; display: block!important; text-indent: 0; max-width: none; max-height: none; min-width: 0; min-height: 0; width: 100%}\n.MathJax_SVG .MJX-monospace {font-family: monospace}\n.MathJax_SVG .MJX-sans-serif {font-family: sans-serif}\n.MathJax_SVG {display: inline; font-style: normal; font-weight: normal; line-height: normal; font-size: 100%; font-size-adjust: none; text-indent: 0; text-align: left; text-transform: none; letter-spacing: normal; word-spacing: normal; word-wrap: normal; white-space: nowrap; float: none; direction: ltr; max-width: none; max-height: none; min-width: 0; min-height: 0; border: 0; padding: 0; margin: 0}\n.MathJax_SVG * {transition: none; -webkit-transition: none; -moz-transition: none; -ms-transition: none; -o-transition: none}\n.mjx-svg-href {fill: blue; stroke: blue}\n</style><svg style=\"display: none;\"><defs id=\"MathJax_SVG_glyphs\"></defs></svg><p>The first line contains an integer, <span style=\"font-size: 100%; display: inline-block;\" class=\"MathJax_SVG\" id=\"MathJax-Element-1-Frame\"><svg xmlns:xlink=\"http://www.w3.org/1999/xlink\" width=\"1.395ex\" height=\"1.676ex\" style=\"vertical-align: -0.338ex;\" viewBox=\"0 -576.1 600.5 721.6\" role=\"img\" focusable=\"false\"><g stroke=\"currentColor\" fill=\"currentColor\" stroke-width=\"0\" transform=\"matrix(1 0 0 -1 0 0)\"><path stroke-width=\"1\" d=\"M21 287Q22 293 24 303T36 341T56 388T89 425T135 442Q171 442 195 424T225 390T231 369Q231 367 232 367L243 378Q304 442 382 442Q436 442 469 415T503 336T465 179T427 52Q427 26 444 26Q450 26 453 27Q482 32 505 65T540 145Q542 153 560 153Q580 153 580 145Q580 144 576 130Q568 101 554 73T508 17T439 -10Q392 -10 371 17T350 73Q350 92 386 193T423 345Q423 404 379 404H374Q288 404 229 303L222 291L189 157Q156 26 151 16Q138 -11 108 -11Q95 -11 87 -5T76 7T74 17Q74 30 112 180T152 343Q153 348 153 366Q153 405 129 405Q91 405 66 305Q60 285 60 284Q58 278 41 278H27Q21 284 21 287Z\"></path></g></svg></span> (the length of binary string <span style=\"font-size: 100%; display: inline-block;\" class=\"MathJax_SVG\" id=\"MathJax-Element-2-Frame\"><svg xmlns:xlink=\"http://www.w3.org/1999/xlink\" width=\"1.764ex\" height=\"2.176ex\" style=\"vertical-align: -0.338ex;\" viewBox=\"0 -791.3 759.5 936.9\" role=\"img\" focusable=\"false\"><g stroke=\"currentColor\" fill=\"currentColor\" stroke-width=\"0\" transform=\"matrix(1 0 0 -1 0 0)\"><path stroke-width=\"1\" d=\"M231 637Q204 637 199 638T194 649Q194 676 205 682Q206 683 335 683Q594 683 608 681Q671 671 713 636T756 544Q756 480 698 429T565 360L555 357Q619 348 660 311T702 219Q702 146 630 78T453 1Q446 0 242 0Q42 0 39 2Q35 5 35 10Q35 17 37 24Q42 43 47 45Q51 46 62 46H68Q95 46 128 49Q142 52 147 61Q150 65 219 339T288 628Q288 635 231 637ZM649 544Q649 574 634 600T585 634Q578 636 493 637Q473 637 451 637T416 636H403Q388 635 384 626Q382 622 352 506Q352 503 351 500L320 374H401Q482 374 494 376Q554 386 601 434T649 544ZM595 229Q595 273 572 302T512 336Q506 337 429 337Q311 337 310 336Q310 334 293 263T258 122L240 52Q240 48 252 48T333 46Q422 46 429 47Q491 54 543 105T595 229Z\"></path></g></svg></span>). <br>\nThe second line contains a single binary string, <span style=\"font-size: 100%; display: inline-block;\" class=\"MathJax_SVG\" id=\"MathJax-Element-3-Frame\"><svg xmlns:xlink=\"http://www.w3.org/1999/xlink\" width=\"1.764ex\" height=\"2.176ex\" style=\"vertical-align: -0.338ex;\" viewBox=\"0 -791.3 759.5 936.9\" role=\"img\" focusable=\"false\"><g stroke=\"currentColor\" fill=\"currentColor\" stroke-width=\"0\" transform=\"matrix(1 0 0 -1 0 0)\"><path stroke-width=\"1\" d=\"M231 637Q204 637 199 638T194 649Q194 676 205 682Q206 683 335 683Q594 683 608 681Q671 671 713 636T756 544Q756 480 698 429T565 360L555 357Q619 348 660 311T702 219Q702 146 630 78T453 1Q446 0 242 0Q42 0 39 2Q35 5 35 10Q35 17 37 24Q42 43 47 45Q51 46 62 46H68Q95 46 128 49Q142 52 147 61Q150 65 219 339T288 628Q288 635 231 637ZM649 544Q649 574 634 600T585 634Q578 636 493 637Q473 637 451 637T416 636H403Q388 635 384 626Q382 622 352 506Q352 503 351 500L320 374H401Q482 374 494 376Q554 386 601 434T649 544ZM595 229Q595 273 572 302T512 336Q506 337 429 337Q311 337 310 336Q310 334 293 263T258 122L240 52Q240 48 252 48T333 46Q422 46 429 47Q491 54 543 105T595 229Z\"></path></g></svg></span>, of length <span style=\"font-size: 100%; display: inline-block;\" class=\"MathJax_SVG\" id=\"MathJax-Element-4-Frame\"><svg xmlns:xlink=\"http://www.w3.org/1999/xlink\" width=\"1.395ex\" height=\"1.676ex\" style=\"vertical-align: -0.338ex;\" viewBox=\"0 -576.1 600.5 721.6\" role=\"img\" focusable=\"false\"><g stroke=\"currentColor\" fill=\"currentColor\" stroke-width=\"0\" transform=\"matrix(1 0 0 -1 0 0)\"><path stroke-width=\"1\" d=\"M21 287Q22 293 24 303T36 341T56 388T89 425T135 442Q171 442 195 424T225 390T231 369Q231 367 232 367L243 378Q304 442 382 442Q436 442 469 415T503 336T465 179T427 52Q427 26 444 26Q450 26 453 27Q482 32 505 65T540 145Q542 153 560 153Q580 153 580 145Q580 144 576 130Q568 101 554 73T508 17T439 -10Q392 -10 371 17T350 73Q350 92 386 193T423 345Q423 404 379 404H374Q288 404 229 303L222 291L189 157Q156 26 151 16Q138 -11 108 -11Q95 -11 87 -5T76 7T74 17Q74 30 112 180T152 343Q153 348 153 366Q153 405 129 405Q91 405 66 305Q60 285 60 284Q58 278 41 278H27Q21 284 21 287Z\"></path></g></svg></span>.</p></div></div></div><div class='challenge_constraints'><div class='msB challenge_constraints_title'><p><strong>Constraints</strong></p></div><div class='msB challenge_constraints_body'><div class='hackdown-content'><style id=\"MathJax_SVG_styles\">.MathJax_SVG_Display {text-align: center; margin: 1em 0em; position: relative; display: block!important; text-indent: 0; max-width: none; max-height: none; min-width: 0; min-height: 0; width: 100%}\n.MathJax_SVG .MJX-monospace {font-family: monospace}\n.MathJax_SVG .MJX-sans-serif {font-family: sans-serif}\n.MathJax_SVG {display: inline; font-style: normal; font-weight: normal; line-height: normal; font-size: 100%; font-size-adjust: none; text-indent: 0; text-align: left; text-transform: none; letter-spacing: normal; word-spacing: normal; word-wrap: normal; white-space: nowrap; float: none; direction: ltr; max-width: none; max-height: none; min-width: 0; min-height: 0; border: 0; padding: 0; margin: 0}\n.MathJax_SVG * {transition: none; -webkit-transition: none; -moz-transition: none; -ms-transition: none; -o-transition: none}\n.mjx-svg-href {fill: blue; stroke: blue}\n</style><svg style=\"display: none;\"><defs id=\"MathJax_SVG_glyphs\"></defs></svg><ul>\n<li><span style=\"font-size: 100%; display: inline-block;\" class=\"MathJax_SVG\" id=\"MathJax-Element-1-Frame\"><svg xmlns:xlink=\"http://www.w3.org/1999/xlink\" width=\"12.241ex\" height=\"2.343ex\" style=\"vertical-align: -0.505ex;\" viewBox=\"0 -791.3 5270.6 1008.6\" role=\"img\" focusable=\"false\"><g stroke=\"currentColor\" fill=\"currentColor\" stroke-width=\"0\" transform=\"matrix(1 0 0 -1 0 0)\"><path stroke-width=\"1\" d=\"M213 578L200 573Q186 568 160 563T102 556H83V602H102Q149 604 189 617T245 641T273 663Q275 666 285 666Q294 666 302 660V361L303 61Q310 54 315 52T339 48T401 46H427V0H416Q395 3 257 3Q121 3 100 0H88V46H114Q136 46 152 46T177 47T193 50T201 52T207 57T213 61V578Z\"></path><g transform=\"translate(778,0)\"><path stroke-width=\"1\" d=\"M674 636Q682 636 688 630T694 615T687 601Q686 600 417 472L151 346L399 228Q687 92 691 87Q694 81 694 76Q694 58 676 56H670L382 192Q92 329 90 331Q83 336 83 348Q84 359 96 365Q104 369 382 500T665 634Q669 636 674 636ZM84 -118Q84 -108 99 -98H678Q694 -104 694 -118Q694 -130 679 -138H98Q84 -131 84 -118Z\"></path></g><g transform=\"translate(1834,0)\"><path stroke-width=\"1\" d=\"M21 287Q22 293 24 303T36 341T56 388T89 425T135 442Q171 442 195 424T225 390T231 369Q231 367 232 367L243 378Q304 442 382 442Q436 442 469 415T503 336T465 179T427 52Q427 26 444 26Q450 26 453 27Q482 32 505 65T540 145Q542 153 560 153Q580 153 580 145Q580 144 576 130Q568 101 554 73T508 17T439 -10Q392 -10 371 17T350 73Q350 92 386 193T423 345Q423 404 379 404H374Q288 404 229 303L222 291L189 157Q156 26 151 16Q138 -11 108 -11Q95 -11 87 -5T76 7T74 17Q74 30 112 180T152 343Q153 348 153 366Q153 405 129 405Q91 405 66 305Q60 285 60 284Q58 278 41 278H27Q21 284 21 287Z\"></path></g><g transform=\"translate(2712,0)\"><path stroke-width=\"1\" d=\"M674 636Q682 636 688 630T694 615T687 601Q686 600 417 472L151 346L399 228Q687 92 691 87Q694 81 694 76Q694 58 676 56H670L382 192Q92 329 90 331Q83 336 83 348Q84 359 96 365Q104 369 382 500T665 634Q669 636 674 636ZM84 -118Q84 -108 99 -98H678Q694 -104 694 -118Q694 -130 679 -138H98Q84 -131 84 -118Z\"></path></g><g transform=\"translate(3769,0)\"><path stroke-width=\"1\" d=\"M213 578L200 573Q186 568 160 563T102 556H83V602H102Q149 604 189 617T245 641T273 663Q275 666 285 666Q294 666 302 660V361L303 61Q310 54 315 52T339 48T401 46H427V0H416Q395 3 257 3Q121 3 100 0H88V46H114Q136 46 152 46T177 47T193 50T201 52T207 57T213 61V578Z\"></path><path stroke-width=\"1\" d=\"M96 585Q152 666 249 666Q297 666 345 640T423 548Q460 465 460 320Q460 165 417 83Q397 41 362 16T301 -15T250 -22Q224 -22 198 -16T137 16T82 83Q39 165 39 320Q39 494 96 585ZM321 597Q291 629 250 629Q208 629 178 597Q153 571 145 525T137 333Q137 175 145 125T181 46Q209 16 250 16Q290 16 318 46Q347 76 354 130T362 333Q362 478 354 524T321 597Z\" transform=\"translate(500,0)\"></path><path stroke-width=\"1\" d=\"M96 585Q152 666 249 666Q297 666 345 640T423 548Q460 465 460 320Q460 165 417 83Q397 41 362 16T301 -15T250 -22Q224 -22 198 -16T137 16T82 83Q39 165 39 320Q39 494 96 585ZM321 597Q291 629 250 629Q208 629 178 597Q153 571 145 525T137 333Q137 175 145 125T181 46Q209 16 250 16Q290 16 318 46Q347 76 354 130T362 333Q362 478 354 524T321 597Z\" transform=\"translate(1001,0)\"></path></g></g></svg></span></li>\n<li>Each character in <span style=\"font-size: 100%; display: inline-block;\" class=\"MathJax_SVG\" id=\"MathJax-Element-2-Frame\"><svg xmlns:xlink=\"http://www.w3.org/1999/xlink\" width=\"10.288ex\" height=\"2.843ex\" style=\"vertical-align: -0.838ex;\" viewBox=\"0 -863.1 4429.7 1223.9\" role=\"img\" focusable=\"false\"><g stroke=\"currentColor\" fill=\"currentColor\" stroke-width=\"0\" transform=\"matrix(1 0 0 -1 0 0)\"><path stroke-width=\"1\" d=\"M231 637Q204 637 199 638T194 649Q194 676 205 682Q206 683 335 683Q594 683 608 681Q671 671 713 636T756 544Q756 480 698 429T565 360L555 357Q619 348 660 311T702 219Q702 146 630 78T453 1Q446 0 242 0Q42 0 39 2Q35 5 35 10Q35 17 37 24Q42 43 47 45Q51 46 62 46H68Q95 46 128 49Q142 52 147 61Q150 65 219 339T288 628Q288 635 231 637ZM649 544Q649 574 634 600T585 634Q578 636 493 637Q473 637 451 637T416 636H403Q388 635 384 626Q382 622 352 506Q352 503 351 500L320 374H401Q482 374 494 376Q554 386 601 434T649 544ZM595 229Q595 273 572 302T512 336Q506 337 429 337Q311 337 310 336Q310 334 293 263T258 122L240 52Q240 48 252 48T333 46Q422 46 429 47Q491 54 543 105T595 229Z\"></path><g transform=\"translate(1037,0)\"><path stroke-width=\"1\" d=\"M84 250Q84 372 166 450T360 539Q361 539 377 539T419 540T469 540H568Q583 532 583 520Q583 511 570 501L466 500Q355 499 329 494Q280 482 242 458T183 409T147 354T129 306T124 272V270H568Q583 262 583 250T568 230H124V228Q124 207 134 177T167 112T231 48T328 7Q355 1 466 0H570Q583 -10 583 -20Q583 -32 568 -40H471Q464 -40 446 -40T417 -41Q262 -41 172 45Q84 127 84 250Z\"></path></g><g transform=\"translate(1982,0)\"><path stroke-width=\"1\" d=\"M434 -231Q434 -244 428 -250H410Q281 -250 230 -184Q225 -177 222 -172T217 -161T213 -148T211 -133T210 -111T209 -84T209 -47T209 0Q209 21 209 53Q208 142 204 153Q203 154 203 155Q189 191 153 211T82 231Q71 231 68 234T65 250T68 266T82 269Q116 269 152 289T203 345Q208 356 208 377T209 529V579Q209 634 215 656T244 698Q270 724 324 740Q361 748 377 749Q379 749 390 749T408 750H428Q434 744 434 732Q434 719 431 716Q429 713 415 713Q362 710 332 689T296 647Q291 634 291 499V417Q291 370 288 353T271 314Q240 271 184 255L170 250L184 245Q202 239 220 230T262 196T290 137Q291 131 291 1Q291 -134 296 -147Q306 -174 339 -192T415 -213Q429 -213 431 -216Q434 -219 434 -231Z\"></path></g><g transform=\"translate(2483,0)\"><path stroke-width=\"1\" d=\"M96 585Q152 666 249 666Q297 666 345 640T423 548Q460 465 460 320Q460 165 417 83Q397 41 362 16T301 -15T250 -22Q224 -22 198 -16T137 16T82 83Q39 165 39 320Q39 494 96 585ZM321 597Q291 629 250 629Q208 629 178 597Q153 571 145 525T137 333Q137 175 145 125T181 46Q209 16 250 16Q290 16 318 46Q347 76 354 130T362 333Q362 478 354 524T321 597Z\"></path></g><g transform=\"translate(2983,0)\"><path stroke-width=\"1\" d=\"M78 35T78 60T94 103T137 121Q165 121 187 96T210 8Q210 -27 201 -60T180 -117T154 -158T130 -185T117 -194Q113 -194 104 -185T95 -172Q95 -168 106 -156T131 -126T157 -76T173 -3V9L172 8Q170 7 167 6T161 3T152 1T140 0Q113 0 96 17Z\"></path></g><g transform=\"translate(3428,0)\"><path stroke-width=\"1\" d=\"M213 578L200 573Q186 568 160 563T102 556H83V602H102Q149 604 189 617T245 641T273 663Q275 666 285 666Q294 666 302 660V361L303 61Q310 54 315 52T339 48T401 46H427V0H416Q395 3 257 3Q121 3 100 0H88V46H114Q136 46 152 46T177 47T193 50T201 52T207 57T213 61V578Z\"></path></g><g transform=\"translate(3929,0)\"><path stroke-width=\"1\" d=\"M65 731Q65 745 68 747T88 750Q171 750 216 725T279 670Q288 649 289 635T291 501Q292 362 293 357Q306 312 345 291T417 269Q428 269 431 266T434 250T431 234T417 231Q380 231 345 210T298 157Q293 143 292 121T291 -28V-79Q291 -134 285 -156T256 -198Q202 -250 89 -250Q71 -250 68 -247T65 -230Q65 -224 65 -223T66 -218T69 -214T77 -213Q91 -213 108 -210T146 -200T183 -177T207 -139Q208 -134 209 3L210 139Q223 196 280 230Q315 247 330 250Q305 257 280 270Q225 304 212 352L210 362L209 498Q208 635 207 640Q195 680 154 696T77 713Q68 713 67 716T65 731Z\"></path></g></g></svg></span>.</li>\n</ul></div></div></div><div class='challenge_output_format'><div class='msB challenge_output_format_title'><p><strong>Output Format</strong></p></div><div class='msB challenge_output_format_body'><div class='hackdown-content'><style id=\"MathJax_SVG_styles\">.MathJax_SVG_Display {text-align: center; margin: 1em 0em; position: relative; display: block!important; text-indent: 0; max-width: none; max-height: none; min-width: 0; min-height: 0; width: 100%}\n.MathJax_SVG .MJX-monospace {font-family: monospace}\n.MathJax_SVG .MJX-sans-serif {font-family: sans-serif}\n.MathJax_SVG {display: inline; font-style: normal; font-weight: normal; line-height: normal; font-size: 100%; font-size-adjust: none; text-indent: 0; text-align: left; text-transform: none; letter-spacing: normal; word-spacing: normal; word-wrap: normal; white-space: nowrap; float: none; direction: ltr; max-width: none; max-height: none; min-width: 0; min-height: 0; border: 0; padding: 0; margin: 0}\n.MathJax_SVG * {transition: none; -webkit-transition: none; -moz-transition: none; -ms-transition: none; -o-transition: none}\n.mjx-svg-href {fill: blue; stroke: blue}\n</style><svg style=\"display: none;\"><defs id=\"MathJax_SVG_glyphs\"></defs></svg><p>Print the minimum number of steps needed to make the string beautiful.</p>\n\n<p><strong>Sample Input 0</strong></p>\n\n<pre><code>7\n0101010\n</code></pre>\n\n<p><strong>Sample Output 0</strong></p>\n\n<pre><code>2\n</code></pre>\n\n<p><strong>Sample Input 1</strong></p>\n\n<pre><code>5\n01100\n</code></pre>\n\n<p><strong>Sample Output 1</strong></p>\n\n<pre><code>0\n</code></pre>\n\n<p><strong>Sample Input 2</strong></p>\n\n<pre><code>10\n0100101010\n</code></pre>\n\n<p><strong>Sample Output 2</strong></p>\n\n<pre><code>3\n</code></pre></div></div></div><div class='challenge_explanation'><div class='msB challenge_explanation_title'><p><strong>Explanation</strong></p></div><div class='msB challenge_explanation_body'><div class='hackdown-content'><style id=\"MathJax_SVG_styles\">.MathJax_SVG_Display {text-align: center; margin: 1em 0em; position: relative; display: block!important; text-indent: 0; max-width: none; max-height: none; min-width: 0; min-height: 0; width: 100%}\n.MathJax_SVG .MJX-monospace {font-family: monospace}\n.MathJax_SVG .MJX-sans-serif {font-family: sans-serif}\n.MathJax_SVG {display: inline; font-style: normal; font-weight: normal; line-height: normal; font-size: 100%; font-size-adjust: none; text-indent: 0; text-align: left; text-transform: none; letter-spacing: normal; word-spacing: normal; word-wrap: normal; white-space: nowrap; float: none; direction: ltr; max-width: none; max-height: none; min-width: 0; min-height: 0; border: 0; padding: 0; margin: 0}\n.MathJax_SVG * {transition: none; -webkit-transition: none; -moz-transition: none; -ms-transition: none; -o-transition: none}\n.mjx-svg-href {fill: blue; stroke: blue}\n</style><svg style=\"display: none;\"><defs id=\"MathJax_SVG_glyphs\"></defs></svg><p><strong>Sample Case 0:</strong> </p>\n\n<p>In this sample, <span style=\"font-size: 100%; display: inline-block;\" class=\"MathJax_SVG\" id=\"MathJax-Element-1-Frame\"><svg xmlns:xlink=\"http://www.w3.org/1999/xlink\" width=\"15.325ex\" height=\"2.176ex\" style=\"vertical-align: -0.338ex;\" viewBox=\"0 -791.3 6598.1 936.9\" role=\"img\" focusable=\"false\"><g stroke=\"currentColor\" fill=\"currentColor\" stroke-width=\"0\" transform=\"matrix(1 0 0 -1 0 0)\"><path stroke-width=\"1\" d=\"M231 637Q204 637 199 638T194 649Q194 676 205 682Q206 683 335 683Q594 683 608 681Q671 671 713 636T756 544Q756 480 698 429T565 360L555 357Q619 348 660 311T702 219Q702 146 630 78T453 1Q446 0 242 0Q42 0 39 2Q35 5 35 10Q35 17 37 24Q42 43 47 45Q51 46 62 46H68Q95 46 128 49Q142 52 147 61Q150 65 219 339T288 628Q288 635 231 637ZM649 544Q649 574 634 600T585 634Q578 636 493 637Q473 637 451 637T416 636H403Q388 635 384 626Q382 622 352 506Q352 503 351 500L320 374H401Q482 374 494 376Q554 386 601 434T649 544ZM595 229Q595 273 572 302T512 336Q506 337 429 337Q311 337 310 336Q310 334 293 263T258 122L240 52Q240 48 252 48T333 46Q422 46 429 47Q491 54 543 105T595 229Z\"></path><g transform=\"translate(1037,0)\"><path stroke-width=\"1\" d=\"M56 347Q56 360 70 367H707Q722 359 722 347Q722 336 708 328L390 327H72Q56 332 56 347ZM56 153Q56 168 72 173H708Q722 163 722 153Q722 140 707 133H70Q56 140 56 153Z\"></path></g><g transform=\"translate(2093,0)\"><path stroke-width=\"1\" d=\"M34 634Q34 659 50 676T93 694Q121 694 144 668T168 579Q168 525 146 476T101 403T73 379Q69 379 60 388T50 401Q50 404 62 417T88 448T116 500T131 572Q131 584 130 584T125 581T112 576T94 573Q69 573 52 590T34 634ZM238 634Q238 659 254 676T297 694Q325 694 348 668T372 579Q372 525 350 476T305 403T277 379Q273 379 264 388T254 401Q254 404 266 417T292 448T320 500T335 572Q335 584 334 584T329 581T316 576T298 573Q273 573 256 590T238 634Z\"></path><path stroke-width=\"1\" d=\"M96 585Q152 666 249 666Q297 666 345 640T423 548Q460 465 460 320Q460 165 417 83Q397 41 362 16T301 -15T250 -22Q224 -22 198 -16T137 16T82 83Q39 165 39 320Q39 494 96 585ZM321 597Q291 629 250 629Q208 629 178 597Q153 571 145 525T137 333Q137 175 145 125T181 46Q209 16 250 16Q290 16 318 46Q347 76 354 130T362 333Q362 478 354 524T321 597Z\" transform=\"translate(500,0)\"></path><path stroke-width=\"1\" d=\"M213 578L200 573Q186 568 160 563T102 556H83V602H102Q149 604 189 617T245 641T273 663Q275 666 285 666Q294 666 302 660V361L303 61Q310 54 315 52T339 48T401 46H427V0H416Q395 3 257 3Q121 3 100 0H88V46H114Q136 46 152 46T177 47T193 50T201 52T207 57T213 61V578Z\" transform=\"translate(1001,0)\"></path><path stroke-width=\"1\" d=\"M96 585Q152 666 249 666Q297 666 345 640T423 548Q460 465 460 320Q460 165 417 83Q397 41 362 16T301 -15T250 -22Q224 -22 198 -16T137 16T82 83Q39 165 39 320Q39 494 96 585ZM321 597Q291 629 250 629Q208 629 178 597Q153 571 145 525T137 333Q137 175 145 125T181 46Q209 16 250 16Q290 16 318 46Q347 76 354 130T362 333Q362 478 354 524T321 597Z\" transform=\"translate(1501,0)\"></path><path stroke-width=\"1\" d=\"M213 578L200 573Q186 568 160 563T102 556H83V602H102Q149 604 189 617T245 641T273 663Q275 666 285 666Q294 666 302 660V361L303 61Q310 54 315 52T339 48T401 46H427V0H416Q395 3 257 3Q121 3 100 0H88V46H114Q136 46 152 46T177 47T193 50T201 52T207 57T213 61V578Z\" transform=\"translate(2002,0)\"></path><path stroke-width=\"1\" d=\"M96 585Q152 666 249 666Q297 666 345 640T423 548Q460 465 460 320Q460 165 417 83Q397 41 362 16T301 -15T250 -22Q224 -22 198 -16T137 16T82 83Q39 165 39 320Q39 494 96 585ZM321 597Q291 629 250 629Q208 629 178 597Q153 571 145 525T137 333Q137 175 145 125T181 46Q209 16 250 16Q290 16 318 46Q347 76 354 130T362 333Q362 478 354 524T321 597Z\" transform=\"translate(2502,0)\"></path><path stroke-width=\"1\" d=\"M213 578L200 573Q186 568 160 563T102 556H83V602H102Q149 604 189 617T245 641T273 663Q275 666 285 666Q294 666 302 660V361L303 61Q310 54 315 52T339 48T401 46H427V0H416Q395 3 257 3Q121 3 100 0H88V46H114Q136 46 152 46T177 47T193 50T201 52T207 57T213 61V578Z\" transform=\"translate(3003,0)\"></path><path stroke-width=\"1\" d=\"M96 585Q152 666 249 666Q297 666 345 640T423 548Q460 465 460 320Q460 165 417 83Q397 41 362 16T301 -15T250 -22Q224 -22 198 -16T137 16T82 83Q39 165 39 320Q39 494 96 585ZM321 597Q291 629 250 629Q208 629 178 597Q153 571 145 525T137 333Q137 175 145 125T181 46Q209 16 250 16Q290 16 318 46Q347 76 354 130T362 333Q362 478 354 524T321 597Z\" transform=\"translate(3503,0)\"></path><path stroke-width=\"1\" d=\"M34 634Q34 659 50 676T93 694Q121 694 144 668T168 579Q168 525 146 476T101 403T73 379Q69 379 60 388T50 401Q50 404 62 417T88 448T116 500T131 572Q131 584 130 584T125 581T112 576T94 573Q69 573 52 590T34 634ZM238 634Q238 659 254 676T297 694Q325 694 348 668T372 579Q372 525 350 476T305 403T277 379Q273 379 264 388T254 401Q254 404 266 417T292 448T320 500T335 572Q335 584 334 584T329 581T316 576T298 573Q273 573 256 590T238 634Z\" transform=\"translate(4004,0)\"></path></g></g></svg></span></p>\n\n<p>The figure below shows a way to get rid of each instance of <span style=\"font-size: 100%; display: inline-block;\" class=\"MathJax_SVG\" id=\"MathJax-Element-2-Frame\"><svg xmlns:xlink=\"http://www.w3.org/1999/xlink\" width=\"5.812ex\" height=\"2.176ex\" style=\"vertical-align: -0.338ex;\" viewBox=\"0 -791.3 2502.5 936.9\" role=\"img\" focusable=\"false\"><g stroke=\"currentColor\" fill=\"currentColor\" stroke-width=\"0\" transform=\"matrix(1 0 0 -1 0 0)\"><path stroke-width=\"1\" d=\"M34 634Q34 659 50 676T93 694Q121 694 144 668T168 579Q168 525 146 476T101 403T73 379Q69 379 60 388T50 401Q50 404 62 417T88 448T116 500T131 572Q131 584 130 584T125 581T112 576T94 573Q69 573 52 590T34 634ZM238 634Q238 659 254 676T297 694Q325 694 348 668T372 579Q372 525 350 476T305 403T277 379Q273 379 264 388T254 401Q254 404 266 417T292 448T320 500T335 572Q335 584 334 584T329 581T316 576T298 573Q273 573 256 590T238 634Z\"></path><path stroke-width=\"1\" d=\"M96 585Q152 666 249 666Q297 666 345 640T423 548Q460 465 460 320Q460 165 417 83Q397 41 362 16T301 -15T250 -22Q224 -22 198 -16T137 16T82 83Q39 165 39 320Q39 494 96 585ZM321 597Q291 629 250 629Q208 629 178 597Q153 571 145 525T137 333Q137 175 145 125T181 46Q209 16 250 16Q290 16 318 46Q347 76 354 130T362 333Q362 478 354 524T321 597Z\" transform=\"translate(500,0)\"></path><path stroke-width=\"1\" d=\"M213 578L200 573Q186 568 160 563T102 556H83V602H102Q149 604 189 617T245 641T273 663Q275 666 285 666Q294 666 302 660V361L303 61Q310 54 315 52T339 48T401 46H427V0H416Q395 3 257 3Q121 3 100 0H88V46H114Q136 46 152 46T177 47T193 50T201 52T207 57T213 61V578Z\" transform=\"translate(1001,0)\"></path><path stroke-width=\"1\" d=\"M96 585Q152 666 249 666Q297 666 345 640T423 548Q460 465 460 320Q460 165 417 83Q397 41 362 16T301 -15T250 -22Q224 -22 198 -16T137 16T82 83Q39 165 39 320Q39 494 96 585ZM321 597Q291 629 250 629Q208 629 178 597Q153 571 145 525T137 333Q137 175 145 125T181 46Q209 16 250 16Q290 16 318 46Q347 76 354 130T362 333Q362 478 354 524T321 597Z\" transform=\"translate(1501,0)\"></path><path stroke-width=\"1\" d=\"M34 634Q34 659 50 676T93 694Q121 694 144 668T168 579Q168 525 146 476T101 403T73 379Q69 379 60 388T50 401Q50 404 62 417T88 448T116 500T131 572Q131 584 130 584T125 581T112 576T94 573Q69 573 52 590T34 634ZM238 634Q238 659 254 676T297 694Q325 694 348 668T372 579Q372 525 350 476T305 403T277 379Q273 379 264 388T254 401Q254 404 266 417T292 448T320 500T335 572Q335 584 334 584T329 581T316 576T298 573Q273 573 256 590T238 634Z\" transform=\"translate(2002,0)\"></path></g></svg></span>:</p>\n\n<p><img src=\"https://s3.amazonaws.com/hr-challenge-images/20389/1462078460-7a0995ab28-binary.png\" title=\"binary.png\"></p>\n\n<p>Because we were able to make the string beautiful by changing <span style=\"font-size: 100%; display: inline-block;\" class=\"MathJax_SVG\" id=\"MathJax-Element-3-Frame\"><svg xmlns:xlink=\"http://www.w3.org/1999/xlink\" width=\"1.162ex\" height=\"2.176ex\" style=\"vertical-align: -0.338ex;\" viewBox=\"0 -791.3 500.5 936.9\" role=\"img\" focusable=\"false\"><g stroke=\"currentColor\" fill=\"currentColor\" stroke-width=\"0\" transform=\"matrix(1 0 0 -1 0 0)\"><path stroke-width=\"1\" d=\"M109 429Q82 429 66 447T50 491Q50 562 103 614T235 666Q326 666 387 610T449 465Q449 422 429 383T381 315T301 241Q265 210 201 149L142 93L218 92Q375 92 385 97Q392 99 409 186V189H449V186Q448 183 436 95T421 3V0H50V19V31Q50 38 56 46T86 81Q115 113 136 137Q145 147 170 174T204 211T233 244T261 278T284 308T305 340T320 369T333 401T340 431T343 464Q343 527 309 573T212 619Q179 619 154 602T119 569T109 550Q109 549 114 549Q132 549 151 535T170 489Q170 464 154 447T109 429Z\"></path></g></svg></span> characters (<span style=\"font-size: 100%; display: inline-block;\" class=\"MathJax_SVG\" id=\"MathJax-Element-4-Frame\"><svg xmlns:xlink=\"http://www.w3.org/1999/xlink\" width=\"2.818ex\" height=\"2.509ex\" style=\"vertical-align: -0.671ex;\" viewBox=\"0 -791.3 1213.4 1080.4\" role=\"img\" focusable=\"false\"><g stroke=\"currentColor\" fill=\"currentColor\" stroke-width=\"0\" transform=\"matrix(1 0 0 -1 0 0)\"><path stroke-width=\"1\" d=\"M231 637Q204 637 199 638T194 649Q194 676 205 682Q206 683 335 683Q594 683 608 681Q671 671 713 636T756 544Q756 480 698 429T565 360L555 357Q619 348 660 311T702 219Q702 146 630 78T453 1Q446 0 242 0Q42 0 39 2Q35 5 35 10Q35 17 37 24Q42 43 47 45Q51 46 62 46H68Q95 46 128 49Q142 52 147 61Q150 65 219 339T288 628Q288 635 231 637ZM649 544Q649 574 634 600T585 634Q578 636 493 637Q473 637 451 637T416 636H403Q388 635 384 626Q382 622 352 506Q352 503 351 500L320 374H401Q482 374 494 376Q554 386 601 434T649 544ZM595 229Q595 273 572 302T512 336Q506 337 429 337Q311 337 310 336Q310 334 293 263T258 122L240 52Q240 48 252 48T333 46Q422 46 429 47Q491 54 543 105T595 229Z\"></path><g transform=\"translate(759,-150)\"><path stroke-width=\"1\" transform=\"scale(0.707)\" d=\"M109 429Q82 429 66 447T50 491Q50 562 103 614T235 666Q326 666 387 610T449 465Q449 422 429 383T381 315T301 241Q265 210 201 149L142 93L218 92Q375 92 385 97Q392 99 409 186V189H449V186Q448 183 436 95T421 3V0H50V19V31Q50 38 56 46T86 81Q115 113 136 137Q145 147 170 174T204 211T233 244T261 278T284 308T305 340T320 369T333 401T340 431T343 464Q343 527 309 573T212 619Q179 619 154 602T119 569T109 550Q109 549 114 549Q132 549 151 535T170 489Q170 464 154 447T109 429Z\"></path></g></g></svg></span> and <span style=\"font-size: 100%; display: inline-block;\" class=\"MathJax_SVG\" id=\"MathJax-Element-5-Frame\"><svg xmlns:xlink=\"http://www.w3.org/1999/xlink\" width=\"2.818ex\" height=\"2.509ex\" style=\"vertical-align: -0.671ex;\" viewBox=\"0 -791.3 1213.4 1080.4\" role=\"img\" focusable=\"false\"><g stroke=\"currentColor\" fill=\"currentColor\" stroke-width=\"0\" transform=\"matrix(1 0 0 -1 0 0)\"><path stroke-width=\"1\" d=\"M231 637Q204 637 199 638T194 649Q194 676 205 682Q206 683 335 683Q594 683 608 681Q671 671 713 636T756 544Q756 480 698 429T565 360L555 357Q619 348 660 311T702 219Q702 146 630 78T453 1Q446 0 242 0Q42 0 39 2Q35 5 35 10Q35 17 37 24Q42 43 47 45Q51 46 62 46H68Q95 46 128 49Q142 52 147 61Q150 65 219 339T288 628Q288 635 231 637ZM649 544Q649 574 634 600T585 634Q578 636 493 637Q473 637 451 637T416 636H403Q388 635 384 626Q382 622 352 506Q352 503 351 500L320 374H401Q482 374 494 376Q554 386 601 434T649 544ZM595 229Q595 273 572 302T512 336Q506 337 429 337Q311 337 310 336Q310 334 293 263T258 122L240 52Q240 48 252 48T333 46Q422 46 429 47Q491 54 543 105T595 229Z\"></path><g transform=\"translate(759,-150)\"><path stroke-width=\"1\" transform=\"scale(0.707)\" d=\"M164 157Q164 133 148 117T109 101H102Q148 22 224 22Q294 22 326 82Q345 115 345 210Q345 313 318 349Q292 382 260 382H254Q176 382 136 314Q132 307 129 306T114 304Q97 304 95 310Q93 314 93 485V614Q93 664 98 664Q100 666 102 666Q103 666 123 658T178 642T253 634Q324 634 389 662Q397 666 402 666Q410 666 410 648V635Q328 538 205 538Q174 538 149 544L139 546V374Q158 388 169 396T205 412T256 420Q337 420 393 355T449 201Q449 109 385 44T229 -22Q148 -22 99 32T50 154Q50 178 61 192T84 210T107 214Q132 214 148 197T164 157Z\"></path></g></g></svg></span>), we print <span style=\"font-size: 100%; display: inline-block;\" class=\"MathJax_SVG\" id=\"MathJax-Element-6-Frame\"><svg xmlns:xlink=\"http://www.w3.org/1999/xlink\" width=\"1.162ex\" height=\"2.176ex\" style=\"vertical-align: -0.338ex;\" viewBox=\"0 -791.3 500.5 936.9\" role=\"img\" focusable=\"false\"><g stroke=\"currentColor\" fill=\"currentColor\" stroke-width=\"0\" transform=\"matrix(1 0 0 -1 0 0)\"><path stroke-width=\"1\" d=\"M109 429Q82 429 66 447T50 491Q50 562 103 614T235 666Q326 666 387 610T449 465Q449 422 429 383T381 315T301 241Q265 210 201 149L142 93L218 92Q375 92 385 97Q392 99 409 186V189H449V186Q448 183 436 95T421 3V0H50V19V31Q50 38 56 46T86 81Q115 113 136 137Q145 147 170 174T204 211T233 244T261 278T284 308T305 340T320 369T333 401T340 431T343 464Q343 527 309 573T212 619Q179 619 154 602T119 569T109 550Q109 549 114 549Q132 549 151 535T170 489Q170 464 154 447T109 429Z\"></path></g></svg></span>.</p>\n\n<p><strong>Sample Case 1:</strong></p>\n\n<p>In this sample <span style=\"font-size: 100%; display: inline-block;\" class=\"MathJax_SVG\" id=\"MathJax-Element-7-Frame\"><svg xmlns:xlink=\"http://www.w3.org/1999/xlink\" width=\"13ex\" height=\"2.176ex\" style=\"vertical-align: -0.338ex;\" viewBox=\"0 -791.3 5597.1 936.9\" role=\"img\" focusable=\"false\"><g stroke=\"currentColor\" fill=\"currentColor\" stroke-width=\"0\" transform=\"matrix(1 0 0 -1 0 0)\"><path stroke-width=\"1\" d=\"M231 637Q204 637 199 638T194 649Q194 676 205 682Q206 683 335 683Q594 683 608 681Q671 671 713 636T756 544Q756 480 698 429T565 360L555 357Q619 348 660 311T702 219Q702 146 630 78T453 1Q446 0 242 0Q42 0 39 2Q35 5 35 10Q35 17 37 24Q42 43 47 45Q51 46 62 46H68Q95 46 128 49Q142 52 147 61Q150 65 219 339T288 628Q288 635 231 637ZM649 544Q649 574 634 600T585 634Q578 636 493 637Q473 637 451 637T416 636H403Q388 635 384 626Q382 622 352 506Q352 503 351 500L320 374H401Q482 374 494 376Q554 386 601 434T649 544ZM595 229Q595 273 572 302T512 336Q506 337 429 337Q311 337 310 336Q310 334 293 263T258 122L240 52Q240 48 252 48T333 46Q422 46 429 47Q491 54 543 105T595 229Z\"></path><g transform=\"translate(1037,0)\"><path stroke-width=\"1\" d=\"M56 347Q56 360 70 367H707Q722 359 722 347Q722 336 708 328L390 327H72Q56 332 56 347ZM56 153Q56 168 72 173H708Q722 163 722 153Q722 140 707 133H70Q56 140 56 153Z\"></path></g><g transform=\"translate(2093,0)\"><path stroke-width=\"1\" d=\"M34 634Q34 659 50 676T93 694Q121 694 144 668T168 579Q168 525 146 476T101 403T73 379Q69 379 60 388T50 401Q50 404 62 417T88 448T116 500T131 572Q131 584 130 584T125 581T112 576T94 573Q69 573 52 590T34 634ZM238 634Q238 659 254 676T297 694Q325 694 348 668T372 579Q372 525 350 476T305 403T277 379Q273 379 264 388T254 401Q254 404 266 417T292 448T320 500T335 572Q335 584 334 584T329 581T316 576T298 573Q273 573 256 590T238 634Z\"></path><path stroke-width=\"1\" d=\"M96 585Q152 666 249 666Q297 666 345 640T423 548Q460 465 460 320Q460 165 417 83Q397 41 362 16T301 -15T250 -22Q224 -22 198 -16T137 16T82 83Q39 165 39 320Q39 494 96 585ZM321 597Q291 629 250 629Q208 629 178 597Q153 571 145 525T137 333Q137 175 145 125T181 46Q209 16 250 16Q290 16 318 46Q347 76 354 130T362 333Q362 478 354 524T321 597Z\" transform=\"translate(500,0)\"></path><path stroke-width=\"1\" d=\"M213 578L200 573Q186 568 160 563T102 556H83V602H102Q149 604 189 617T245 641T273 663Q275 666 285 666Q294 666 302 660V361L303 61Q310 54 315 52T339 48T401 46H427V0H416Q395 3 257 3Q121 3 100 0H88V46H114Q136 46 152 46T177 47T193 50T201 52T207 57T213 61V578Z\" transform=\"translate(1001,0)\"></path><path stroke-width=\"1\" d=\"M213 578L200 573Q186 568 160 563T102 556H83V602H102Q149 604 189 617T245 641T273 663Q275 666 285 666Q294 666 302 660V361L303 61Q310 54 315 52T339 48T401 46H427V0H416Q395 3 257 3Q121 3 100 0H88V46H114Q136 46 152 46T177 47T193 50T201 52T207 57T213 61V578Z\" transform=\"translate(1501,0)\"></path><path stroke-width=\"1\" d=\"M96 585Q152 666 249 666Q297 666 345 640T423 548Q460 465 460 320Q460 165 417 83Q397 41 362 16T301 -15T250 -22Q224 -22 198 -16T137 16T82 83Q39 165 39 320Q39 494 96 585ZM321 597Q291 629 250 629Q208 629 178 597Q153 571 145 525T137 333Q137 175 145 125T181 46Q209 16 250 16Q290 16 318 46Q347 76 354 130T362 333Q362 478 354 524T321 597Z\" transform=\"translate(2002,0)\"></path><path stroke-width=\"1\" d=\"M96 585Q152 666 249 666Q297 666 345 640T423 548Q460 465 460 320Q460 165 417 83Q397 41 362 16T301 -15T250 -22Q224 -22 198 -16T137 16T82 83Q39 165 39 320Q39 494 96 585ZM321 597Q291 629 250 629Q208 629 178 597Q153 571 145 525T137 333Q137 175 145 125T181 46Q209 16 250 16Q290 16 318 46Q347 76 354 130T362 333Q362 478 354 524T321 597Z\" transform=\"translate(2502,0)\"></path><path stroke-width=\"1\" d=\"M34 634Q34 659 50 676T93 694Q121 694 144 668T168 579Q168 525 146 476T101 403T73 379Q69 379 60 388T50 401Q50 404 62 417T88 448T116 500T131 572Q131 584 130 584T125 581T112 576T94 573Q69 573 52 590T34 634ZM238 634Q238 659 254 676T297 694Q325 694 348 668T372 579Q372 525 350 476T305 403T277 379Q273 379 264 388T254 401Q254 404 266 417T292 448T320 500T335 572Q335 584 334 584T329 581T316 576T298 573Q273 573 256 590T238 634Z\" transform=\"translate(3003,0)\"></path></g></g></svg></span>     </p>\n\n<p>The substring <span style=\"font-size: 100%; display: inline-block;\" class=\"MathJax_SVG\" id=\"MathJax-Element-8-Frame\"><svg xmlns:xlink=\"http://www.w3.org/1999/xlink\" width=\"5.812ex\" height=\"2.176ex\" style=\"vertical-align: -0.338ex;\" viewBox=\"0 -791.3 2502.5 936.9\" role=\"img\" focusable=\"false\"><g stroke=\"currentColor\" fill=\"currentColor\" stroke-width=\"0\" transform=\"matrix(1 0 0 -1 0 0)\"><path stroke-width=\"1\" d=\"M34 634Q34 659 50 676T93 694Q121 694 144 668T168 579Q168 525 146 476T101 403T73 379Q69 379 60 388T50 401Q50 404 62 417T88 448T116 500T131 572Q131 584 130 584T125 581T112 576T94 573Q69 573 52 590T34 634ZM238 634Q238 659 254 676T297 694Q325 694 348 668T372 579Q372 525 350 476T305 403T277 379Q273 379 264 388T254 401Q254 404 266 417T292 448T320 500T335 572Q335 584 334 584T329 581T316 576T298 573Q273 573 256 590T238 634Z\"></path><path stroke-width=\"1\" d=\"M96 585Q152 666 249 666Q297 666 345 640T423 548Q460 465 460 320Q460 165 417 83Q397 41 362 16T301 -15T250 -22Q224 -22 198 -16T137 16T82 83Q39 165 39 320Q39 494 96 585ZM321 597Q291 629 250 629Q208 629 178 597Q153 571 145 525T137 333Q137 175 145 125T181 46Q209 16 250 16Q290 16 318 46Q347 76 354 130T362 333Q362 478 354 524T321 597Z\" transform=\"translate(500,0)\"></path><path stroke-width=\"1\" d=\"M213 578L200 573Q186 568 160 563T102 556H83V602H102Q149 604 189 617T245 641T273 663Q275 666 285 666Q294 666 302 660V361L303 61Q310 54 315 52T339 48T401 46H427V0H416Q395 3 257 3Q121 3 100 0H88V46H114Q136 46 152 46T177 47T193 50T201 52T207 57T213 61V578Z\" transform=\"translate(1001,0)\"></path><path stroke-width=\"1\" d=\"M96 585Q152 666 249 666Q297 666 345 640T423 548Q460 465 460 320Q460 165 417 83Q397 41 362 16T301 -15T250 -22Q224 -22 198 -16T137 16T82 83Q39 165 39 320Q39 494 96 585ZM321 597Q291 629 250 629Q208 629 178 597Q153 571 145 525T137 333Q137 175 145 125T181 46Q209 16 250 16Q290 16 318 46Q347 76 354 130T362 333Q362 478 354 524T321 597Z\" transform=\"translate(1501,0)\"></path><path stroke-width=\"1\" d=\"M34 634Q34 659 50 676T93 694Q121 694 144 668T168 579Q168 525 146 476T101 403T73 379Q69 379 60 388T50 401Q50 404 62 417T88 448T116 500T131 572Q131 584 130 584T125 581T112 576T94 573Q69 573 52 590T34 634ZM238 634Q238 659 254 676T297 694Q325 694 348 668T372 579Q372 525 350 476T305 403T277 379Q273 379 264 388T254 401Q254 404 266 417T292 448T320 500T335 572Q335 584 334 584T329 581T316 576T298 573Q273 573 256 590T238 634Z\" transform=\"translate(2002,0)\"></path></g></svg></span> does not occur in <span style=\"font-size: 100%; display: inline-block;\" class=\"MathJax_SVG\" id=\"MathJax-Element-9-Frame\"><svg xmlns:xlink=\"http://www.w3.org/1999/xlink\" width=\"1.764ex\" height=\"2.176ex\" style=\"vertical-align: -0.338ex;\" viewBox=\"0 -791.3 759.5 936.9\" role=\"img\" focusable=\"false\"><g stroke=\"currentColor\" fill=\"currentColor\" stroke-width=\"0\" transform=\"matrix(1 0 0 -1 0 0)\"><path stroke-width=\"1\" d=\"M231 637Q204 637 199 638T194 649Q194 676 205 682Q206 683 335 683Q594 683 608 681Q671 671 713 636T756 544Q756 480 698 429T565 360L555 357Q619 348 660 311T702 219Q702 146 630 78T453 1Q446 0 242 0Q42 0 39 2Q35 5 35 10Q35 17 37 24Q42 43 47 45Q51 46 62 46H68Q95 46 128 49Q142 52 147 61Q150 65 219 339T288 628Q288 635 231 637ZM649 544Q649 574 634 600T585 634Q578 636 493 637Q473 637 451 637T416 636H403Q388 635 384 626Q382 622 352 506Q352 503 351 500L320 374H401Q482 374 494 376Q554 386 601 434T649 544ZM595 229Q595 273 572 302T512 336Q506 337 429 337Q311 337 310 336Q310 334 293 263T258 122L240 52Q240 48 252 48T333 46Q422 46 429 47Q491 54 543 105T595 229Z\"></path></g></svg></span>, so the string is already beautiful and we print <span style=\"font-size: 100%; display: inline-block;\" class=\"MathJax_SVG\" id=\"MathJax-Element-10-Frame\"><svg xmlns:xlink=\"http://www.w3.org/1999/xlink\" width=\"1.162ex\" height=\"2.176ex\" style=\"vertical-align: -0.338ex;\" viewBox=\"0 -791.3 500.5 936.9\" role=\"img\" focusable=\"false\"><g stroke=\"currentColor\" fill=\"currentColor\" stroke-width=\"0\" transform=\"matrix(1 0 0 -1 0 0)\"><path stroke-width=\"1\" d=\"M96 585Q152 666 249 666Q297 666 345 640T423 548Q460 465 460 320Q460 165 417 83Q397 41 362 16T301 -15T250 -22Q224 -22 198 -16T137 16T82 83Q39 165 39 320Q39 494 96 585ZM321 597Q291 629 250 629Q208 629 178 597Q153 571 145 525T137 333Q137 175 145 125T181 46Q209 16 250 16Q290 16 318 46Q347 76 354 130T362 333Q362 478 354 524T321 597Z\"></path></g></svg></span>.</p></div></div></div>", 
        "haskell_template_head": "", 
        "max_score": 20, 
        "user_score": 0, 
        "requirements_description": null, 
        "created_at": "2016-04-07T06:00:16.000Z", 
        "countdown_time": 0, 
        "objectivec_template": "#import <Foundation/Foundation.h>\n\n\nint main(int argc, const char * argv[]){\n    NSAutoreleasePool *pool = [[NSAutoreleasePool alloc] init];\n    int n;\n    scanf(\"%i\",&n)\n    NSString* B;\n    char* B_temp = (char *)malloc(10240 * sizeof(char));\n    scanf(\"%s\",B_temp);\n    B = [NSString stringWithFormat:@\"%s\", B_temp];\n    [pool drain];\n    return 0;\n}\n\n", 
        "csharp_template_tail": "", 
        "lua_template_tail": "", 
        "perl_template_head": ""
    }
}