{
    "status": true, 
    "model": {
        "tagAncestry": [], 
        "solved_count": 21760, 
        "python_template_head": "", 
        "can_solve": true, 
        "clojure_template_head": "", 
        "dynamic": true, 
        "epoch_starttime": null, 
        "difficulty_name": "Easy", 
        "compile_and_test": true, 
        "submit_disabled": false, 
        "objectivec_template_head": "", 
        "company_id": null, 
        "languages": [
            "c", 
            "cpp", 
            "java", 
            "csharp", 
            "php", 
            "ruby", 
            "python", 
            "perl", 
            "haskell", 
            "clojure", 
            "scala", 
            "lua", 
            "go", 
            "javascript", 
            "erlang", 
            "d", 
            "ocaml", 
            "pascal", 
            "python3", 
            "groovy", 
            "objectivec", 
            "fsharp", 
            "visualbasic", 
            "lolcode", 
            "smalltalk", 
            "tcl", 
            "whitespace", 
            "sbcl", 
            "java8", 
            "octave", 
            "racket", 
            "rust", 
            "bash", 
            "r", 
            "swift", 
            "fortran", 
            "cpp14", 
            "coffeescript", 
            "ada", 
            "pypy", 
            "pypy3", 
            "elixir", 
            "kotlin", 
            "julia"
        ], 
        "leaderboard_out_of_sync_message": null, 
        "primary_contest": {
            "migration_status": null, 
            "contest_broadcast": null, 
            "hacker_timelimit": null, 
            "notification": null, 
            "qualification_rule_value": null, 
            "leaderboard_backend": null, 
            "expose_stats": null, 
            "updated_at": "2016-08-07T15:02:49.000Z", 
            "custom_leaderboard_column_name": null, 
            "organization_type": null, 
            "ended": true, 
            "epoch_starttime": 1401724800, 
            "timezone": "PST", 
            "disable_forum": null, 
            "id": 932, 
            "primary_track_id": 3, 
            "limited_participants": null, 
            "school_leaderboard_enabled": false, 
            "time_limited_contest": false, 
            "archived": true, 
            "rated": null, 
            "parent_contest_id": null, 
            "leaderboard_out_of_sync_message": null, 
            "leaderboard_type": "country", 
            "tagline": "1 challenge every day!", 
            "effective_epoch_endtime": 1402329600, 
            "show_participants_info": null, 
            "homepage_background_color": "", 
            "organization_name": null, 
            "track": {
                "name": "Algorithms", 
                "id": 3, 
                "priority": 14, 
                "descriptions": "The true test of problem solving: when one realizes that time and memory aren't infinite.\n", 
                "rewards_system_enabled": true, 
                "slug": "algorithms"
            }, 
            "primary_tag_id": 3081, 
            "hide_navigation": null, 
            "show_penalty": null, 
            "effective_time_left": -101024820.95846108, 
            "hidden": null, 
            "homepage": "", 
            "public": true, 
            "testers_contest": null, 
            "description": "Welcome to the Week 4 of our daily challenges! Each day you'll get to solve a challenge whose difficulty level increases as the week progresses! <br />\n\nTo solve the final challenge, you're given an entire weekend . <br />\n\nThere are 5 challenges in total!!  <br /> <br />\n\nTie-breaking rule is little different for this contest. For each challenge, we calculate your <em>solved time, t</em>  <br />\n\n<em> t = submit - open </em> <br />\n\nwhere <i>submit</i> is the time you submitted the solution, and <i>open</i> is the time you opened the challenge. This way, you do not have to worry about solving the challenge as soon as it becomes available. <br />\n\nRead more about this contest  <a href=\"/blog/daily-challenge\">here</a>.", 
            "hide_difficulty": null, 
            "started": true, 
            "time_left": -101024820.95602685, 
            "challenges_count": 5, 
            "qualification_rule_msg": null, 
            "leaderboard_out_of_sync": null, 
            "team_event": false, 
            "disable_fsi": null, 
            "hide_submissions": null, 
            "leaderboard_format": "", 
            "leaderboard_broadcast_message": null, 
            "has_tracks": null, 
            "college_public": null, 
            "endtime": "2014-06-09T16:00:00.000Z", 
            "qualification_rule_type": null, 
            "slug": "w4", 
            "hide_leaderboard": null, 
            "kind": "weekly", 
            "comment_live_sync": null, 
            "name": "Weekly Challenges - Week 4", 
            "is_multi_round": false, 
            "created_at": "2014-05-15T09:19:51.000Z", 
            "epoch_endtime": 1402329600, 
            "company_associated_contest": null, 
            "rating_category": "Algorithms", 
            "has_codesprint_reg_page": null, 
            "starttime": "2014-06-02T16:00:00.000Z", 
            "is_rating_updated": true, 
            "leaderboard_freeze_time": null, 
            "migration_disabled": null, 
            "template_id": 103
        }, 
        "factor": 25, 
        "erlang_template_head": "", 
        "ruby_template_tail": "", 
        "default_language": null, 
        "moderator_or_support": false, 
        "leaderboard_out_of_sync": null, 
        "contest_slug": "master", 
        "python3_template": "#!/bin/python3\n\nimport sys\n\ndef palindromeIndex(s):\n    # Complete this function\n\nq = int(input().strip())\nfor a0 in range(q):\n    s = input().strip()\n    result = palindromeIndex(s)\n    print(result)\n", 
        "name": "Palindrome Index", 
        "level": 19, 
        "success_ratio": 0.6460807600950119, 
        "total_count": 33680, 
        "javascript_template_head": "", 
        "codechecker_handle": "", 
        "java_template_tail": "", 
        "migrated_resource": null, 
        "custom_tabs": null, 
        "ruby_template_head": "", 
        "java8_template_head": "", 
        "is_skip_band_challenge": false, 
        "python_template_tail": "", 
        "public_test_cases": true, 
        "available_translations": [
            {
                "body": "\u7ed9\u4f60\u4e00\u4e2a\u4ec5\u7531\u5c0f\u5199\u5b57\u6bcd\u7ec4\u6210\u7684\u5b57\u7b26\u4e32\u3002\u4f60\u7684\u4efb\u52a1\u662f\u627e\u51fa\u662f\u5426\u5b58\u5728\u4e00\u4e2a\u5b57\u6bcd\uff0c\u5220\u6389\u5b83\u4e4b\u540e\uff0c\u5b57\u7b26\u4e32\u53d8\u6210\u56de\u6587\u7684\u3002\n\n**\u8f93\u5165\u683c\u5f0f**  \n\u7b2c\u4e00\u884c\u5305\u542b*T*\uff0c\u6d4b\u8bd5\u6570\u636e\u7684\u7ec4\u6570\u3002<br>\n\u540e\u9762\u8ddf\u6709*T*\u884c\uff0c\u6bcf\u884c\u5305\u542b\u4e00\u4e2a\u5b57\u7b26\u4e32\u3002\n\n**\u8f93\u51fa\u683c\u5f0f**  \n\u5982\u679c\u53ef\u4ee5\u5220\u53bb\u4e00\u4e2a\u5b57\u6bcd\u4f7f\u5b83\u53d8\u6210\u56de\u6587\u4e32\uff0c\u5219\u8f93\u51fa\u4efb\u610f\u4e00\u4e2a\u6ee1\u8db3\u6761\u4ef6\u7684\u5220\u53bb\u5b57\u6bcd\u7684\u4f4d\u7f6e\uff08\u4e0b\u6807\u4ece0\u5f00\u59cb\uff09\uff0c\n\u5982\u679c\u627e\u4e0d\u5230\u8fd9\u6837\u7684\u4f4d\u7f6e\u6216\u8005\u539f\u59cb\u5b57\u7b26\u4e32\u5df2\u7ecf\u662f\u56de\u6587\u7684\uff0c\u5219\u8f93\u51fa-1\u3002\n\n**\u7ea6\u675f\u6761\u4ef6**  \n 1 \u2264 T \u2264  20  \n1 \u2264 \u5b57\u7b26\u4e32\u7684\u957f\u5ea6 \u2264 200005  \n\n**\u8f93\u5165\u6837\u4f8b #00**  \n\n    3\n\taaab\n\tbaa\n\taaa\n    \n**\u8f93\u51fa\u6837\u4f8b #00**  \n\n    3\n    0\n    -1\n\n**\u89e3\u91ca**  \n\n\u5728\u7ed9\u5b9a\u7684\u8f93\u5165\u4e2d\uff0c*T* =3\n+\u5bf9\u4e8e\u8f93\u5165aaab,\u6211\u4eec\u53ef\u4ee5\u53d1\u73b0\u5220\u6389\u5b57\u6bcdb\u53ef\u4ee5\u4f7f\u5f97\u539f\u4e32\u53d8\u4e3a\u56de\u6587\u4e32\uff0c\u56e0\u6b64\u8f93\u51fa\u4f4d\u7f6e3\u3002\n+\u5bf9\u4e8e\u8f93\u5165baa,\u6211\u4eec\u53ef\u4ee5\u53d1\u73b0\u5220\u6389\u5b57\u6bcdb\u53ef\u4ee5\u4f7f\u5f97\u539f\u4e32\u53d8\u4e3a\u56de\u6587\u4e32\uff0c\u56e0\u6b64\u8f93\u51fa\u4f4d\u7f6e0\u3002\n+\u5bf9\u4e8e\u8f93\u5165aaa,\u6211\u4eec\u53d1\u73b0\u5b83\u5df2\u7ecf\u662f\u56de\u6587\u4e32\u4e86\uff0c\u6240\u4ee5\u8f93\u51fa-1\u3002", 
                "problem_statement_fields": {
                    "sample_output": " ", 
                    "problem_statement": "\u7ed9\u4f60\u4e00\u4e2a\u4ec5\u7531\u5c0f\u5199\u5b57\u6bcd\u7ec4\u6210\u7684\u5b57\u7b26\u4e32\u3002\u4f60\u7684\u4efb\u52a1\u662f\u627e\u51fa\u4e00\u4e2a\u4f4d\u7f6e\uff0c\u5220\u6389\u90a3\u4e2a\u5b57\u6bcd\u4e4b\u540e\uff0c\u5b57\u7b26\u4e32\u53d8\u6210\u56de\u6587\u7684\u3002\u603b\u4f1a\u6709\u4e00\u4e2a\u5408\u6cd5\u7684\u89e3\u3002\u5982\u679c\u7ed9\u5b9a\u7684\u5b57\u7b26\u4e32\u662f\u4e00\u4e2a\u56de\u6587\u4e32\uff0c\u90a3\u4e48-1\u4e5f\u5c06\u88ab\u5f53\u4f5c\u5176\u4e2d\u4e00\u4e2a\u5408\u6cd5\u7684\u89e3\u3002\n\n**\u8f93\u5165\u683c\u5f0f**  \n\u7b2c\u4e00\u884c\u5305\u542b*T*\uff0c\u6d4b\u8bd5\u6570\u636e\u7684\u7ec4\u6570\u3002<br>\n\u540e\u9762\u8ddf\u6709*T*\u884c\uff0c\u6bcf\u884c\u5305\u542b\u4e00\u4e2a\u5b57\u7b26\u4e32\u3002\n\n**\u8f93\u51fa\u683c\u5f0f**  \n\u5982\u679c\u53ef\u4ee5\u5220\u53bb\u4e00\u4e2a\u5b57\u6bcd\u4f7f\u5b83\u53d8\u6210\u56de\u6587\u4e32\uff0c\u5219\u8f93\u51fa\u4efb\u610f\u4e00\u4e2a\u6ee1\u8db3\u6761\u4ef6\u7684\u5220\u53bb\u5b57\u6bcd\u7684\u4f4d\u7f6e\uff08\u4e0b\u6807\u4ece0\u5f00\u59cb\uff09\u3002\u4f8b\u5982\uff1a\n<p>\nbcbc\n</p>\n\u6211\u4eec\u53ef\u4ee5\u5220\u6389\u4f4d\u7f6e0\u7684b\u5b57\u7b26\uff0c\u6216\u8005\u4f4d\u7f6e3\u7684c\u5b57\u7b26\u3002\u4e24\u4e2a\u7b54\u6848\u90fd\u662f\u6b63\u786e\u7684\u3002\n\n**\u7ea6\u675f\u6761\u4ef6**  \n1 \u2264 T \u2264  20  \n1 \u2264 \u5b57\u7b26\u4e32\u7684\u957f\u5ea6 \u2264 100005\n\u6240\u6709\u5b57\u7b26\u90fd\u662f\u5c0f\u5199\u5b57\u6bcd\n\n**\u8f93\u5165\u6837\u4f8b #00**  \n\n    3\n\taaab\n\tbaa\n\taaa\n    \n**\u8f93\u51fa\u6837\u4f8b #00**  \n\n    3\n    0\n    -1\n\n**\u89e3\u91ca**  \n\n\u5728\u7ed9\u5b9a\u7684\u8f93\u5165\u4e2d\uff0c*T* =3\n+\u5bf9\u4e8e\u8f93\u5165aaab,\u6211\u4eec\u53ef\u4ee5\u53d1\u73b0\u5220\u6389\u5b57\u6bcdb\u53ef\u4ee5\u4f7f\u5f97\u539f\u4e32\u53d8\u4e3a\u56de\u6587\u4e32\uff0c\u56e0\u6b64\u8f93\u51fa\u4f4d\u7f6e3\u3002\n+\u5bf9\u4e8e\u8f93\u5165baa,\u6211\u4eec\u53ef\u4ee5\u53d1\u73b0\u5220\u6389\u5b57\u6bcdb\u53ef\u4ee5\u4f7f\u5f97\u539f\u4e32\u53d8\u4e3a\u56de\u6587\u4e32\uff0c\u56e0\u6b64\u8f93\u51fa\u4f4d\u7f6e0\u3002\n+\u5bf9\u4e8e\u8f93\u5165aaa,\u6211\u4eec\u53d1\u73b0\u5b83\u5df2\u7ecf\u662f\u56de\u6587\u4e32\u4e86\uff0c\u6240\u4ee5\u8f93\u51fa-1\u3002", 
                    "input_format": " ", 
                    "explanation": " ", 
                    "sample_input": " ", 
                    "output_format": " "
                }, 
                "name": "Palindrome Index", 
                "language": "Chinese", 
                "challenge_id": 1854, 
                "body_html": "<div class='challenge_problem_statement'><div class='msB challenge_problem_statement_body'><style id=\"MathJax_SVG_styles\">.MathJax_SVG_Display {text-align: center; margin: 1em 0em; position: relative; display: block!important; text-indent: 0; max-width: none; max-height: none; min-width: 0; min-height: 0; width: 100%}\n.MathJax_SVG .MJX-monospace {font-family: monospace}\n.MathJax_SVG .MJX-sans-serif {font-family: sans-serif}\n.MathJax_SVG {display: inline; font-style: normal; font-weight: normal; line-height: normal; font-size: 100%; font-size-adjust: none; text-indent: 0; text-align: left; text-transform: none; letter-spacing: normal; word-spacing: normal; word-wrap: normal; white-space: nowrap; float: none; direction: ltr; max-width: none; max-height: none; min-width: 0; min-height: 0; border: 0; padding: 0; margin: 0}\n.MathJax_SVG * {transition: none; -webkit-transition: none; -moz-transition: none; -ms-transition: none; -o-transition: none}\n.mjx-svg-href {fill: blue; stroke: blue}\n</style><svg style=\"display: none;\"><defs id=\"MathJax_SVG_glyphs\"></defs></svg><p>\u7ed9\u4f60\u4e00\u4e2a\u4ec5\u7531\u5c0f\u5199\u5b57\u6bcd\u7ec4\u6210\u7684\u5b57\u7b26\u4e32\u3002\u4f60\u7684\u4efb\u52a1\u662f\u627e\u51fa\u4e00\u4e2a\u4f4d\u7f6e\uff0c\u5220\u6389\u90a3\u4e2a\u5b57\u6bcd\u4e4b\u540e\uff0c\u5b57\u7b26\u4e32\u53d8\u6210\u56de\u6587\u7684\u3002\u603b\u4f1a\u6709\u4e00\u4e2a\u5408\u6cd5\u7684\u89e3\u3002\u5982\u679c\u7ed9\u5b9a\u7684\u5b57\u7b26\u4e32\u662f\u4e00\u4e2a\u56de\u6587\u4e32\uff0c\u90a3\u4e48-1\u4e5f\u5c06\u88ab\u5f53\u4f5c\u5176\u4e2d\u4e00\u4e2a\u5408\u6cd5\u7684\u89e3\u3002</p>\n\n<p><strong>\u8f93\u5165\u683c\u5f0f</strong> <br>\n\u7b2c\u4e00\u884c\u5305\u542b<em>T</em>\uff0c\u6d4b\u8bd5\u6570\u636e\u7684\u7ec4\u6570\u3002<br>\n\u540e\u9762\u8ddf\u6709<em>T</em>\u884c\uff0c\u6bcf\u884c\u5305\u542b\u4e00\u4e2a\u5b57\u7b26\u4e32\u3002</p>\n\n<p><strong>\u8f93\u51fa\u683c\u5f0f</strong> <br>\n\u5982\u679c\u53ef\u4ee5\u5220\u53bb\u4e00\u4e2a\u5b57\u6bcd\u4f7f\u5b83\u53d8\u6210\u56de\u6587\u4e32\uff0c\u5219\u8f93\u51fa\u4efb\u610f\u4e00\u4e2a\u6ee1\u8db3\u6761\u4ef6\u7684\u5220\u53bb\u5b57\u6bcd\u7684\u4f4d\u7f6e\uff08\u4e0b\u6807\u4ece0\u5f00\u59cb\uff09\u3002\u4f8b\u5982\uff1a</p>\n\n<p>\nbcbc\n</p>\n\n<p>\u6211\u4eec\u53ef\u4ee5\u5220\u6389\u4f4d\u7f6e0\u7684b\u5b57\u7b26\uff0c\u6216\u8005\u4f4d\u7f6e3\u7684c\u5b57\u7b26\u3002\u4e24\u4e2a\u7b54\u6848\u90fd\u662f\u6b63\u786e\u7684\u3002</p>\n\n<p><strong>\u7ea6\u675f\u6761\u4ef6</strong> <br>\n1 \u2264 T \u2264  20 <br>\n1 \u2264 \u5b57\u7b26\u4e32\u7684\u957f\u5ea6 \u2264 100005\n\u6240\u6709\u5b57\u7b26\u90fd\u662f\u5c0f\u5199\u5b57\u6bcd</p>\n\n<p><strong>\u8f93\u5165\u6837\u4f8b #00</strong>  </p>\n\n<pre><code>3\naaab\nbaa\naaa\n</code></pre>\n\n<p><strong>\u8f93\u51fa\u6837\u4f8b #00</strong>  </p>\n\n<pre><code>3\n0\n-1\n</code></pre>\n\n<p><strong>\u89e3\u91ca</strong>  </p>\n\n<p>\u5728\u7ed9\u5b9a\u7684\u8f93\u5165\u4e2d\uff0c<em>T</em> =3\n+\u5bf9\u4e8e\u8f93\u5165aaab,\u6211\u4eec\u53ef\u4ee5\u53d1\u73b0\u5220\u6389\u5b57\u6bcdb\u53ef\u4ee5\u4f7f\u5f97\u539f\u4e32\u53d8\u4e3a\u56de\u6587\u4e32\uff0c\u56e0\u6b64\u8f93\u51fa\u4f4d\u7f6e3\u3002\n+\u5bf9\u4e8e\u8f93\u5165baa,\u6211\u4eec\u53ef\u4ee5\u53d1\u73b0\u5220\u6389\u5b57\u6bcdb\u53ef\u4ee5\u4f7f\u5f97\u539f\u4e32\u53d8\u4e3a\u56de\u6587\u4e32\uff0c\u56e0\u6b64\u8f93\u51fa\u4f4d\u7f6e0\u3002\n+\u5bf9\u4e8e\u8f93\u5165aaa,\u6211\u4eec\u53d1\u73b0\u5b83\u5df2\u7ecf\u662f\u56de\u6587\u4e32\u4e86\uff0c\u6240\u4ee5\u8f93\u51fa-1\u3002</p></div></div>", 
                "preview": null
            }, 
            {
                "body": "\u041b\u0435\u0433\u0435\u043d\u0434\u0430,\u043e\u043f\u0438\u0441\u0430\u043d\u043d\u0430\u044f \u0434\u0430\u043b\u0435\u0435, \u043f\u0435\u0440\u0435\u0444\u043e\u0440\u043c\u0443\u043b\u0438\u0440\u043e\u0432\u0430\u043d\u0430 \u0438 \u0443\u043f\u0440\u043e\u0449\u0435\u043d\u0430\n\u043f\u0435\u0440\u0435\u0432\u043e\u0434\u0447\u0438\u043a\u043e\u043c, \u0447\u0442\u043e\u0431\u044b \u0447\u0438\u0442\u0430\u0442\u0435\u043b\u044c \u043c\u043e\u0433 \u043b\u0443\u0447\u0448\u0435 \u043f\u043e\u043d\u044f\u0442\u044c \u0443\u0441\u043b\u043e\u0432\u0438\u0435 \u0437\u0430\u0434\u0430\u0447\u0438.\n\u041e\u0440\u0438\u0433\u0438\u043d\u0430\u043b\u044c\u043d\u0443\u044e \u043b\u0435\u0433\u0435\u043d\u0434\u0443 \u0432\u044b \u043c\u043e\u0436\u0435\u0442\u0435 \u043f\u0440\u043e\u0447\u0438\u0442\u0430\u0442\u044c \u043d\u0430 \u0441\u0442\u0440\u0430\u043d\u0438\u0446\u0435 \u0437\u0430\u0434\u0430\u0447\u0438 \u0432\n\u043a\u043e\u043d\u0442\u0435\u0441\u0442\u0435.\n\u0417\u0430\u0434\u0430\u043d\u0430 \u0441\u0442\u0440\u043e\u043a\u0430, \u0441\u043e\u0441\u0442\u043e\u044f\u0449\u0430\u044f \u0438\u0437 \u043c\u0430\u043b\u0435\u043d\u044c\u043a\u0438\u0445 \u0431\u0443\u043a\u0432 \u043b\u0430\u0442\u0438\u043d\u0441\u043a\u043e\u0433\u043e \u0430\u043b\u0444\u0430\u0432\u0438\u0442\u0430.\n\u0422\u0440\u0435\u0431\u0443\u0435\u0442\u0441\u044f \u043e\u043f\u0440\u0435\u0434\u0435\u043b\u0438\u0442\u044c, \u0441\u0443\u0449\u0435\u0441\u0442\u0432\u0443\u0435\u0442 \u043b\u0438 \u0442\u0430\u043a\u0430\u044f \u0431\u0443\u043a\u0432\u0430 \u0432 \u0441\u0442\u0440\u043e\u043a\u0435, \u0447\u0442\u043e \u0435\u0441\u043b\u0438\n\u0435\u0451 \u0443\u0434\u0430\u043b\u0438\u0442\u044c, \u0442\u043e \u043f\u043e\u043b\u0443\u0447\u0435\u043d\u043d\u0430\u044f \u0441\u0442\u0440\u043e\u043a\u0430 (\u0441 \u0434\u043b\u0438\u043d\u043e\u0439 \u043d\u0430 \u0435\u0434\u0438\u043d\u0438\u0446\u0443 \u043c\u0435\u043d\u044c\u0448\u0435)\n\u0441\u0442\u0430\u043d\u0435\u0442 \u043f\u0430\u043b\u0438\u043d\u0434\u0440\u043e\u043c\u043e\u043c. \u041f\u0440\u0438 \u044d\u0442\u043e\u043c \u0435\u0441\u043b\u0438 \u0438\u0437\u043d\u0430\u0447\u0430\u043b\u044c\u043d\u0430\u044f \u0441\u0442\u0440\u043e\u043a\u0430 \u0443\u0436\u0435 \u044f\u0432\u043b\u044f\u0435\u0442\u0441\u044f\n\u043f\u0430\u043b\u0438\u043d\u0434\u0440\u043e\u043c\u043e\u043c, \u043d\u0443\u0436\u043d\u043e \u0432\u044b\u0432\u0435\u0441\u0442\u0438 -1.\n**\u0424\u043e\u0440\u043c\u0430\u0442 \u0432\u0445\u043e\u0434\u043d\u044b\u0445 \u0434\u0430\u043d\u043d\u044b\u0445**\n\n\u0412 \u043f\u0435\u0440\u0432\u043e\u0439 \u0441\u0442\u0440\u043e\u043a\u0435 \u0437\u0430\u043f\u0438\u0441\u0430\u043d\u043e \u0446\u0435\u043b\u043e\u0435 \u0447\u0438\u0441\u043b\u043e T \u2013 \u043a\u043e\u043b\u0438\u0447\u0435\u0441\u0442\u0432\u043e \u0442\u0435\u0441\u0442\u043e\u0432. \u0412\n\u043a\u0430\u0436\u0434\u043e\u0439 \u0438\u0437 \u0441\u043b\u0435\u0434\u0443\u044e\u0449\u0438\u0445 T \u0441\u0442\u0440\u043e\u043a \u0437\u0430\u043f\u0438\u0441\u0430\u043d\u0430 \u043f\u043e\u0441\u043b\u0435\u0434\u043e\u0432\u0430\u0442\u0435\u043b\u044c\u043d\u043e\u0441\u0442\u044c \u043c\u0430\u043b\u0435\u043d\u044c\u043a\u0438\u0445\n\u0431\u0443\u043a\u0432 \u043b\u0430\u0442\u0438\u043d\u0441\u043a\u043e\u0433\u043e \u0430\u043b\u0444\u0430\u0432\u0438\u0442\u0430.\n\n**\u0424\u043e\u0440\u043c\u0430\u0442 \u0432\u044b\u0445\u043e\u0434\u043d\u044b\u0445 \u0434\u0430\u043d\u043d\u044b\u0445**\n\n\u0414\u043b\u044f \u043a\u0430\u0436\u0434\u043e\u0433\u043e \u0442\u0435\u0441\u0442\u0430 \u0432\u044b\u0432\u0435\u0434\u0438\u0442\u0435 \u043e\u0442\u0432\u0435\u0442, \u0438\u043d\u0434\u0435\u043a\u0441 \u0431\u0443\u043a\u0432\u044b, \u043a\u043e\u0442\u043e\u0440\u0443\u044e \u043d\u0443\u0436\u043d\u043e\n\u0443\u0434\u0430\u043b\u0438\u0442\u044c. \u0421\u0447\u0438\u0442\u0430\u0439\u0442\u0435, \u0447\u0442\u043e \u0441\u0438\u043c\u0432\u043e\u043b\u044b \u0441\u0442\u0440\u043e\u043a\u0438 \u0438\u043d\u0434\u0435\u043a\u0441\u0438\u0440\u0443\u044e\u0442\u0441\u044f \u043e\u0442 0. \u0415\u0441\u043b\u0438\n\u0441\u0442\u0440\u043e\u043a\u0430 \u0438\u0437\u043d\u0430\u0447\u0430\u043b\u044c\u043d\u043e \u044f\u0432\u043b\u044f\u0435\u0442\u0441\u044f \u043f\u0430\u043b\u0438\u043d\u0434\u0440\u043e\u043c\u043e\u043c \u0432\u044b\u0432\u0435\u0434\u0438\u0442\u0435 -1.\n\n**\u041e\u0433\u0440\u0430\u043d\u0438\u0447\u0435\u043d\u0438\u044f**\n\n1 \u2264 T \u2264 20  \n1 \u2264 \u0434\u043b\u0438\u043d\u0430 \u0441\u0442\u0440\u043e\u043a\u0438 \u2264 200005  \n**\u041f\u0440\u0438\u043c\u0435\u0440 \u0432\u0445\u043e\u0434\u043d\u044b\u0445 \u0434\u0430\u043d\u043d\u044b\u0445**\n\n    3\n    aaab\n    baa\n    aaa\n    \n**\u041f\u0440\u0438\u043c\u0435\u0440 \u0432\u044b\u0445\u043e\u0434\u043d\u044b\u0445 \u0434\u0430\u043d\u043d\u044b\u0445**\n\n    3\n    0\n    -1", 
                "problem_statement_fields": {
                    "sample_output": " ", 
                    "problem_statement": "\u041b\u0435\u0433\u0435\u043d\u0434\u0430,\u043e\u043f\u0438\u0441\u0430\u043d\u043d\u0430\u044f \u0434\u0430\u043b\u0435\u0435, \u043f\u0435\u0440\u0435\u0444\u043e\u0440\u043c\u0443\u043b\u0438\u0440\u043e\u0432\u0430\u043d\u0430 \u0438 \u0443\u043f\u0440\u043e\u0449\u0435\u043d\u0430\n\u043f\u0435\u0440\u0435\u0432\u043e\u0434\u0447\u0438\u043a\u043e\u043c, \u0447\u0442\u043e\u0431\u044b \u0447\u0438\u0442\u0430\u0442\u0435\u043b\u044c \u043c\u043e\u0433 \u043b\u0443\u0447\u0448\u0435 \u043f\u043e\u043d\u044f\u0442\u044c \u0443\u0441\u043b\u043e\u0432\u0438\u0435 \u0437\u0430\u0434\u0430\u0447\u0438.\n\u041e\u0440\u0438\u0433\u0438\u043d\u0430\u043b\u044c\u043d\u0443\u044e \u043b\u0435\u0433\u0435\u043d\u0434\u0443 \u0432\u044b \u043c\u043e\u0436\u0435\u0442\u0435 \u043f\u0440\u043e\u0447\u0438\u0442\u0430\u0442\u044c \u043d\u0430 \u0441\u0442\u0440\u0430\u043d\u0438\u0446\u0435 \u0437\u0430\u0434\u0430\u0447\u0438 \u0432\n\u043a\u043e\u043d\u0442\u0435\u0441\u0442\u0435.\n\u0417\u0430\u0434\u0430\u043d\u0430 \u0441\u0442\u0440\u043e\u043a\u0430, \u0441\u043e\u0441\u0442\u043e\u044f\u0449\u0430\u044f \u0438\u0437 \u043c\u0430\u043b\u0435\u043d\u044c\u043a\u0438\u0445 \u0431\u0443\u043a\u0432 \u043b\u0430\u0442\u0438\u043d\u0441\u043a\u043e\u0433\u043e \u0430\u043b\u0444\u0430\u0432\u0438\u0442\u0430.\n\u0422\u0440\u0435\u0431\u0443\u0435\u0442\u0441\u044f \u043e\u043f\u0440\u0435\u0434\u0435\u043b\u0438\u0442\u044c, \u0441\u0443\u0449\u0435\u0441\u0442\u0432\u0443\u0435\u0442 \u043b\u0438 \u0442\u0430\u043a\u0430\u044f \u0431\u0443\u043a\u0432\u0430 \u0432 \u0441\u0442\u0440\u043e\u043a\u0435, \u0447\u0442\u043e \u0435\u0441\u043b\u0438\n\u0435\u0451 \u0443\u0434\u0430\u043b\u0438\u0442\u044c, \u0442\u043e \u043f\u043e\u043b\u0443\u0447\u0435\u043d\u043d\u0430\u044f \u0441\u0442\u0440\u043e\u043a\u0430 (\u0441 \u0434\u043b\u0438\u043d\u043e\u0439 \u043d\u0430 \u0435\u0434\u0438\u043d\u0438\u0446\u0443 \u043c\u0435\u043d\u044c\u0448\u0435)\n\u0441\u0442\u0430\u043d\u0435\u0442 \u043f\u0430\u043b\u0438\u043d\u0434\u0440\u043e\u043c\u043e\u043c. \u041f\u0440\u0438 \u044d\u0442\u043e\u043c \u0435\u0441\u043b\u0438 \u0438\u0437\u043d\u0430\u0447\u0430\u043b\u044c\u043d\u0430\u044f \u0441\u0442\u0440\u043e\u043a\u0430 \u0443\u0436\u0435 \u044f\u0432\u043b\u044f\u0435\u0442\u0441\u044f\n\u043f\u0430\u043b\u0438\u043d\u0434\u0440\u043e\u043c\u043e\u043c, \u043d\u0443\u0436\u043d\u043e \u0432\u044b\u0432\u0435\u0441\u0442\u0438 -1.\n**\u0424\u043e\u0440\u043c\u0430\u0442 \u0432\u0445\u043e\u0434\u043d\u044b\u0445 \u0434\u0430\u043d\u043d\u044b\u0445**\n\n\u0412 \u043f\u0435\u0440\u0432\u043e\u0439 \u0441\u0442\u0440\u043e\u043a\u0435 \u0437\u0430\u043f\u0438\u0441\u0430\u043d\u043e \u0446\u0435\u043b\u043e\u0435 \u0447\u0438\u0441\u043b\u043e T \u2013 \u043a\u043e\u043b\u0438\u0447\u0435\u0441\u0442\u0432\u043e \u0442\u0435\u0441\u0442\u043e\u0432. \u0412\n\u043a\u0430\u0436\u0434\u043e\u0439 \u0438\u0437 \u0441\u043b\u0435\u0434\u0443\u044e\u0449\u0438\u0445 T \u0441\u0442\u0440\u043e\u043a \u0437\u0430\u043f\u0438\u0441\u0430\u043d\u0430 \u043f\u043e\u0441\u043b\u0435\u0434\u043e\u0432\u0430\u0442\u0435\u043b\u044c\u043d\u043e\u0441\u0442\u044c \u043c\u0430\u043b\u0435\u043d\u044c\u043a\u0438\u0445\n\u0431\u0443\u043a\u0432 \u043b\u0430\u0442\u0438\u043d\u0441\u043a\u043e\u0433\u043e \u0430\u043b\u0444\u0430\u0432\u0438\u0442\u0430.\n\n**\u0424\u043e\u0440\u043c\u0430\u0442 \u0432\u044b\u0445\u043e\u0434\u043d\u044b\u0445 \u0434\u0430\u043d\u043d\u044b\u0445**\n\n\u0414\u043b\u044f \u043a\u0430\u0436\u0434\u043e\u0433\u043e \u0442\u0435\u0441\u0442\u0430 \u0432\u044b\u0432\u0435\u0434\u0438\u0442\u0435 \u043e\u0442\u0432\u0435\u0442, \u0438\u043d\u0434\u0435\u043a\u0441 \u0431\u0443\u043a\u0432\u044b, \u043a\u043e\u0442\u043e\u0440\u0443\u044e \u043d\u0443\u0436\u043d\u043e\n\u0443\u0434\u0430\u043b\u0438\u0442\u044c. \u0421\u0447\u0438\u0442\u0430\u0439\u0442\u0435, \u0447\u0442\u043e \u0441\u0438\u043c\u0432\u043e\u043b\u044b \u0441\u0442\u0440\u043e\u043a\u0438 \u0438\u043d\u0434\u0435\u043a\u0441\u0438\u0440\u0443\u044e\u0442\u0441\u044f \u043e\u0442 0. \u0415\u0441\u043b\u0438\n\u0441\u0442\u0440\u043e\u043a\u0430 \u0438\u0437\u043d\u0430\u0447\u0430\u043b\u044c\u043d\u043e \u044f\u0432\u043b\u044f\u0435\u0442\u0441\u044f \u043f\u0430\u043b\u0438\u043d\u0434\u0440\u043e\u043c\u043e\u043c \u0432\u044b\u0432\u0435\u0434\u0438\u0442\u0435 -1.\n\n**\u041e\u0433\u0440\u0430\u043d\u0438\u0447\u0435\u043d\u0438\u044f**\n\n1 \u2264 T \u2264 20  \n1 \u2264 \u0434\u043b\u0438\u043d\u0430 \u0441\u0442\u0440\u043e\u043a\u0438 \u2264 200005  \n**\u041f\u0440\u0438\u043c\u0435\u0440 \u0432\u0445\u043e\u0434\u043d\u044b\u0445 \u0434\u0430\u043d\u043d\u044b\u0445**\n\n    3\n    aaab\n    baa\n    aaa\n    \n**\u041f\u0440\u0438\u043c\u0435\u0440 \u0432\u044b\u0445\u043e\u0434\u043d\u044b\u0445 \u0434\u0430\u043d\u043d\u044b\u0445**\n\n    3\n    0\n    -1", 
                    "input_format": " ", 
                    "explanation": " ", 
                    "sample_input": " ", 
                    "output_format": " "
                }, 
                "name": "\u041f\u0430\u043b\u0438\u043d\u0434\u0440\u043e\u043c\u043d\u044b\u0439 \u0438\u043d\u0434\u0435\u043a\u0441", 
                "language": "Russian", 
                "challenge_id": 1854, 
                "body_html": "<div class='challenge_problem_statement'><div class='msB challenge_problem_statement_body'><style id=\"MathJax_SVG_styles\">.MathJax_SVG_Display {text-align: center; margin: 1em 0em; position: relative; display: block!important; text-indent: 0; max-width: none; max-height: none; min-width: 0; min-height: 0; width: 100%}\n.MathJax_SVG .MJX-monospace {font-family: monospace}\n.MathJax_SVG .MJX-sans-serif {font-family: sans-serif}\n.MathJax_SVG {display: inline; font-style: normal; font-weight: normal; line-height: normal; font-size: 100%; font-size-adjust: none; text-indent: 0; text-align: left; text-transform: none; letter-spacing: normal; word-spacing: normal; word-wrap: normal; white-space: nowrap; float: none; direction: ltr; max-width: none; max-height: none; min-width: 0; min-height: 0; border: 0; padding: 0; margin: 0}\n.MathJax_SVG * {transition: none; -webkit-transition: none; -moz-transition: none; -ms-transition: none; -o-transition: none}\n.mjx-svg-href {fill: blue; stroke: blue}\n</style><svg style=\"display: none;\"><defs id=\"MathJax_SVG_glyphs\"></defs></svg><p>\u041b\u0435\u0433\u0435\u043d\u0434\u0430,\u043e\u043f\u0438\u0441\u0430\u043d\u043d\u0430\u044f \u0434\u0430\u043b\u0435\u0435, \u043f\u0435\u0440\u0435\u0444\u043e\u0440\u043c\u0443\u043b\u0438\u0440\u043e\u0432\u0430\u043d\u0430 \u0438 \u0443\u043f\u0440\u043e\u0449\u0435\u043d\u0430\n\u043f\u0435\u0440\u0435\u0432\u043e\u0434\u0447\u0438\u043a\u043e\u043c, \u0447\u0442\u043e\u0431\u044b \u0447\u0438\u0442\u0430\u0442\u0435\u043b\u044c \u043c\u043e\u0433 \u043b\u0443\u0447\u0448\u0435 \u043f\u043e\u043d\u044f\u0442\u044c \u0443\u0441\u043b\u043e\u0432\u0438\u0435 \u0437\u0430\u0434\u0430\u0447\u0438.\n\u041e\u0440\u0438\u0433\u0438\u043d\u0430\u043b\u044c\u043d\u0443\u044e \u043b\u0435\u0433\u0435\u043d\u0434\u0443 \u0432\u044b \u043c\u043e\u0436\u0435\u0442\u0435 \u043f\u0440\u043e\u0447\u0438\u0442\u0430\u0442\u044c \u043d\u0430 \u0441\u0442\u0440\u0430\u043d\u0438\u0446\u0435 \u0437\u0430\u0434\u0430\u0447\u0438 \u0432\n\u043a\u043e\u043d\u0442\u0435\u0441\u0442\u0435.\n\u0417\u0430\u0434\u0430\u043d\u0430 \u0441\u0442\u0440\u043e\u043a\u0430, \u0441\u043e\u0441\u0442\u043e\u044f\u0449\u0430\u044f \u0438\u0437 \u043c\u0430\u043b\u0435\u043d\u044c\u043a\u0438\u0445 \u0431\u0443\u043a\u0432 \u043b\u0430\u0442\u0438\u043d\u0441\u043a\u043e\u0433\u043e \u0430\u043b\u0444\u0430\u0432\u0438\u0442\u0430.\n\u0422\u0440\u0435\u0431\u0443\u0435\u0442\u0441\u044f \u043e\u043f\u0440\u0435\u0434\u0435\u043b\u0438\u0442\u044c, \u0441\u0443\u0449\u0435\u0441\u0442\u0432\u0443\u0435\u0442 \u043b\u0438 \u0442\u0430\u043a\u0430\u044f \u0431\u0443\u043a\u0432\u0430 \u0432 \u0441\u0442\u0440\u043e\u043a\u0435, \u0447\u0442\u043e \u0435\u0441\u043b\u0438\n\u0435\u0451 \u0443\u0434\u0430\u043b\u0438\u0442\u044c, \u0442\u043e \u043f\u043e\u043b\u0443\u0447\u0435\u043d\u043d\u0430\u044f \u0441\u0442\u0440\u043e\u043a\u0430 (\u0441 \u0434\u043b\u0438\u043d\u043e\u0439 \u043d\u0430 \u0435\u0434\u0438\u043d\u0438\u0446\u0443 \u043c\u0435\u043d\u044c\u0448\u0435)\n\u0441\u0442\u0430\u043d\u0435\u0442 \u043f\u0430\u043b\u0438\u043d\u0434\u0440\u043e\u043c\u043e\u043c. \u041f\u0440\u0438 \u044d\u0442\u043e\u043c \u0435\u0441\u043b\u0438 \u0438\u0437\u043d\u0430\u0447\u0430\u043b\u044c\u043d\u0430\u044f \u0441\u0442\u0440\u043e\u043a\u0430 \u0443\u0436\u0435 \u044f\u0432\u043b\u044f\u0435\u0442\u0441\u044f\n\u043f\u0430\u043b\u0438\u043d\u0434\u0440\u043e\u043c\u043e\u043c, \u043d\u0443\u0436\u043d\u043e \u0432\u044b\u0432\u0435\u0441\u0442\u0438 -1.\n<strong>\u0424\u043e\u0440\u043c\u0430\u0442 \u0432\u0445\u043e\u0434\u043d\u044b\u0445 \u0434\u0430\u043d\u043d\u044b\u0445</strong></p>\n\n<p>\u0412 \u043f\u0435\u0440\u0432\u043e\u0439 \u0441\u0442\u0440\u043e\u043a\u0435 \u0437\u0430\u043f\u0438\u0441\u0430\u043d\u043e \u0446\u0435\u043b\u043e\u0435 \u0447\u0438\u0441\u043b\u043e T \u2013 \u043a\u043e\u043b\u0438\u0447\u0435\u0441\u0442\u0432\u043e \u0442\u0435\u0441\u0442\u043e\u0432. \u0412\n\u043a\u0430\u0436\u0434\u043e\u0439 \u0438\u0437 \u0441\u043b\u0435\u0434\u0443\u044e\u0449\u0438\u0445 T \u0441\u0442\u0440\u043e\u043a \u0437\u0430\u043f\u0438\u0441\u0430\u043d\u0430 \u043f\u043e\u0441\u043b\u0435\u0434\u043e\u0432\u0430\u0442\u0435\u043b\u044c\u043d\u043e\u0441\u0442\u044c \u043c\u0430\u043b\u0435\u043d\u044c\u043a\u0438\u0445\n\u0431\u0443\u043a\u0432 \u043b\u0430\u0442\u0438\u043d\u0441\u043a\u043e\u0433\u043e \u0430\u043b\u0444\u0430\u0432\u0438\u0442\u0430.</p>\n\n<p><strong>\u0424\u043e\u0440\u043c\u0430\u0442 \u0432\u044b\u0445\u043e\u0434\u043d\u044b\u0445 \u0434\u0430\u043d\u043d\u044b\u0445</strong></p>\n\n<p>\u0414\u043b\u044f \u043a\u0430\u0436\u0434\u043e\u0433\u043e \u0442\u0435\u0441\u0442\u0430 \u0432\u044b\u0432\u0435\u0434\u0438\u0442\u0435 \u043e\u0442\u0432\u0435\u0442, \u0438\u043d\u0434\u0435\u043a\u0441 \u0431\u0443\u043a\u0432\u044b, \u043a\u043e\u0442\u043e\u0440\u0443\u044e \u043d\u0443\u0436\u043d\u043e\n\u0443\u0434\u0430\u043b\u0438\u0442\u044c. \u0421\u0447\u0438\u0442\u0430\u0439\u0442\u0435, \u0447\u0442\u043e \u0441\u0438\u043c\u0432\u043e\u043b\u044b \u0441\u0442\u0440\u043e\u043a\u0438 \u0438\u043d\u0434\u0435\u043a\u0441\u0438\u0440\u0443\u044e\u0442\u0441\u044f \u043e\u0442 0. \u0415\u0441\u043b\u0438\n\u0441\u0442\u0440\u043e\u043a\u0430 \u0438\u0437\u043d\u0430\u0447\u0430\u043b\u044c\u043d\u043e \u044f\u0432\u043b\u044f\u0435\u0442\u0441\u044f \u043f\u0430\u043b\u0438\u043d\u0434\u0440\u043e\u043c\u043e\u043c \u0432\u044b\u0432\u0435\u0434\u0438\u0442\u0435 -1.</p>\n\n<p><strong>\u041e\u0433\u0440\u0430\u043d\u0438\u0447\u0435\u043d\u0438\u044f</strong></p>\n\n<p>1 \u2264 T \u2264 20 <br>\n1 \u2264 \u0434\u043b\u0438\u043d\u0430 \u0441\u0442\u0440\u043e\u043a\u0438 \u2264 200005 <br>\n<strong>\u041f\u0440\u0438\u043c\u0435\u0440 \u0432\u0445\u043e\u0434\u043d\u044b\u0445 \u0434\u0430\u043d\u043d\u044b\u0445</strong></p>\n\n<pre><code>3\naaab\nbaa\naaa\n</code></pre>\n\n<p><strong>\u041f\u0440\u0438\u043c\u0435\u0440 \u0432\u044b\u0445\u043e\u0434\u043d\u044b\u0445 \u0434\u0430\u043d\u043d\u044b\u0445</strong></p>\n\n<pre><code>3\n0\n-1\n</code></pre></div></div>", 
                "preview": null
            }
        ], 
        "clojure_template_tail": "", 
        "cpp_template": "#include <bits/stdc++.h>\n\nusing namespace std;\n\nint palindromeIndex(string s){\n    // Complete this function\n}\n\nint main() {\n    int q;\n    cin >> q;\n    for(int a0 = 0; a0 < q; a0++){\n        string s;\n        cin >> s;\n        int result = palindromeIndex(s);\n        cout << result << endl;\n    }\n    return 0;\n}", 
        "c_template_tail": "", 
        "cpp_template_tail": "", 
        "category": "ai", 
        "haskell_template_tail": "", 
        "php_template": "<?php\n\n$handle = fopen (\"php://stdin\", \"r\");\nfunction palindromeIndex($s){\n    // Complete this function\n}\n\nfscanf($handle, \"%i\",$q);\nfor($a0 = 0; $a0 < $q; $a0++){\n    fscanf($handle, \"%s\",$s);\n    $result = palindromeIndex($s);\n    echo $result . \"\\n\";\n}\n\n?>", 
        "perl_template": "#!/usr/bin/perl\n\nsub palindromeIndex {\n\t\n}\n\n$q = <STDIN>;\nchomp $q;\nfor my $a0 (0..$q-1){\n    $s = <STDIN>;\n    chomp $s;\n    $result = palindromeIndex($s);\n    print \"$result\\n\";\n\n}\n", 
        "can_be_viewed": true, 
        "submitted_hackers_count": 33680, 
        "public_solutions": true, 
        "javascript_template_tail": "", 
        "c_template_head": "", 
        "deleted": false, 
        "real_dynamic": false, 
        "php_template_tail": "", 
        "difficulty_score": "0.467", 
        "difficulty": 0.9, 
        "active": true, 
        "slug": "palindrome-index", 
        "show_skeliton": null, 
        "player_count": 2, 
        "is_preview_contest": false, 
        "is_editorial_available": true, 
        "epoch_endtime": null, 
        "cpp_template_head": "", 
        "perl_template_tail": "", 
        "author_avatar": "https://hrcdn.net/s3_pub/hr-avatars/20791764-b9ea-4720-bc8c-416ec41364c8/150x150.png", 
        "judgebot_language": null, 
        "php_template_head": "", 
        "java_template": "import java.io.*;\nimport java.util.*;\nimport java.text.*;\nimport java.math.*;\nimport java.util.regex.*;\n\npublic class Solution {\n\n    static int palindromeIndex(String s){\n        // Complete this function\n    }\n\n    public static void main(String[] args) {\n        Scanner in = new Scanner(System.in);\n        int q = in.nextInt();\n        for(int a0 = 0; a0 < q; a0++){\n            String s = in.next();\n            int result = palindromeIndex(s);\n            System.out.println(result);\n        }\n    }\n}", 
        "python3_template_tail": "", 
        "python_template": "#!/bin/python\n\nimport sys\n\ndef palindromeIndex(s):\n    # Complete this function\n\nq = int(raw_input().strip())\nfor a0 in xrange(q):\n    s = raw_input().strip()\n    result = palindromeIndex(s)\n    print(result)\n\n", 
        "color": null, 
        "has_all_test_cases_public": false, 
        "time_left": null, 
        "scala_template": "object Solution {\n\n    def main(args: Array[String]) {\n        val sc = new java.util.Scanner (System.in);\n        var q = sc.nextInt();\n        int a0 = 0;\n        while(a0 < q){\n            var s = sc.next();\n            a0+=1;\n        }\n    }\n}", 
        "lua_template_head": "", 
        "kind": "code", 
        "is_custom": true, 
        "ruby_template": "#!/bin/ruby\n\ndef palindromeIndex(s)\n    # Complete this function\nend\n\nq = gets.strip.to_i\nfor a0 in (0..q-1)\n    s = gets.strip\n    result = palindromeIndex(s)\n    puts result;\nend\n", 
        "haskell_template": "import Control.Applicative\nimport Control.Monad\nimport System.IO\n\n\nmain :: IO ()\nmain = do\n    q_temp <- getLine\n    let q = read q_temp :: Int\n    forM_ [1..q] $ \\a0  -> do\n        s <- getLine\n\n\ngetMultipleLines :: Int -> IO [String]\n\ngetMultipleLines n\n    | n <= 0 = return []\n    | otherwise = do          \n        x <- getLine         \n        xs <- getMultipleLines (n-1)    \n        let ret = (x:xs)    \n        return ret          \n\n", 
        "java8_template": "import java.io.*;\nimport java.util.*;\nimport java.text.*;\nimport java.math.*;\nimport java.util.regex.*;\n\npublic class Solution {\n\n    static int palindromeIndex(String s){\n        // Complete this function\n    }\n\n    public static void main(String[] args) {\n        Scanner in = new Scanner(System.in);\n        int q = in.nextInt();\n        for(int a0 = 0; a0 < q; a0++){\n            String s = in.next();\n            int result = palindromeIndex(s);\n            System.out.println(result);\n        }\n    }\n}", 
        "solved_score": 1.0, 
        "expert_solution_status": false, 
        "objectivec_template_tail": "", 
        "custom": true, 
        "preview": "Determine which character(s) must be removed to make a string a palindrome.", 
        "company": null, 
        "is_text": false, 
        "python3_template_head": "", 
        "clojure_template": "(use '[clojure.string :only (split triml)])\n\n(\n        let [\n          q_t (read-line) \n          q (Integer/parseInt q_t) \n        ]\n\n      (\n        loop [a0 q]\n        (when (> a0 0)\n\n          (\n            let [\n              s (read-line)  \n            ]\n          )\n\n        (recur (- a0 1) ) )\n      )\n\n)", 
        "java_template_head": "", 
        "require_unlock": true, 
        "erlang_template_tail": "", 
        "csharp_template": "using System;\nusing System.Collections.Generic;\nusing System.IO;\nusing System.Linq;\nclass Solution {\n\n    static int palindromeIndex(string s){\n        // Complete this function\n    }\n\n    static void Main(String[] args) {\n        int q = Convert.ToInt32(Console.ReadLine());\n        for(int a0 = 0; a0 < q; a0++){\n            string s = Console.ReadLine();\n            int result = palindromeIndex(s);\n            Console.WriteLine(result);\n        }\n    }\n}", 
        "has_started": true, 
        "erlang_template": "-module(solution).\n-export([main/0]).\n\nmain() ->\n\n    { ok, [Q]} = io:fread(\"\", \"~d\"),\n    Q_list = lists:seq(1,Q),\n    lists:foreach( fun(Q0) ->\n            { ok, [S]} = io:fread(\"\", \"~s\")\n    end,Q_list),\n    true.\n\nread_array(0,D) -> [];\nread_array(N,D) -> \n\t{ok, [X]} = io:fread(\"\", D),\n\t[X | read_array(N-1,D)].\n\nread_2darray(0,M,D) -> [];\nread_2darray(N,M,D) ->\n\tQ=read_array(M,D),\n\t[Q | read_2darray(N-1,M,D)].\n\n", 
        "judgebot": null, 
        "custom_checker_language": "python", 
        "custom_case": true, 
        "scala_template_head": "", 
        "topics": [
            {
                "slug": "palindrome", 
                "title": "Palindrome"
            }
        ], 
        "updated_at": "2017-07-11T15:55:43.000Z", 
        "author_name": "amititkgp", 
        "onboarding": null, 
        "id": 1854, 
        "lua_template": "function palindromeIndex(s)\n    -- Complete this function\n\nq = io.read(\"*number\", \"*l\")\na0 = 0\nwhile a0 < q do\n    s = io.read()\n    a0 = a0 + 1\nend\n", 
        "has_ended": false, 
        "javascript_template": "process.stdin.resume();\nprocess.stdin.setEncoding('ascii');\n\nvar input_stdin = \"\";\nvar input_stdin_array = \"\";\nvar input_currentline = 0;\n\nprocess.stdin.on('data', function (data) {\n    input_stdin += data;\n});\n\nprocess.stdin.on('end', function () {\n    input_stdin_array = input_stdin.split(\"\\n\");\n    main();    \n});\n\nfunction readLine() {\n    return input_stdin_array[input_currentline++];\n}\n\n/////////////// ignore above this line ////////////////////\n\nfunction palindromeIndex(s){\n    // Complete this function\n}\n\nfunction main() {\n    var q = parseInt(readLine());\n    for(var a0 = 0; a0 < q; a0++){\n        var s = readLine();\n        var result = palindromeIndex(s);\n        process.stdout.write(\"\" + result + \"\\n\");\n    }\n\n}\n", 
        "c_template": "#include <math.h>\n#include <stdio.h>\n#include <string.h>\n#include <stdlib.h>\n#include <assert.h>\n#include <limits.h>\n#include <stdbool.h>\n\nint palindromeIndex(char* s){\n    // Complete this function\n}\n\nint main() {\n    int q; \n    scanf(\"%i\", &q);\n    for(int a0 = 0; a0 < q; a0++){\n        char* s = (char *)malloc(512000 * sizeof(char));\n        scanf(\"%s\", s);\n        int result = palindromeIndex(s);\n        printf(\"%d\\n\", result);\n    }\n    return 0;\n}", 
        "java8_template_tail": "", 
        "is_solution_unlocked": false, 
        "checker_program": "from __future__ import division\nimport json\nfrom sys import stdin\n \ndef check_inputs (inputs, outputs):\n    lis = []\n    iterate = -1\n    for inps, outps in zip(inputs, outputs):\n        lis.append(0)\n        iterate += 1\n        inps = inps.strip().split(\"\\n\")\n        outps = outps.strip().split(\"\\n\")\n        length_of_input = int(inps[0].strip())\n        if  length_of_input != len(outps):\n            lis[iterate] = 0\n            continue\n        inps = inps[1:]\n        result = 1\n        for inp, outp in zip(inps, outps):\n            #VALIDATION\n            inp = inp.strip()\n            outp = outp.strip()\n            if outp.isdigit() or (outp.startswith('-') and outp[1:].isdigit()):\n                outp = int(outp)\n            else:\n                result = 0\n                break\n            if outp<-1 or outp>=len(inp):\n                result = 0\n                break\n            if outp==-1:\n                temp = list(inp)\n            else:\n                temp=inp[0:outp]+inp[outp+1:]\n            if temp != temp[::-1]:\n                result = 0\n                break\n        lis[iterate] = result\n    return True, lis\n \ndef process(data):\n    # Whatever you do, I am not giving any marks!\n    score = 0\n\n    a,b = check_inputs(data[\"inputs\"], data[\"outputs\"])\n    score = b.count(1)/len(b)\n    return score, b\n \nif __name__ ==  '__main__':\n    stdin = stdin.read().split('\\n')\n\n    # Get the run directory for the submission we need to evaluate. I know,\n    # hackish right?\n    run_directory = stdin[-1]\n\n    # request.json contains the data submitted for the current.\n    request = json.load(open(run_directory + \"request.json\"))\n\n    data = {\n        # The submitted source code\n        \"source\": request[\"source\"],\n        # The list of test cases\n        \"testcases\": request[\"testcase_sources\"],\n        # The submitted language key (Eg: 5 for python)\n        \"lang\": request[\"lang\"],\n        # I'll tell you how to fill this next\n        \"expected_outputs\": request[\"expected_outputs\"],\n        \"outputs\": [],\n        \"inputs\": [],\n    }\n\n    for index in range(len(request[\"testcase_sources\"])):\n        output = open(run_directory + \"output%05d.out\" %(index)).read()\n        data[\"outputs\"].append(output)\n\n    for index in range(len(request[\"testcase_sources\"])):\n        inputs = open(run_directory + \"input%05d.in\" %(index)).read()\n        data[\"inputs\"].append(inputs)\n    # Gathered all the data we could, lets process it\n    score, testcase_status = process(data)\n\n    print score\n    print \" \".join(str(i) for i in testcase_status)", 
        "scala_template_tail": "", 
        "status": null, 
        "hacker": {
            "username": "HackerRank", 
            "is_admin": true, 
            "id": 15055, 
            "avatar": "https://hrcdn.net/s3_pub/hr-avatars/4c95f96b-1ff9-46ed-98f8-cb3cb4ed8834/150x150.png"
        }, 
        "track": {
            "name": "Strings", 
            "taxonomy": 1, 
            "track_slug": "algorithms", 
            "track_id": 3, 
            "track_name": "Algorithms", 
            "id": 34, 
            "rewards_system_enabled": true, 
            "slug": "strings"
        }, 
        "csharp_template_head": "", 
        "body_html": "<div class='challenge_problem_statement'><div class='msB challenge_problem_statement_body'><div class='hackdown-content'><style id=\"MathJax_SVG_styles\">.MathJax_SVG_Display {text-align: center; margin: 1em 0em; position: relative; display: block!important; text-indent: 0; max-width: none; max-height: none; min-width: 0; min-height: 0; width: 100%}\n.MathJax_SVG .MJX-monospace {font-family: monospace}\n.MathJax_SVG .MJX-sans-serif {font-family: sans-serif}\n.MathJax_SVG {display: inline; font-style: normal; font-weight: normal; line-height: normal; font-size: 100%; font-size-adjust: none; text-indent: 0; text-align: left; text-transform: none; letter-spacing: normal; word-spacing: normal; word-wrap: normal; white-space: nowrap; float: none; direction: ltr; max-width: none; max-height: none; min-width: 0; min-height: 0; border: 0; padding: 0; margin: 0}\n.MathJax_SVG * {transition: none; -webkit-transition: none; -moz-transition: none; -ms-transition: none; -o-transition: none}\n.mjx-svg-href {fill: blue; stroke: blue}\n</style><svg style=\"display: none;\"><defs id=\"MathJax_SVG_glyphs\"></defs></svg><p>Given a string, <span style=\"font-size: 100%; display: inline-block;\" class=\"MathJax_SVG\" id=\"MathJax-Element-1-Frame\"><svg xmlns:xlink=\"http://www.w3.org/1999/xlink\" width=\"1.499ex\" height=\"2.176ex\" style=\"vertical-align: -0.338ex;\" viewBox=\"0 -791.3 645.5 936.9\" role=\"img\" focusable=\"false\"><g stroke=\"currentColor\" fill=\"currentColor\" stroke-width=\"0\" transform=\"matrix(1 0 0 -1 0 0)\"><path stroke-width=\"1\" d=\"M308 24Q367 24 416 76T466 197Q466 260 414 284Q308 311 278 321T236 341Q176 383 176 462Q176 523 208 573T273 648Q302 673 343 688T407 704H418H425Q521 704 564 640Q565 640 577 653T603 682T623 704Q624 704 627 704T632 705Q645 705 645 698T617 577T585 459T569 456Q549 456 549 465Q549 471 550 475Q550 478 551 494T553 520Q553 554 544 579T526 616T501 641Q465 662 419 662Q362 662 313 616T263 510Q263 480 278 458T319 427Q323 425 389 408T456 390Q490 379 522 342T554 242Q554 216 546 186Q541 164 528 137T492 78T426 18T332 -20Q320 -22 298 -22Q199 -22 144 33L134 44L106 13Q83 -14 78 -18T65 -22Q52 -22 52 -14Q52 -11 110 221Q112 227 130 227H143Q149 221 149 216Q149 214 148 207T144 186T142 153Q144 114 160 87T203 47T255 29T308 24Z\"></path></g></svg></span>, of lowercase letters, determine the index of the character whose removal will make <span style=\"font-size: 100%; display: inline-block;\" class=\"MathJax_SVG\" id=\"MathJax-Element-2-Frame\"><svg xmlns:xlink=\"http://www.w3.org/1999/xlink\" width=\"1.499ex\" height=\"2.176ex\" style=\"vertical-align: -0.338ex;\" viewBox=\"0 -791.3 645.5 936.9\" role=\"img\" focusable=\"false\"><g stroke=\"currentColor\" fill=\"currentColor\" stroke-width=\"0\" transform=\"matrix(1 0 0 -1 0 0)\"><path stroke-width=\"1\" d=\"M308 24Q367 24 416 76T466 197Q466 260 414 284Q308 311 278 321T236 341Q176 383 176 462Q176 523 208 573T273 648Q302 673 343 688T407 704H418H425Q521 704 564 640Q565 640 577 653T603 682T623 704Q624 704 627 704T632 705Q645 705 645 698T617 577T585 459T569 456Q549 456 549 465Q549 471 550 475Q550 478 551 494T553 520Q553 554 544 579T526 616T501 641Q465 662 419 662Q362 662 313 616T263 510Q263 480 278 458T319 427Q323 425 389 408T456 390Q490 379 522 342T554 242Q554 216 546 186Q541 164 528 137T492 78T426 18T332 -20Q320 -22 298 -22Q199 -22 144 33L134 44L106 13Q83 -14 78 -18T65 -22Q52 -22 52 -14Q52 -11 110 221Q112 227 130 227H143Q149 221 149 216Q149 214 148 207T144 186T142 153Q144 114 160 87T203 47T255 29T308 24Z\"></path></g></svg></span> a palindrome. If <span style=\"font-size: 100%; display: inline-block;\" class=\"MathJax_SVG\" id=\"MathJax-Element-3-Frame\"><svg xmlns:xlink=\"http://www.w3.org/1999/xlink\" width=\"1.499ex\" height=\"2.176ex\" style=\"vertical-align: -0.338ex;\" viewBox=\"0 -791.3 645.5 936.9\" role=\"img\" focusable=\"false\"><g stroke=\"currentColor\" fill=\"currentColor\" stroke-width=\"0\" transform=\"matrix(1 0 0 -1 0 0)\"><path stroke-width=\"1\" d=\"M308 24Q367 24 416 76T466 197Q466 260 414 284Q308 311 278 321T236 341Q176 383 176 462Q176 523 208 573T273 648Q302 673 343 688T407 704H418H425Q521 704 564 640Q565 640 577 653T603 682T623 704Q624 704 627 704T632 705Q645 705 645 698T617 577T585 459T569 456Q549 456 549 465Q549 471 550 475Q550 478 551 494T553 520Q553 554 544 579T526 616T501 641Q465 662 419 662Q362 662 313 616T263 510Q263 480 278 458T319 427Q323 425 389 408T456 390Q490 379 522 342T554 242Q554 216 546 186Q541 164 528 137T492 78T426 18T332 -20Q320 -22 298 -22Q199 -22 144 33L134 44L106 13Q83 -14 78 -18T65 -22Q52 -22 52 -14Q52 -11 110 221Q112 227 130 227H143Q149 221 149 216Q149 214 148 207T144 186T142 153Q144 114 160 87T203 47T255 29T308 24Z\"></path></g></svg></span> is already a palindrome or no such character exists, then print <span style=\"font-size: 100%; display: inline-block;\" class=\"MathJax_SVG\" id=\"MathJax-Element-4-Frame\"><svg xmlns:xlink=\"http://www.w3.org/1999/xlink\" width=\"2.971ex\" height=\"2.176ex\" style=\"vertical-align: -0.338ex;\" viewBox=\"0 -791.3 1279 936.9\" role=\"img\" focusable=\"false\"><g stroke=\"currentColor\" fill=\"currentColor\" stroke-width=\"0\" transform=\"matrix(1 0 0 -1 0 0)\"><path stroke-width=\"1\" d=\"M84 237T84 250T98 270H679Q694 262 694 250T679 230H98Q84 237 84 250Z\"></path><g transform=\"translate(778,0)\"><path stroke-width=\"1\" d=\"M213 578L200 573Q186 568 160 563T102 556H83V602H102Q149 604 189 617T245 641T273 663Q275 666 285 666Q294 666 302 660V361L303 61Q310 54 315 52T339 48T401 46H427V0H416Q395 3 257 3Q121 3 100 0H88V46H114Q136 46 152 46T177 47T193 50T201 52T207 57T213 61V578Z\"></path></g></g></svg></span>. There will always be a valid solution, and any correct answer is acceptable. For example, if <span style=\"font-size: 100%; display: inline-block;\" class=\"MathJax_SVG\" id=\"MathJax-Element-5-Frame\"><svg xmlns:xlink=\"http://www.w3.org/1999/xlink\" width=\"3.953ex\" height=\"2.176ex\" style=\"vertical-align: -0.338ex;\" viewBox=\"0 -791.3 1701.8 936.9\" role=\"img\" focusable=\"false\"><g stroke=\"currentColor\" fill=\"currentColor\" stroke-width=\"0\" transform=\"matrix(1 0 0 -1 0 0)\"><path stroke-width=\"1\" d=\"M308 24Q367 24 416 76T466 197Q466 260 414 284Q308 311 278 321T236 341Q176 383 176 462Q176 523 208 573T273 648Q302 673 343 688T407 704H418H425Q521 704 564 640Q565 640 577 653T603 682T623 704Q624 704 627 704T632 705Q645 705 645 698T617 577T585 459T569 456Q549 456 549 465Q549 471 550 475Q550 478 551 494T553 520Q553 554 544 579T526 616T501 641Q465 662 419 662Q362 662 313 616T263 510Q263 480 278 458T319 427Q323 425 389 408T456 390Q490 379 522 342T554 242Q554 216 546 186Q541 164 528 137T492 78T426 18T332 -20Q320 -22 298 -22Q199 -22 144 33L134 44L106 13Q83 -14 78 -18T65 -22Q52 -22 52 -14Q52 -11 110 221Q112 227 130 227H143Q149 221 149 216Q149 214 148 207T144 186T142 153Q144 114 160 87T203 47T255 29T308 24Z\"></path><g transform=\"translate(923,0)\"><path stroke-width=\"1\" d=\"M56 347Q56 360 70 367H707Q722 359 722 347Q722 336 708 328L390 327H72Q56 332 56 347ZM56 153Q56 168 72 173H708Q722 163 722 153Q722 140 707 133H70Q56 140 56 153Z\"></path></g></g></svg></span> <em>\"bcbc\"</em>, we can either remove <em>'b'</em> at index <span style=\"font-size: 100%; display: inline-block;\" class=\"MathJax_SVG\" id=\"MathJax-Element-6-Frame\"><svg xmlns:xlink=\"http://www.w3.org/1999/xlink\" width=\"1.162ex\" height=\"2.176ex\" style=\"vertical-align: -0.338ex;\" viewBox=\"0 -791.3 500.5 936.9\" role=\"img\" focusable=\"false\"><g stroke=\"currentColor\" fill=\"currentColor\" stroke-width=\"0\" transform=\"matrix(1 0 0 -1 0 0)\"><path stroke-width=\"1\" d=\"M96 585Q152 666 249 666Q297 666 345 640T423 548Q460 465 460 320Q460 165 417 83Q397 41 362 16T301 -15T250 -22Q224 -22 198 -16T137 16T82 83Q39 165 39 320Q39 494 96 585ZM321 597Q291 629 250 629Q208 629 178 597Q153 571 145 525T137 333Q137 175 145 125T181 46Q209 16 250 16Q290 16 318 46Q347 76 354 130T362 333Q362 478 354 524T321 597Z\"></path></g></svg></span> or <em>'c'</em> at index <span style=\"font-size: 100%; display: inline-block;\" class=\"MathJax_SVG\" id=\"MathJax-Element-7-Frame\"><svg xmlns:xlink=\"http://www.w3.org/1999/xlink\" width=\"1.162ex\" height=\"2.176ex\" style=\"vertical-align: -0.338ex;\" viewBox=\"0 -791.3 500.5 936.9\" role=\"img\" focusable=\"false\"><g stroke=\"currentColor\" fill=\"currentColor\" stroke-width=\"0\" transform=\"matrix(1 0 0 -1 0 0)\"><path stroke-width=\"1\" d=\"M127 463Q100 463 85 480T69 524Q69 579 117 622T233 665Q268 665 277 664Q351 652 390 611T430 522Q430 470 396 421T302 350L299 348Q299 347 308 345T337 336T375 315Q457 262 457 175Q457 96 395 37T238 -22Q158 -22 100 21T42 130Q42 158 60 175T105 193Q133 193 151 175T169 130Q169 119 166 110T159 94T148 82T136 74T126 70T118 67L114 66Q165 21 238 21Q293 21 321 74Q338 107 338 175V195Q338 290 274 322Q259 328 213 329L171 330L168 332Q166 335 166 348Q166 366 174 366Q202 366 232 371Q266 376 294 413T322 525V533Q322 590 287 612Q265 626 240 626Q208 626 181 615T143 592T132 580H135Q138 579 143 578T153 573T165 566T175 555T183 540T186 520Q186 498 172 481T127 463Z\"></path></g></svg></span>.</p></div></div></div><div class='challenge_input_format'><div class='msB challenge_input_format_title'><p><strong>Input Format</strong></p></div><div class='msB challenge_input_format_body'><div class='hackdown-content'><style id=\"MathJax_SVG_styles\">.MathJax_SVG_Display {text-align: center; margin: 1em 0em; position: relative; display: block!important; text-indent: 0; max-width: none; max-height: none; min-width: 0; min-height: 0; width: 100%}\n.MathJax_SVG .MJX-monospace {font-family: monospace}\n.MathJax_SVG .MJX-sans-serif {font-family: sans-serif}\n.MathJax_SVG {display: inline; font-style: normal; font-weight: normal; line-height: normal; font-size: 100%; font-size-adjust: none; text-indent: 0; text-align: left; text-transform: none; letter-spacing: normal; word-spacing: normal; word-wrap: normal; white-space: nowrap; float: none; direction: ltr; max-width: none; max-height: none; min-width: 0; min-height: 0; border: 0; padding: 0; margin: 0}\n.MathJax_SVG * {transition: none; -webkit-transition: none; -moz-transition: none; -ms-transition: none; -o-transition: none}\n.mjx-svg-href {fill: blue; stroke: blue}\n</style><svg style=\"display: none;\"><defs id=\"MathJax_SVG_glyphs\"></defs></svg><p>The first line contains an integer, <span style=\"font-size: 100%; display: inline-block;\" class=\"MathJax_SVG\" id=\"MathJax-Element-1-Frame\"><svg xmlns:xlink=\"http://www.w3.org/1999/xlink\" width=\"1.636ex\" height=\"2.176ex\" style=\"vertical-align: -0.338ex;\" viewBox=\"0 -791.3 704.5 936.9\" role=\"img\" focusable=\"false\"><g stroke=\"currentColor\" fill=\"currentColor\" stroke-width=\"0\" transform=\"matrix(1 0 0 -1 0 0)\"><path stroke-width=\"1\" d=\"M40 437Q21 437 21 445Q21 450 37 501T71 602L88 651Q93 669 101 677H569H659Q691 677 697 676T704 667Q704 661 687 553T668 444Q668 437 649 437Q640 437 637 437T631 442L629 445Q629 451 635 490T641 551Q641 586 628 604T573 629Q568 630 515 631Q469 631 457 630T439 622Q438 621 368 343T298 60Q298 48 386 46Q418 46 427 45T436 36Q436 31 433 22Q429 4 424 1L422 0Q419 0 415 0Q410 0 363 1T228 2Q99 2 64 0H49Q43 6 43 9T45 27Q49 40 55 46H83H94Q174 46 189 55Q190 56 191 56Q196 59 201 76T241 233Q258 301 269 344Q339 619 339 625Q339 630 310 630H279Q212 630 191 624Q146 614 121 583T67 467Q60 445 57 441T43 437H40Z\"></path></g></svg></span>, denoting the number of test cases. <br>\nEach line <span style=\"font-size: 100%; display: inline-block;\" class=\"MathJax_SVG\" id=\"MathJax-Element-2-Frame\"><svg xmlns:xlink=\"http://www.w3.org/1999/xlink\" width=\"0.802ex\" height=\"2.176ex\" style=\"vertical-align: -0.338ex;\" viewBox=\"0 -791.3 345.5 936.9\" role=\"img\" focusable=\"false\"><g stroke=\"currentColor\" fill=\"currentColor\" stroke-width=\"0\" transform=\"matrix(1 0 0 -1 0 0)\"><path stroke-width=\"1\" d=\"M184 600Q184 624 203 642T247 661Q265 661 277 649T290 619Q290 596 270 577T226 557Q211 557 198 567T184 600ZM21 287Q21 295 30 318T54 369T98 420T158 442Q197 442 223 419T250 357Q250 340 236 301T196 196T154 83Q149 61 149 51Q149 26 166 26Q175 26 185 29T208 43T235 78T260 137Q263 149 265 151T282 153Q302 153 302 143Q302 135 293 112T268 61T223 11T161 -11Q129 -11 102 10T74 74Q74 91 79 106T122 220Q160 321 166 341T173 380Q173 404 156 404H154Q124 404 99 371T61 287Q60 286 59 284T58 281T56 279T53 278T49 278T41 278H27Q21 284 21 287Z\"></path></g></svg></span> of the <span style=\"font-size: 100%; display: inline-block;\" class=\"MathJax_SVG\" id=\"MathJax-Element-3-Frame\"><svg xmlns:xlink=\"http://www.w3.org/1999/xlink\" width=\"1.636ex\" height=\"2.176ex\" style=\"vertical-align: -0.338ex;\" viewBox=\"0 -791.3 704.5 936.9\" role=\"img\" focusable=\"false\"><g stroke=\"currentColor\" fill=\"currentColor\" stroke-width=\"0\" transform=\"matrix(1 0 0 -1 0 0)\"><path stroke-width=\"1\" d=\"M40 437Q21 437 21 445Q21 450 37 501T71 602L88 651Q93 669 101 677H569H659Q691 677 697 676T704 667Q704 661 687 553T668 444Q668 437 649 437Q640 437 637 437T631 442L629 445Q629 451 635 490T641 551Q641 586 628 604T573 629Q568 630 515 631Q469 631 457 630T439 622Q438 621 368 343T298 60Q298 48 386 46Q418 46 427 45T436 36Q436 31 433 22Q429 4 424 1L422 0Q419 0 415 0Q410 0 363 1T228 2Q99 2 64 0H49Q43 6 43 9T45 27Q49 40 55 46H83H94Q174 46 189 55Q190 56 191 56Q196 59 201 76T241 233Q258 301 269 344Q339 619 339 625Q339 630 310 630H279Q212 630 191 624Q146 614 121 583T67 467Q60 445 57 441T43 437H40Z\"></path></g></svg></span> subsequent lines (where <span style=\"font-size: 100%; display: inline-block;\" class=\"MathJax_SVG\" id=\"MathJax-Element-4-Frame\"><svg xmlns:xlink=\"http://www.w3.org/1999/xlink\" width=\"9.798ex\" height=\"2.343ex\" style=\"vertical-align: -0.505ex;\" viewBox=\"0 -791.3 4218.6 1008.6\" role=\"img\" focusable=\"false\"><g stroke=\"currentColor\" fill=\"currentColor\" stroke-width=\"0\" transform=\"matrix(1 0 0 -1 0 0)\"><path stroke-width=\"1\" d=\"M96 585Q152 666 249 666Q297 666 345 640T423 548Q460 465 460 320Q460 165 417 83Q397 41 362 16T301 -15T250 -22Q224 -22 198 -16T137 16T82 83Q39 165 39 320Q39 494 96 585ZM321 597Q291 629 250 629Q208 629 178 597Q153 571 145 525T137 333Q137 175 145 125T181 46Q209 16 250 16Q290 16 318 46Q347 76 354 130T362 333Q362 478 354 524T321 597Z\"></path><g transform=\"translate(778,0)\"><path stroke-width=\"1\" d=\"M674 636Q682 636 688 630T694 615T687 601Q686 600 417 472L151 346L399 228Q687 92 691 87Q694 81 694 76Q694 58 676 56H670L382 192Q92 329 90 331Q83 336 83 348Q84 359 96 365Q104 369 382 500T665 634Q669 636 674 636ZM84 -118Q84 -108 99 -98H678Q694 -104 694 -118Q694 -130 679 -138H98Q84 -131 84 -118Z\"></path></g><g transform=\"translate(1834,0)\"><path stroke-width=\"1\" d=\"M184 600Q184 624 203 642T247 661Q265 661 277 649T290 619Q290 596 270 577T226 557Q211 557 198 567T184 600ZM21 287Q21 295 30 318T54 369T98 420T158 442Q197 442 223 419T250 357Q250 340 236 301T196 196T154 83Q149 61 149 51Q149 26 166 26Q175 26 185 29T208 43T235 78T260 137Q263 149 265 151T282 153Q302 153 302 143Q302 135 293 112T268 61T223 11T161 -11Q129 -11 102 10T74 74Q74 91 79 106T122 220Q160 321 166 341T173 380Q173 404 156 404H154Q124 404 99 371T61 287Q60 286 59 284T58 281T56 279T53 278T49 278T41 278H27Q21 284 21 287Z\"></path></g><g transform=\"translate(2457,0)\"><path stroke-width=\"1\" d=\"M694 -11T694 -19T688 -33T678 -40Q671 -40 524 29T234 166L90 235Q83 240 83 250Q83 261 91 266Q664 540 678 540Q681 540 687 534T694 519T687 505Q686 504 417 376L151 250L417 124Q686 -4 687 -5Q694 -11 694 -19Z\"></path></g><g transform=\"translate(3514,0)\"><path stroke-width=\"1\" d=\"M40 437Q21 437 21 445Q21 450 37 501T71 602L88 651Q93 669 101 677H569H659Q691 677 697 676T704 667Q704 661 687 553T668 444Q668 437 649 437Q640 437 637 437T631 442L629 445Q629 451 635 490T641 551Q641 586 628 604T573 629Q568 630 515 631Q469 631 457 630T439 622Q438 621 368 343T298 60Q298 48 386 46Q418 46 427 45T436 36Q436 31 433 22Q429 4 424 1L422 0Q419 0 415 0Q410 0 363 1T228 2Q99 2 64 0H49Q43 6 43 9T45 27Q49 40 55 46H83H94Q174 46 189 55Q190 56 191 56Q196 59 201 76T241 233Q258 301 269 344Q339 619 339 625Q339 630 310 630H279Q212 630 191 624Q146 614 121 583T67 467Q60 445 57 441T43 437H40Z\"></path></g></g></svg></span>) describes a test case in the form of a single string, <span style=\"font-size: 100%; display: inline-block;\" class=\"MathJax_SVG\" id=\"MathJax-Element-5-Frame\"><svg xmlns:xlink=\"http://www.w3.org/1999/xlink\" width=\"2.225ex\" height=\"2.509ex\" style=\"vertical-align: -0.671ex;\" viewBox=\"0 -791.3 957.8 1080.4\" role=\"img\" focusable=\"false\"><g stroke=\"currentColor\" fill=\"currentColor\" stroke-width=\"0\" transform=\"matrix(1 0 0 -1 0 0)\"><path stroke-width=\"1\" d=\"M308 24Q367 24 416 76T466 197Q466 260 414 284Q308 311 278 321T236 341Q176 383 176 462Q176 523 208 573T273 648Q302 673 343 688T407 704H418H425Q521 704 564 640Q565 640 577 653T603 682T623 704Q624 704 627 704T632 705Q645 705 645 698T617 577T585 459T569 456Q549 456 549 465Q549 471 550 475Q550 478 551 494T553 520Q553 554 544 579T526 616T501 641Q465 662 419 662Q362 662 313 616T263 510Q263 480 278 458T319 427Q323 425 389 408T456 390Q490 379 522 342T554 242Q554 216 546 186Q541 164 528 137T492 78T426 18T332 -20Q320 -22 298 -22Q199 -22 144 33L134 44L106 13Q83 -14 78 -18T65 -22Q52 -22 52 -14Q52 -11 110 221Q112 227 130 227H143Q149 221 149 216Q149 214 148 207T144 186T142 153Q144 114 160 87T203 47T255 29T308 24Z\"></path><g transform=\"translate(613,-150)\"><path stroke-width=\"1\" transform=\"scale(0.707)\" d=\"M184 600Q184 624 203 642T247 661Q265 661 277 649T290 619Q290 596 270 577T226 557Q211 557 198 567T184 600ZM21 287Q21 295 30 318T54 369T98 420T158 442Q197 442 223 419T250 357Q250 340 236 301T196 196T154 83Q149 61 149 51Q149 26 166 26Q175 26 185 29T208 43T235 78T260 137Q263 149 265 151T282 153Q302 153 302 143Q302 135 293 112T268 61T223 11T161 -11Q129 -11 102 10T74 74Q74 91 79 106T122 220Q160 321 166 341T173 380Q173 404 156 404H154Q124 404 99 371T61 287Q60 286 59 284T58 281T56 279T53 278T49 278T41 278H27Q21 284 21 287Z\"></path></g></g></svg></span>.</p></div></div></div><div class='challenge_constraints'><div class='msB challenge_constraints_title'><p><strong>Constraints</strong></p></div><div class='msB challenge_constraints_body'><div class='hackdown-content'><style id=\"MathJax_SVG_styles\">.MathJax_SVG_Display {text-align: center; margin: 1em 0em; position: relative; display: block!important; text-indent: 0; max-width: none; max-height: none; min-width: 0; min-height: 0; width: 100%}\n.MathJax_SVG .MJX-monospace {font-family: monospace}\n.MathJax_SVG .MJX-sans-serif {font-family: sans-serif}\n.MathJax_SVG {display: inline; font-style: normal; font-weight: normal; line-height: normal; font-size: 100%; font-size-adjust: none; text-indent: 0; text-align: left; text-transform: none; letter-spacing: normal; word-spacing: normal; word-wrap: normal; white-space: nowrap; float: none; direction: ltr; max-width: none; max-height: none; min-width: 0; min-height: 0; border: 0; padding: 0; margin: 0}\n.MathJax_SVG * {transition: none; -webkit-transition: none; -moz-transition: none; -ms-transition: none; -o-transition: none}\n.mjx-svg-href {fill: blue; stroke: blue}\n</style><svg style=\"display: none;\"><defs id=\"MathJax_SVG_glyphs\"></defs></svg><ul>\n<li><span style=\"font-size: 100%; display: inline-block;\" class=\"MathJax_SVG\" id=\"MathJax-Element-1-Frame\"><svg xmlns:xlink=\"http://www.w3.org/1999/xlink\" width=\"11.321ex\" height=\"2.343ex\" style=\"vertical-align: -0.505ex;\" viewBox=\"0 -791.3 4874.1 1008.6\" role=\"img\" focusable=\"false\"><g stroke=\"currentColor\" fill=\"currentColor\" stroke-width=\"0\" transform=\"matrix(1 0 0 -1 0 0)\"><path stroke-width=\"1\" d=\"M213 578L200 573Q186 568 160 563T102 556H83V602H102Q149 604 189 617T245 641T273 663Q275 666 285 666Q294 666 302 660V361L303 61Q310 54 315 52T339 48T401 46H427V0H416Q395 3 257 3Q121 3 100 0H88V46H114Q136 46 152 46T177 47T193 50T201 52T207 57T213 61V578Z\"></path><g transform=\"translate(778,0)\"><path stroke-width=\"1\" d=\"M674 636Q682 636 688 630T694 615T687 601Q686 600 417 472L151 346L399 228Q687 92 691 87Q694 81 694 76Q694 58 676 56H670L382 192Q92 329 90 331Q83 336 83 348Q84 359 96 365Q104 369 382 500T665 634Q669 636 674 636ZM84 -118Q84 -108 99 -98H678Q694 -104 694 -118Q694 -130 679 -138H98Q84 -131 84 -118Z\"></path></g><g transform=\"translate(1834,0)\"><path stroke-width=\"1\" d=\"M40 437Q21 437 21 445Q21 450 37 501T71 602L88 651Q93 669 101 677H569H659Q691 677 697 676T704 667Q704 661 687 553T668 444Q668 437 649 437Q640 437 637 437T631 442L629 445Q629 451 635 490T641 551Q641 586 628 604T573 629Q568 630 515 631Q469 631 457 630T439 622Q438 621 368 343T298 60Q298 48 386 46Q418 46 427 45T436 36Q436 31 433 22Q429 4 424 1L422 0Q419 0 415 0Q410 0 363 1T228 2Q99 2 64 0H49Q43 6 43 9T45 27Q49 40 55 46H83H94Q174 46 189 55Q190 56 191 56Q196 59 201 76T241 233Q258 301 269 344Q339 619 339 625Q339 630 310 630H279Q212 630 191 624Q146 614 121 583T67 467Q60 445 57 441T43 437H40Z\"></path></g><g transform=\"translate(2816,0)\"><path stroke-width=\"1\" d=\"M674 636Q682 636 688 630T694 615T687 601Q686 600 417 472L151 346L399 228Q687 92 691 87Q694 81 694 76Q694 58 676 56H670L382 192Q92 329 90 331Q83 336 83 348Q84 359 96 365Q104 369 382 500T665 634Q669 636 674 636ZM84 -118Q84 -108 99 -98H678Q694 -104 694 -118Q694 -130 679 -138H98Q84 -131 84 -118Z\"></path></g><g transform=\"translate(3873,0)\"><path stroke-width=\"1\" d=\"M109 429Q82 429 66 447T50 491Q50 562 103 614T235 666Q326 666 387 610T449 465Q449 422 429 383T381 315T301 241Q265 210 201 149L142 93L218 92Q375 92 385 97Q392 99 409 186V189H449V186Q448 183 436 95T421 3V0H50V19V31Q50 38 56 46T86 81Q115 113 136 137Q145 147 170 174T204 211T233 244T261 278T284 308T305 340T320 369T333 401T340 431T343 464Q343 527 309 573T212 619Q179 619 154 602T119 569T109 550Q109 549 114 549Q132 549 151 535T170 489Q170 464 154 447T109 429Z\"></path><path stroke-width=\"1\" d=\"M96 585Q152 666 249 666Q297 666 345 640T423 548Q460 465 460 320Q460 165 417 83Q397 41 362 16T301 -15T250 -22Q224 -22 198 -16T137 16T82 83Q39 165 39 320Q39 494 96 585ZM321 597Q291 629 250 629Q208 629 178 597Q153 571 145 525T137 333Q137 175 145 125T181 46Q209 16 250 16Q290 16 318 46Q347 76 354 130T362 333Q362 478 354 524T321 597Z\" transform=\"translate(500,0)\"></path></g></g></svg></span>  </li>\n<li><span style=\"font-size: 100%; display: inline-block;\" class=\"MathJax_SVG\" id=\"MathJax-Element-2-Frame\"><svg xmlns:xlink=\"http://www.w3.org/1999/xlink\" width=\"17.534ex\" height=\"3.176ex\" style=\"vertical-align: -0.838ex;\" viewBox=\"0 -1006.6 7549.5 1367.4\" role=\"img\" focusable=\"false\"><g stroke=\"currentColor\" fill=\"currentColor\" stroke-width=\"0\" transform=\"matrix(1 0 0 -1 0 0)\"><path stroke-width=\"1\" d=\"M213 578L200 573Q186 568 160 563T102 556H83V602H102Q149 604 189 617T245 641T273 663Q275 666 285 666Q294 666 302 660V361L303 61Q310 54 315 52T339 48T401 46H427V0H416Q395 3 257 3Q121 3 100 0H88V46H114Q136 46 152 46T177 47T193 50T201 52T207 57T213 61V578Z\"></path><g transform=\"translate(778,0)\"><path stroke-width=\"1\" d=\"M674 636Q682 636 688 630T694 615T687 601Q686 600 417 472L151 346L399 228Q687 92 691 87Q694 81 694 76Q694 58 676 56H670L382 192Q92 329 90 331Q83 336 83 348Q84 359 96 365Q104 369 382 500T665 634Q669 636 674 636ZM84 -118Q84 -108 99 -98H678Q694 -104 694 -118Q694 -130 679 -138H98Q84 -131 84 -118Z\"></path></g><g transform=\"translate(1834,0)\"><path stroke-width=\"1\" d=\"M139 -249H137Q125 -249 119 -235V251L120 737Q130 750 139 750Q152 750 159 735V-235Q151 -249 141 -249H139Z\"></path></g><g transform=\"translate(2113,0)\"><path stroke-width=\"1\" d=\"M308 24Q367 24 416 76T466 197Q466 260 414 284Q308 311 278 321T236 341Q176 383 176 462Q176 523 208 573T273 648Q302 673 343 688T407 704H418H425Q521 704 564 640Q565 640 577 653T603 682T623 704Q624 704 627 704T632 705Q645 705 645 698T617 577T585 459T569 456Q549 456 549 465Q549 471 550 475Q550 478 551 494T553 520Q553 554 544 579T526 616T501 641Q465 662 419 662Q362 662 313 616T263 510Q263 480 278 458T319 427Q323 425 389 408T456 390Q490 379 522 342T554 242Q554 216 546 186Q541 164 528 137T492 78T426 18T332 -20Q320 -22 298 -22Q199 -22 144 33L134 44L106 13Q83 -14 78 -18T65 -22Q52 -22 52 -14Q52 -11 110 221Q112 227 130 227H143Q149 221 149 216Q149 214 148 207T144 186T142 153Q144 114 160 87T203 47T255 29T308 24Z\"></path></g><g transform=\"translate(2758,0)\"><path stroke-width=\"1\" d=\"M139 -249H137Q125 -249 119 -235V251L120 737Q130 750 139 750Q152 750 159 735V-235Q151 -249 141 -249H139Z\"></path></g><g transform=\"translate(3314,0)\"><path stroke-width=\"1\" d=\"M674 636Q682 636 688 630T694 615T687 601Q686 600 417 472L151 346L399 228Q687 92 691 87Q694 81 694 76Q694 58 676 56H670L382 192Q92 329 90 331Q83 336 83 348Q84 359 96 365Q104 369 382 500T665 634Q669 636 674 636ZM84 -118Q84 -108 99 -98H678Q694 -104 694 -118Q694 -130 679 -138H98Q84 -131 84 -118Z\"></path></g><g transform=\"translate(4371,0)\"><path stroke-width=\"1\" d=\"M213 578L200 573Q186 568 160 563T102 556H83V602H102Q149 604 189 617T245 641T273 663Q275 666 285 666Q294 666 302 660V361L303 61Q310 54 315 52T339 48T401 46H427V0H416Q395 3 257 3Q121 3 100 0H88V46H114Q136 46 152 46T177 47T193 50T201 52T207 57T213 61V578Z\"></path><path stroke-width=\"1\" d=\"M96 585Q152 666 249 666Q297 666 345 640T423 548Q460 465 460 320Q460 165 417 83Q397 41 362 16T301 -15T250 -22Q224 -22 198 -16T137 16T82 83Q39 165 39 320Q39 494 96 585ZM321 597Q291 629 250 629Q208 629 178 597Q153 571 145 525T137 333Q137 175 145 125T181 46Q209 16 250 16Q290 16 318 46Q347 76 354 130T362 333Q362 478 354 524T321 597Z\" transform=\"translate(500,0)\"></path><g transform=\"translate(1001,393)\"><path stroke-width=\"1\" transform=\"scale(0.707)\" d=\"M164 157Q164 133 148 117T109 101H102Q148 22 224 22Q294 22 326 82Q345 115 345 210Q345 313 318 349Q292 382 260 382H254Q176 382 136 314Q132 307 129 306T114 304Q97 304 95 310Q93 314 93 485V614Q93 664 98 664Q100 666 102 666Q103 666 123 658T178 642T253 634Q324 634 389 662Q397 666 402 666Q410 666 410 648V635Q328 538 205 538Q174 538 149 544L139 546V374Q158 388 169 396T205 412T256 420Q337 420 393 355T449 201Q449 109 385 44T229 -22Q148 -22 99 32T50 154Q50 178 61 192T84 210T107 214Q132 214 148 197T164 157Z\"></path></g></g><g transform=\"translate(6048,0)\"><path stroke-width=\"1\" d=\"M56 237T56 250T70 270H369V420L370 570Q380 583 389 583Q402 583 409 568V270H707Q722 262 722 250T707 230H409V-68Q401 -82 391 -82H389H387Q375 -82 369 -68V230H70Q56 237 56 250Z\"></path></g><g transform=\"translate(7048,0)\"><path stroke-width=\"1\" d=\"M164 157Q164 133 148 117T109 101H102Q148 22 224 22Q294 22 326 82Q345 115 345 210Q345 313 318 349Q292 382 260 382H254Q176 382 136 314Q132 307 129 306T114 304Q97 304 95 310Q93 314 93 485V614Q93 664 98 664Q100 666 102 666Q103 666 123 658T178 642T253 634Q324 634 389 662Q397 666 402 666Q410 666 410 648V635Q328 538 205 538Q174 538 149 544L139 546V374Q158 388 169 396T205 412T256 420Q337 420 393 355T449 201Q449 109 385 44T229 -22Q148 -22 99 32T50 154Q50 178 61 192T84 210T107 214Q132 214 148 197T164 157Z\"></path></g></g></svg></span>  </li>\n<li>All characters are lowercase English letters.</li>\n</ul></div></div></div><div class='challenge_output_format'><div class='msB challenge_output_format_title'><p><strong>Output Format</strong></p></div><div class='msB challenge_output_format_body'><div class='hackdown-content'><style id=\"MathJax_SVG_styles\">.MathJax_SVG_Display {text-align: center; margin: 1em 0em; position: relative; display: block!important; text-indent: 0; max-width: none; max-height: none; min-width: 0; min-height: 0; width: 100%}\n.MathJax_SVG .MJX-monospace {font-family: monospace}\n.MathJax_SVG .MJX-sans-serif {font-family: sans-serif}\n.MathJax_SVG {display: inline; font-style: normal; font-weight: normal; line-height: normal; font-size: 100%; font-size-adjust: none; text-indent: 0; text-align: left; text-transform: none; letter-spacing: normal; word-spacing: normal; word-wrap: normal; white-space: nowrap; float: none; direction: ltr; max-width: none; max-height: none; min-width: 0; min-height: 0; border: 0; padding: 0; margin: 0}\n.MathJax_SVG * {transition: none; -webkit-transition: none; -moz-transition: none; -ms-transition: none; -o-transition: none}\n.mjx-svg-href {fill: blue; stroke: blue}\n</style><svg style=\"display: none;\"><defs id=\"MathJax_SVG_glyphs\"></defs></svg><p>Print an integer denoting the <em>zero-indexed</em> position of the character that makes <span style=\"font-size: 100%; display: inline-block;\" class=\"MathJax_SVG\" id=\"MathJax-Element-1-Frame\"><svg xmlns:xlink=\"http://www.w3.org/1999/xlink\" width=\"1.499ex\" height=\"2.176ex\" style=\"vertical-align: -0.338ex;\" viewBox=\"0 -791.3 645.5 936.9\" role=\"img\" focusable=\"false\"><g stroke=\"currentColor\" fill=\"currentColor\" stroke-width=\"0\" transform=\"matrix(1 0 0 -1 0 0)\"><path stroke-width=\"1\" d=\"M308 24Q367 24 416 76T466 197Q466 260 414 284Q308 311 278 321T236 341Q176 383 176 462Q176 523 208 573T273 648Q302 673 343 688T407 704H418H425Q521 704 564 640Q565 640 577 653T603 682T623 704Q624 704 627 704T632 705Q645 705 645 698T617 577T585 459T569 456Q549 456 549 465Q549 471 550 475Q550 478 551 494T553 520Q553 554 544 579T526 616T501 641Q465 662 419 662Q362 662 313 616T263 510Q263 480 278 458T319 427Q323 425 389 408T456 390Q490 379 522 342T554 242Q554 216 546 186Q541 164 528 137T492 78T426 18T332 -20Q320 -22 298 -22Q199 -22 144 33L134 44L106 13Q83 -14 78 -18T65 -22Q52 -22 52 -14Q52 -11 110 221Q112 227 130 227H143Q149 221 149 216Q149 214 148 207T144 186T142 153Q144 114 160 87T203 47T255 29T308 24Z\"></path></g></svg></span> not a palindrome; if <span style=\"font-size: 100%; display: inline-block;\" class=\"MathJax_SVG\" id=\"MathJax-Element-2-Frame\"><svg xmlns:xlink=\"http://www.w3.org/1999/xlink\" width=\"1.499ex\" height=\"2.176ex\" style=\"vertical-align: -0.338ex;\" viewBox=\"0 -791.3 645.5 936.9\" role=\"img\" focusable=\"false\"><g stroke=\"currentColor\" fill=\"currentColor\" stroke-width=\"0\" transform=\"matrix(1 0 0 -1 0 0)\"><path stroke-width=\"1\" d=\"M308 24Q367 24 416 76T466 197Q466 260 414 284Q308 311 278 321T236 341Q176 383 176 462Q176 523 208 573T273 648Q302 673 343 688T407 704H418H425Q521 704 564 640Q565 640 577 653T603 682T623 704Q624 704 627 704T632 705Q645 705 645 698T617 577T585 459T569 456Q549 456 549 465Q549 471 550 475Q550 478 551 494T553 520Q553 554 544 579T526 616T501 641Q465 662 419 662Q362 662 313 616T263 510Q263 480 278 458T319 427Q323 425 389 408T456 390Q490 379 522 342T554 242Q554 216 546 186Q541 164 528 137T492 78T426 18T332 -20Q320 -22 298 -22Q199 -22 144 33L134 44L106 13Q83 -14 78 -18T65 -22Q52 -22 52 -14Q52 -11 110 221Q112 227 130 227H143Q149 221 149 216Q149 214 148 207T144 186T142 153Q144 114 160 87T203 47T255 29T308 24Z\"></path></g></svg></span> is already a palindrome or no such character exists, print <span style=\"font-size: 100%; display: inline-block;\" class=\"MathJax_SVG\" id=\"MathJax-Element-3-Frame\"><svg xmlns:xlink=\"http://www.w3.org/1999/xlink\" width=\"2.971ex\" height=\"2.176ex\" style=\"vertical-align: -0.338ex;\" viewBox=\"0 -791.3 1279 936.9\" role=\"img\" focusable=\"false\"><g stroke=\"currentColor\" fill=\"currentColor\" stroke-width=\"0\" transform=\"matrix(1 0 0 -1 0 0)\"><path stroke-width=\"1\" d=\"M84 237T84 250T98 270H679Q694 262 694 250T679 230H98Q84 237 84 250Z\"></path><g transform=\"translate(778,0)\"><path stroke-width=\"1\" d=\"M213 578L200 573Q186 568 160 563T102 556H83V602H102Q149 604 189 617T245 641T273 663Q275 666 285 666Q294 666 302 660V361L303 61Q310 54 315 52T339 48T401 46H427V0H416Q395 3 257 3Q121 3 100 0H88V46H114Q136 46 152 46T177 47T193 50T201 52T207 57T213 61V578Z\"></path></g></g></svg></span>. </p></div></div></div><div class='challenge_sample_input'><div class='msB challenge_sample_input_title'><p><strong>Sample Input</strong></p></div><div class='msB challenge_sample_input_body'><div class='hackdown-content'><style id=\"MathJax_SVG_styles\">.MathJax_SVG_Display {text-align: center; margin: 1em 0em; position: relative; display: block!important; text-indent: 0; max-width: none; max-height: none; min-width: 0; min-height: 0; width: 100%}\n.MathJax_SVG .MJX-monospace {font-family: monospace}\n.MathJax_SVG .MJX-sans-serif {font-family: sans-serif}\n.MathJax_SVG {display: inline; font-style: normal; font-weight: normal; line-height: normal; font-size: 100%; font-size-adjust: none; text-indent: 0; text-align: left; text-transform: none; letter-spacing: normal; word-spacing: normal; word-wrap: normal; white-space: nowrap; float: none; direction: ltr; max-width: none; max-height: none; min-width: 0; min-height: 0; border: 0; padding: 0; margin: 0}\n.MathJax_SVG * {transition: none; -webkit-transition: none; -moz-transition: none; -ms-transition: none; -o-transition: none}\n.mjx-svg-href {fill: blue; stroke: blue}\n</style><svg style=\"display: none;\"><defs id=\"MathJax_SVG_glyphs\"></defs></svg><pre><code>3\naaab\nbaa\naaa\n</code></pre></div></div></div><div class='challenge_sample_output'><div class='msB challenge_sample_output_title'><p><strong>Sample Output</strong></p></div><div class='msB challenge_sample_output_body'><div class='hackdown-content'><style id=\"MathJax_SVG_styles\">.MathJax_SVG_Display {text-align: center; margin: 1em 0em; position: relative; display: block!important; text-indent: 0; max-width: none; max-height: none; min-width: 0; min-height: 0; width: 100%}\n.MathJax_SVG .MJX-monospace {font-family: monospace}\n.MathJax_SVG .MJX-sans-serif {font-family: sans-serif}\n.MathJax_SVG {display: inline; font-style: normal; font-weight: normal; line-height: normal; font-size: 100%; font-size-adjust: none; text-indent: 0; text-align: left; text-transform: none; letter-spacing: normal; word-spacing: normal; word-wrap: normal; white-space: nowrap; float: none; direction: ltr; max-width: none; max-height: none; min-width: 0; min-height: 0; border: 0; padding: 0; margin: 0}\n.MathJax_SVG * {transition: none; -webkit-transition: none; -moz-transition: none; -ms-transition: none; -o-transition: none}\n.mjx-svg-href {fill: blue; stroke: blue}\n</style><svg style=\"display: none;\"><defs id=\"MathJax_SVG_glyphs\"></defs></svg><pre><code>3\n0\n-1\n</code></pre></div></div></div><div class='challenge_explanation'><div class='msB challenge_explanation_title'><p><strong>Explanation</strong></p></div><div class='msB challenge_explanation_body'><div class='hackdown-content'><style id=\"MathJax_SVG_styles\">.MathJax_SVG_Display {text-align: center; margin: 1em 0em; position: relative; display: block!important; text-indent: 0; max-width: none; max-height: none; min-width: 0; min-height: 0; width: 100%}\n.MathJax_SVG .MJX-monospace {font-family: monospace}\n.MathJax_SVG .MJX-sans-serif {font-family: sans-serif}\n.MathJax_SVG {display: inline; font-style: normal; font-weight: normal; line-height: normal; font-size: 100%; font-size-adjust: none; text-indent: 0; text-align: left; text-transform: none; letter-spacing: normal; word-spacing: normal; word-wrap: normal; white-space: nowrap; float: none; direction: ltr; max-width: none; max-height: none; min-width: 0; min-height: 0; border: 0; padding: 0; margin: 0}\n.MathJax_SVG * {transition: none; -webkit-transition: none; -moz-transition: none; -ms-transition: none; -o-transition: none}\n.mjx-svg-href {fill: blue; stroke: blue}\n</style><svg style=\"display: none;\"><defs id=\"MathJax_SVG_glyphs\"></defs></svg><p><em>Test Case 1: \"aaab\"</em> <br>\nRemoving <em>'b'</em> at index <span style=\"font-size: 100%; display: inline-block;\" class=\"MathJax_SVG\" id=\"MathJax-Element-1-Frame\"><svg xmlns:xlink=\"http://www.w3.org/1999/xlink\" width=\"1.162ex\" height=\"2.176ex\" style=\"vertical-align: -0.338ex;\" viewBox=\"0 -791.3 500.5 936.9\" role=\"img\" focusable=\"false\"><g stroke=\"currentColor\" fill=\"currentColor\" stroke-width=\"0\" transform=\"matrix(1 0 0 -1 0 0)\"><path stroke-width=\"1\" d=\"M127 463Q100 463 85 480T69 524Q69 579 117 622T233 665Q268 665 277 664Q351 652 390 611T430 522Q430 470 396 421T302 350L299 348Q299 347 308 345T337 336T375 315Q457 262 457 175Q457 96 395 37T238 -22Q158 -22 100 21T42 130Q42 158 60 175T105 193Q133 193 151 175T169 130Q169 119 166 110T159 94T148 82T136 74T126 70T118 67L114 66Q165 21 238 21Q293 21 321 74Q338 107 338 175V195Q338 290 274 322Q259 328 213 329L171 330L168 332Q166 335 166 348Q166 366 174 366Q202 366 232 371Q266 376 294 413T322 525V533Q322 590 287 612Q265 626 240 626Q208 626 181 615T143 592T132 580H135Q138 579 143 578T153 573T165 566T175 555T183 540T186 520Q186 498 172 481T127 463Z\"></path></g></svg></span> results in a palindrome, so we print <span style=\"font-size: 100%; display: inline-block;\" class=\"MathJax_SVG\" id=\"MathJax-Element-2-Frame\"><svg xmlns:xlink=\"http://www.w3.org/1999/xlink\" width=\"1.162ex\" height=\"2.176ex\" style=\"vertical-align: -0.338ex;\" viewBox=\"0 -791.3 500.5 936.9\" role=\"img\" focusable=\"false\"><g stroke=\"currentColor\" fill=\"currentColor\" stroke-width=\"0\" transform=\"matrix(1 0 0 -1 0 0)\"><path stroke-width=\"1\" d=\"M127 463Q100 463 85 480T69 524Q69 579 117 622T233 665Q268 665 277 664Q351 652 390 611T430 522Q430 470 396 421T302 350L299 348Q299 347 308 345T337 336T375 315Q457 262 457 175Q457 96 395 37T238 -22Q158 -22 100 21T42 130Q42 158 60 175T105 193Q133 193 151 175T169 130Q169 119 166 110T159 94T148 82T136 74T126 70T118 67L114 66Q165 21 238 21Q293 21 321 74Q338 107 338 175V195Q338 290 274 322Q259 328 213 329L171 330L168 332Q166 335 166 348Q166 366 174 366Q202 366 232 371Q266 376 294 413T322 525V533Q322 590 287 612Q265 626 240 626Q208 626 181 615T143 592T132 580H135Q138 579 143 578T153 573T165 566T175 555T183 540T186 520Q186 498 172 481T127 463Z\"></path></g></svg></span> on a new line.     </p>\n\n<p><em>Test Case 2: \"baa\"</em> <br>\nRemoving <em>'b'</em> at index <span style=\"font-size: 100%; display: inline-block;\" class=\"MathJax_SVG\" id=\"MathJax-Element-3-Frame\"><svg xmlns:xlink=\"http://www.w3.org/1999/xlink\" width=\"1.162ex\" height=\"2.176ex\" style=\"vertical-align: -0.338ex;\" viewBox=\"0 -791.3 500.5 936.9\" role=\"img\" focusable=\"false\"><g stroke=\"currentColor\" fill=\"currentColor\" stroke-width=\"0\" transform=\"matrix(1 0 0 -1 0 0)\"><path stroke-width=\"1\" d=\"M96 585Q152 666 249 666Q297 666 345 640T423 548Q460 465 460 320Q460 165 417 83Q397 41 362 16T301 -15T250 -22Q224 -22 198 -16T137 16T82 83Q39 165 39 320Q39 494 96 585ZM321 597Q291 629 250 629Q208 629 178 597Q153 571 145 525T137 333Q137 175 145 125T181 46Q209 16 250 16Q290 16 318 46Q347 76 354 130T362 333Q362 478 354 524T321 597Z\"></path></g></svg></span> results in a palindrome, so we print <span style=\"font-size: 100%; display: inline-block;\" class=\"MathJax_SVG\" id=\"MathJax-Element-4-Frame\"><svg xmlns:xlink=\"http://www.w3.org/1999/xlink\" width=\"1.162ex\" height=\"2.176ex\" style=\"vertical-align: -0.338ex;\" viewBox=\"0 -791.3 500.5 936.9\" role=\"img\" focusable=\"false\"><g stroke=\"currentColor\" fill=\"currentColor\" stroke-width=\"0\" transform=\"matrix(1 0 0 -1 0 0)\"><path stroke-width=\"1\" d=\"M96 585Q152 666 249 666Q297 666 345 640T423 548Q460 465 460 320Q460 165 417 83Q397 41 362 16T301 -15T250 -22Q224 -22 198 -16T137 16T82 83Q39 165 39 320Q39 494 96 585ZM321 597Q291 629 250 629Q208 629 178 597Q153 571 145 525T137 333Q137 175 145 125T181 46Q209 16 250 16Q290 16 318 46Q347 76 354 130T362 333Q362 478 354 524T321 597Z\"></path></g></svg></span> on a new line.</p>\n\n<p><em>Test Case 3: \"aaa\"</em> <br>\nThis string is already a palindrome, so we print <span style=\"font-size: 100%; display: inline-block;\" class=\"MathJax_SVG\" id=\"MathJax-Element-5-Frame\"><svg xmlns:xlink=\"http://www.w3.org/1999/xlink\" width=\"2.971ex\" height=\"2.176ex\" style=\"vertical-align: -0.338ex;\" viewBox=\"0 -791.3 1279 936.9\" role=\"img\" focusable=\"false\"><g stroke=\"currentColor\" fill=\"currentColor\" stroke-width=\"0\" transform=\"matrix(1 0 0 -1 0 0)\"><path stroke-width=\"1\" d=\"M84 237T84 250T98 270H679Q694 262 694 250T679 230H98Q84 237 84 250Z\"></path><g transform=\"translate(778,0)\"><path stroke-width=\"1\" d=\"M213 578L200 573Q186 568 160 563T102 556H83V602H102Q149 604 189 617T245 641T273 663Q275 666 285 666Q294 666 302 660V361L303 61Q310 54 315 52T339 48T401 46H427V0H416Q395 3 257 3Q121 3 100 0H88V46H114Q136 46 152 46T177 47T193 50T201 52T207 57T213 61V578Z\"></path></g></g></svg></span>; however, <span style=\"font-size: 100%; display: inline-block;\" class=\"MathJax_SVG\" id=\"MathJax-Element-6-Frame\"><svg xmlns:xlink=\"http://www.w3.org/1999/xlink\" width=\"1.162ex\" height=\"2.176ex\" style=\"vertical-align: -0.338ex;\" viewBox=\"0 -791.3 500.5 936.9\" role=\"img\" focusable=\"false\"><g stroke=\"currentColor\" fill=\"currentColor\" stroke-width=\"0\" transform=\"matrix(1 0 0 -1 0 0)\"><path stroke-width=\"1\" d=\"M96 585Q152 666 249 666Q297 666 345 640T423 548Q460 465 460 320Q460 165 417 83Q397 41 362 16T301 -15T250 -22Q224 -22 198 -16T137 16T82 83Q39 165 39 320Q39 494 96 585ZM321 597Q291 629 250 629Q208 629 178 597Q153 571 145 525T137 333Q137 175 145 125T181 46Q209 16 250 16Q290 16 318 46Q347 76 354 130T362 333Q362 478 354 524T321 597Z\"></path></g></svg></span>, <span style=\"font-size: 100%; display: inline-block;\" class=\"MathJax_SVG\" id=\"MathJax-Element-7-Frame\"><svg xmlns:xlink=\"http://www.w3.org/1999/xlink\" width=\"1.162ex\" height=\"2.176ex\" style=\"vertical-align: -0.338ex;\" viewBox=\"0 -791.3 500.5 936.9\" role=\"img\" focusable=\"false\"><g stroke=\"currentColor\" fill=\"currentColor\" stroke-width=\"0\" transform=\"matrix(1 0 0 -1 0 0)\"><path stroke-width=\"1\" d=\"M213 578L200 573Q186 568 160 563T102 556H83V602H102Q149 604 189 617T245 641T273 663Q275 666 285 666Q294 666 302 660V361L303 61Q310 54 315 52T339 48T401 46H427V0H416Q395 3 257 3Q121 3 100 0H88V46H114Q136 46 152 46T177 47T193 50T201 52T207 57T213 61V578Z\"></path></g></svg></span>, and <span style=\"font-size: 100%; display: inline-block;\" class=\"MathJax_SVG\" id=\"MathJax-Element-8-Frame\"><svg xmlns:xlink=\"http://www.w3.org/1999/xlink\" width=\"1.162ex\" height=\"2.176ex\" style=\"vertical-align: -0.338ex;\" viewBox=\"0 -791.3 500.5 936.9\" role=\"img\" focusable=\"false\"><g stroke=\"currentColor\" fill=\"currentColor\" stroke-width=\"0\" transform=\"matrix(1 0 0 -1 0 0)\"><path stroke-width=\"1\" d=\"M109 429Q82 429 66 447T50 491Q50 562 103 614T235 666Q326 666 387 610T449 465Q449 422 429 383T381 315T301 241Q265 210 201 149L142 93L218 92Q375 92 385 97Q392 99 409 186V189H449V186Q448 183 436 95T421 3V0H50V19V31Q50 38 56 46T86 81Q115 113 136 137Q145 147 170 174T204 211T233 244T261 278T284 308T305 340T320 369T333 401T340 431T343 464Q343 527 309 573T212 619Q179 619 154 602T119 569T109 550Q109 549 114 549Q132 549 151 535T170 489Q170 464 154 447T109 429Z\"></path></g></svg></span> are also all acceptable answers, as the string will still be a palindrome if any one of the characters at those indices are removed.</p>\n\n<p><strong>Note:</strong> The custom checker logic for this challenge is available <a href=\"https://gist.github.com/shashank21j/58df3865a95bf960092c\">here</a>.</p></div></div></div>", 
        "haskell_template_head": "", 
        "max_score": 25, 
        "user_score": 0, 
        "requirements_description": null, 
        "created_at": "2014-02-06T17:33:36.000Z", 
        "countdown_time": 0, 
        "objectivec_template": "#import <Foundation/Foundation.h>\n\nint main(int argc, const char * argv[]) {\n    NSAutoreleasePool *pool = [[NSAutoreleasePool alloc] init];\n    int q;\n    scanf(\"%i\",&q);\n    for(int a0 = 0; a0 < q; a0++){\n        NSString* s;\n        char* s_temp = (char *)malloc(512000 * sizeof(char));\n        scanf(\"%s\",s_temp);\n        s = [NSString stringWithFormat:@\"%s\", s_temp];\n    }\n    [pool drain];\n    return 0;\n}\n\n", 
        "csharp_template_tail": "", 
        "lua_template_tail": "", 
        "perl_template_head": ""
    }
}